CustomerID,CustomerName,City,Age,Gender,LoyaltyTier
C00001,Aarav Sharma,Mumbai,52,Male,Silver
C00002,Vivaan Sharma,Mumbai,37,Female,Silver
C00003,Aditya Sharma,Mumbai,57,Female,Bronze
C00004,Arjun Sharma,Pune,27,Female,Gold
C00005,Sai Sharma,Hyderabad,52,Female,Silver
C00006,Rahul Sharma,Chennai,24,Female,Silver
C00007,Karthik Sharma,Bengaluru,39,Male,Silver
C00008,Surya Sharma,Hyderabad,56,Male,Gold
C00009,Vikram Sharma,Hyderabad,52,Male,Bronze
C00010,Rohan Sharma,Bengaluru,54,Female,Silver
C00011,Ananya Sharma,Bengaluru,41,Male,Bronze
C00012,Diya Sharma,Mumbai,29,Female,Bronze
C00013,Priya Sharma,Chennai,58,Male,Silver
C00014,Meera Sharma,Bengaluru,58,Male,Silver
C00015,Nisha Sharma,Mumbai,45,Female,Bronze
C00016,Sneha Sharma,Mumbai,21,Female,Gold
C00017,Aishwarya Sharma,Chennai,19,Female,Bronze
C00018,Kavya Sharma,Hyderabad,45,Male,Bronze
C00019,Harini Sharma,Mumbai,40,Female,Gold
C00020,Divya Sharma,Mumbai,60,Female,Bronze
C00021,Aarav Patel,Hyderabad,23,Female,Bronze
C00022,Vivaan Patel,Pune,51,Male,Silver
C00023,Aditya Patel,Chennai,34,Male,Silver
C00024,Arjun Patel,Bengaluru,59,Female,Gold
C00025,Sai Patel,Pune,34,Male,Silver
C00026,Rahul Patel,Chennai,37,Female,Gold
C00027,Karthik Patel,Chennai,29,Female,Bronze
C00028,Surya Patel,Mumbai,53,Female,Gold
C00029,Vikram Patel,Chennai,42,Female,Gold
C00030,Rohan Patel,Chennai,42,Male,Gold
C00031,Ananya Patel,Bengaluru,58,Female,Bronze
C00032,Diya Patel,Mumbai,36,Female,Bronze
C00033,Priya Patel,Mumbai,18,Male,Gold
C00034,Meera Patel,Pune,48,Female,Silver
C00035,Nisha Patel,Pune,49,Female,Gold
C00036,Sneha Patel,Bengaluru,59,Female,Bronze
C00037,Aishwarya Patel,Bengaluru,23,Male,Gold
C00038,Kavya Patel,Hyderabad,54,Female,Silver
C00039,Harini Patel,Chennai,40,Female,Bronze
C00040,Divya Patel,Bengaluru,23,Male,Bronze
C00041,Aarav Reddy,Bengaluru,52,Female,Bronze
C00042,Vivaan Reddy,Chennai,43,Male,Bronze
C00043,Aditya Reddy,Hyderabad,19,Male,Bronze
C00044,Arjun Reddy,Pune,54,Male,Silver
C00045,Sai Reddy,Chennai,28,Female,Bronze
C00046,Rahul Reddy,Hyderabad,48,Male,Bronze
C00047,Karthik Reddy,Pune,22,Male,Gold
C00048,Surya Reddy,Bengaluru,28,Male,Gold
C00049,Vikram Reddy,Hyderabad,55,Female,Silver
C00050,Rohan Reddy,Bengaluru,33,Female,Bronze
C00051,Ananya Reddy,Mumbai,24,Male,Gold
C00052,Diya Reddy,Bengaluru,39,Female,Bronze
C00053,Priya Reddy,Mumbai,29,Male,Bronze
C00054,Meera Reddy,Pune,47,Male,Gold
C00055,Nisha Reddy,Hyderabad,23,Male,Bronze
C00056,Sneha Reddy,Mumbai,48,Male,Silver
C00057,Aishwarya Reddy,Chennai,32,Female,Silver
C00058,Kavya Reddy,Pune,42,Female,Gold
C00059,Harini Reddy,Hyderabad,47,Male,Bronze
C00060,Divya Reddy,Hyderabad,26,Male,Gold
C00061,Aarav Kumar,Pune,28,Male,Silver
C00062,Vivaan Kumar,Bengaluru,28,Female,Gold
C00063,Aditya Kumar,Bengaluru,47,Male,Bronze
C00064,Arjun Kumar,Mumbai,31,Male,Gold
C00065,Sai Kumar,Pune,45,Female,Silver
C00066,Rahul Kumar,Pune,39,Male,Silver
C00067,Karthik Kumar,Hyderabad,58,Female,Silver
C00068,Surya Kumar,Pune,37,Male,Silver
C00069,Vikram Kumar,Chennai,54,Female,Bronze
C00070,Rohan Kumar,Pune,43,Female,Silver
C00071,Ananya Kumar,Chennai,56,Male,Gold
C00072,Diya Kumar,Hyderabad,27,Female,Silver
C00073,Priya Kumar,Chennai,33,Male,Bronze
C00074,Meera Kumar,Hyderabad,35,Female,Gold
C00075,Nisha Kumar,Pune,43,Female,Gold
C00076,Sneha Kumar,Hyderabad,23,Male,Silver
C00077,Aishwarya Kumar,Hyderabad,52,Female,Bronze
C00078,Kavya Kumar,Chennai,53,Female,Gold
C00079,Harini Kumar,Bengaluru,52,Male,Gold
C00080,Divya Kumar,Hyderabad,36,Female,Silver
C00081,Aarav Singh,Mumbai,32,Female,Bronze
C00082,Vivaan Singh,Chennai,55,Male,Bronze
C00083,Aditya Singh,Bengaluru,46,Male,Silver
C00084,Arjun Singh,Pune,28,Female,Silver
C00085,Sai Singh,Pune,47,Female,Silver
C00086,Rahul Singh,Chennai,52,Male,Silver
C00087,Karthik Singh,Bengaluru,42,Male,Bronze
C00088,Surya Singh,Hyderabad,26,Male,Bronze
C00089,Vikram Singh,Hyderabad,24,Female,Silver
C00090,Rohan Singh,Bengaluru,27,Male,Silver
C00091,Ananya Singh,Chennai,50,Male,Silver
C00092,Diya Singh,Hyderabad,53,Male,Gold
C00093,Priya Singh,Mumbai,54,Female,Gold
C00094,Meera Singh,Bengaluru,42,Female,Bronze
C00095,Nisha Singh,Chennai,26,Female,Bronze
C00096,Sneha Singh,Chennai,57,Female,Bronze
C00097,Aishwarya Singh,Chennai,19,Female,Silver
C00098,Kavya Singh,Chennai,32,Female,Gold
C00099,Harini Singh,Bengaluru,55,Male,Silver
C00100,Divya Singh,Bengaluru,54,Female,Silver
C00101,Aarav Iyer,Bengaluru,35,Female,Silver
C00102,Vivaan Iyer,Hyderabad,46,Male,Bronze
C00103,Aditya Iyer,Pune,45,Male,Bronze
C00104,Arjun Iyer,Pune,32,Male,Bronze
C00105,Sai Iyer,Pune,51,Male,Bronze
C00106,Rahul Iyer,Hyderabad,41,Male,Silver
C00107,Karthik Iyer,Hyderabad,28,Male,Silver
C00108,Surya Iyer,Bengaluru,36,Male,Bronze
C00109,Vikram Iyer,Mumbai,18,Female,Bronze
C00110,Rohan Iyer,Hyderabad,60,Female,Bronze
C00111,Ananya Iyer,Hyderabad,42,Male,Bronze
C00112,Diya Iyer,Pune,20,Male,Bronze
C00113,Priya Iyer,Chennai,39,Male,Bronze
C00114,Meera Iyer,Chennai,50,Female,Gold
C00115,Nisha Iyer,Bengaluru,59,Female,Bronze
C00116,Sneha Iyer,Pune,26,Female,Silver
C00117,Aishwarya Iyer,Hyderabad,51,Male,Silver
C00118,Kavya Iyer,Mumbai,39,Male,Gold
C00119,Harini Iyer,Mumbai,23,Male,Silver
C00120,Divya Iyer,Chennai,43,Female,Silver
C00121,Aarav Nair,Pune,36,Male,Gold
C00122,Vivaan Nair,Bengaluru,30,Male,Gold
C00123,Aditya Nair,Mumbai,42,Male,Silver
C00124,Arjun Nair,Chennai,35,Male,Silver
C00125,Sai Nair,Chennai,34,Male,Bronze
C00126,Rahul Nair,Hyderabad,56,Female,Silver
C00127,Karthik Nair,Pune,42,Male,Silver
C00128,Surya Nair,Bengaluru,33,Male,Silver
C00129,Vikram Nair,Mumbai,44,Male,Gold
C00130,Rohan Nair,Pune,25,Male,Silver
C00131,Ananya Nair,Chennai,50,Female,Bronze
C00132,Diya Nair,Pune,35,Male,Silver
C00133,Priya Nair,Mumbai,34,Female,Gold
C00134,Meera Nair,Bengaluru,48,Female,Gold
C00135,Nisha Nair,Bengaluru,39,Female,Gold
C00136,Sneha Nair,Pune,39,Male,Gold
C00137,Aishwarya Nair,Hyderabad,50,Female,Gold
C00138,Kavya Nair,Chennai,50,Male,Gold
C00139,Harini Nair,Pune,18,Female,Bronze
C00140,Divya Nair,Bengaluru,44,Male,Bronze
C00141,Aarav Verma,Pune,60,Male,Gold
C00142,Vivaan Verma,Chennai,53,Female,Bronze
C00143,Aditya Verma,Bengaluru,33,Male,Bronze
C00144,Arjun Verma,Chennai,51,Female,Silver
C00145,Sai Verma,Bengaluru,48,Male,Silver
C00146,Rahul Verma,Mumbai,54,Female,Bronze
C00147,Karthik Verma,Pune,58,Female,Bronze
C00148,Surya Verma,Mumbai,26,Male,Bronze
C00149,Vikram Verma,Bengaluru,54,Female,Silver
C00150,Rohan Verma,Pune,49,Male,Gold
C00151,Ananya Verma,Chennai,50,Male,Bronze
C00152,Diya Verma,Mumbai,32,Female,Gold
C00153,Priya Verma,Bengaluru,27,Female,Silver
C00154,Meera Verma,Chennai,23,Male,Silver
C00155,Nisha Verma,Hyderabad,52,Male,Silver
C00156,Sneha Verma,Hyderabad,58,Male,Silver
C00157,Aishwarya Verma,Chennai,56,Male,Silver
C00158,Kavya Verma,Mumbai,37,Male,Gold
C00159,Harini Verma,Chennai,37,Male,Silver
C00160,Divya Verma,Mumbai,55,Male,Gold
C00161,Aarav Gupta,Hyderabad,37,Male,Bronze
C00162,Vivaan Gupta,Mumbai,37,Male,Gold
C00163,Aditya Gupta,Bengaluru,30,Female,Gold
C00164,Arjun Gupta,Chennai,49,Female,Gold
C00165,Sai Gupta,Bengaluru,48,Female,Gold
C00166,Rahul Gupta,Bengaluru,26,Female,Bronze
C00167,Karthik Gupta,Bengaluru,51,Male,Gold
C00168,Surya Gupta,Mumbai,36,Male,Bronze
C00169,Vikram Gupta,Pune,52,Male,Bronze
C00170,Rohan Gupta,Pune,39,Male,Gold
C00171,Ananya Gupta,Chennai,49,Male,Gold
C00172,Diya Gupta,Hyderabad,32,Female,Bronze
C00173,Priya Gupta,Bengaluru,58,Female,Bronze
C00174,Meera Gupta,Chennai,37,Female,Bronze
C00175,Nisha Gupta,Chennai,36,Male,Silver
C00176,Sneha Gupta,Mumbai,53,Male,Silver
C00177,Aishwarya Gupta,Hyderabad,53,Female,Silver
C00178,Kavya Gupta,Pune,33,Male,Gold
C00179,Harini Gupta,Chennai,43,Female,Gold
C00180,Divya Gupta,Bengaluru,24,Female,Silver
C00181,Aarav Rao,Mumbai,28,Female,Silver
C00182,Vivaan Rao,Pune,44,Male,Bronze
C00183,Aditya Rao,Pune,50,Male,Gold
C00184,Arjun Rao,Hyderabad,55,Female,Silver
C00185,Sai Rao,Mumbai,57,Male,Bronze
C00186,Rahul Rao,Chennai,21,Female,Bronze
C00187,Karthik Rao,Mumbai,30,Female,Silver
C00188,Surya Rao,Mumbai,46,Male,Silver
C00189,Vikram Rao,Bengaluru,52,Female,Gold
C00190,Rohan Rao,Bengaluru,34,Male,Gold
C00191,Ananya Rao,Mumbai,49,Female,Silver
C00192,Diya Rao,Pune,33,Female,Gold
C00193,Priya Rao,Hyderabad,19,Male,Gold
C00194,Meera Rao,Mumbai,43,Male,Gold
C00195,Nisha Rao,Bengaluru,56,Male,Silver
C00196,Sneha Rao,Mumbai,44,Male,Bronze
C00197,Aishwarya Rao,Hyderabad,60,Male,Silver
C00198,Kavya Rao,Bengaluru,41,Female,Gold
C00199,Harini Rao,Bengaluru,53,Male,Bronze
C00200,Divya Rao,Mumbai,42,Male,Gold
C00201,Aarav Sharma,Pune,18,Male,Silver
C00202,Vivaan Sharma,Pune,33,Female,Silver
C00203,Aditya Sharma,Chennai,20,Female,Silver
C00204,Arjun Sharma,Mumbai,46,Male,Silver
C00205,Sai Sharma,Mumbai,23,Male,Silver
C00206,Rahul Sharma,Pune,36,Female,Gold
C00207,Karthik Sharma,Mumbai,20,Female,Silver
C00208,Surya Sharma,Bengaluru,18,Male,Gold
C00209,Vikram Sharma,Hyderabad,31,Female,Gold
C00210,Rohan Sharma,Pune,34,Female,Gold
C00211,Ananya Sharma,Bengaluru,51,Male,Bronze
C00212,Diya Sharma,Mumbai,24,Female,Gold
C00213,Priya Sharma,Bengaluru,55,Male,Silver
C00214,Meera Sharma,Chennai,19,Male,Gold
C00215,Nisha Sharma,Pune,24,Male,Gold
C00216,Sneha Sharma,Chennai,52,Male,Gold
C00217,Aishwarya Sharma,Pune,35,Female,Silver
C00218,Kavya Sharma,Bengaluru,37,Male,Silver
C00219,Harini Sharma,Chennai,49,Male,Gold
C00220,Divya Sharma,Hyderabad,26,Male,Bronze
C00221,Aarav Patel,Hyderabad,59,Male,Silver
C00222,Vivaan Patel,Hyderabad,60,Female,Gold
C00223,Aditya Patel,Mumbai,34,Female,Silver
C00224,Arjun Patel,Chennai,52,Male,Bronze
C00225,Sai Patel,Hyderabad,60,Female,Silver
C00226,Rahul Patel,Mumbai,36,Male,Bronze
C00227,Karthik Patel,Chennai,32,Male,Bronze
C00228,Surya Patel,Bengaluru,33,Female,Bronze
C00229,Vikram Patel,Hyderabad,22,Male,Silver
C00230,Rohan Patel,Chennai,45,Female,Bronze
C00231,Ananya Patel,Bengaluru,45,Female,Silver
C00232,Diya Patel,Pune,57,Female,Gold
C00233,Priya Patel,Chennai,52,Male,Silver
C00234,Meera Patel,Mumbai,49,Male,Silver
C00235,Nisha Patel,Hyderabad,36,Female,Bronze
C00236,Sneha Patel,Pune,38,Female,Bronze
C00237,Aishwarya Patel,Hyderabad,42,Female,Silver
C00238,Kavya Patel,Mumbai,45,Male,Gold
C00239,Harini Patel,Chennai,30,Male,Bronze
C00240,Divya Patel,Mumbai,46,Male,Silver
C00241,Aarav Reddy,Chennai,53,Female,Bronze
C00242,Vivaan Reddy,Mumbai,22,Male,Silver
C00243,Aditya Reddy,Mumbai,43,Female,Bronze
C00244,Arjun Reddy,Chennai,44,Female,Silver
C00245,Sai Reddy,Pune,23,Male,Bronze
C00246,Rahul Reddy,Pune,57,Female,Gold
C00247,Karthik Reddy,Chennai,51,Female,Silver
C00248,Surya Reddy,Chennai,43,Female,Bronze
C00249,Vikram Reddy,Pune,45,Male,Bronze
C00250,Rohan Reddy,Chennai,19,Male,Silver
C00251,Ananya Reddy,Hyderabad,55,Female,Bronze
C00252,Diya Reddy,Bengaluru,40,Male,Gold
C00253,Priya Reddy,Pune,57,Male,Bronze
C00254,Meera Reddy,Pune,39,Male,Silver
C00255,Nisha Reddy,Mumbai,39,Female,Gold
C00256,Sneha Reddy,Hyderabad,25,Female,Gold
C00257,Aishwarya Reddy,Bengaluru,46,Female,Bronze
C00258,Kavya Reddy,Hyderabad,19,Female,Bronze
C00259,Harini Reddy,Pune,60,Female,Bronze
C00260,Divya Reddy,Hyderabad,49,Female,Gold
C00261,Aarav Kumar,Bengaluru,53,Female,Silver
C00262,Vivaan Kumar,Chennai,56,Male,Gold
C00263,Aditya Kumar,Mumbai,18,Male,Silver
C00264,Arjun Kumar,Bengaluru,20,Female,Bronze
C00265,Sai Kumar,Chennai,53,Male,Gold
C00266,Rahul Kumar,Chennai,20,Female,Bronze
C00267,Karthik Kumar,Bengaluru,30,Male,Gold
C00268,Surya Kumar,Bengaluru,58,Male,Gold
C00269,Vikram Kumar,Chennai,28,Female,Bronze
C00270,Rohan Kumar,Mumbai,49,Female,Silver
C00271,Ananya Kumar,Hyderabad,47,Male,Bronze
C00272,Diya Kumar,Pune,56,Female,Bronze
C00273,Priya Kumar,Mumbai,32,Female,Silver
C00274,Meera Kumar,Chennai,25,Male,Gold
C00275,Nisha Kumar,Hyderabad,24,Female,Gold
C00276,Sneha Kumar,Bengaluru,24,Male,Gold
C00277,Aishwarya Kumar,Mumbai,40,Female,Bronze
C00278,Kavya Kumar,Bengaluru,57,Female,Gold
C00279,Harini Kumar,Bengaluru,35,Female,Bronze
C00280,Divya Kumar,Mumbai,45,Female,Silver
C00281,Aarav Singh,Hyderabad,34,Male,Gold
C00282,Vivaan Singh,Chennai,35,Female,Bronze
C00283,Aditya Singh,Chennai,44,Male,Gold
C00284,Arjun Singh,Mumbai,27,Female,Bronze
C00285,Sai Singh,Mumbai,28,Male,Silver
C00286,Rahul Singh,Mumbai,19,Female,Gold
C00287,Karthik Singh,Mumbai,47,Male,Silver
C00288,Surya Singh,Bengaluru,55,Female,Bronze
C00289,Vikram Singh,Chennai,36,Female,Gold
C00290,Rohan Singh,Pune,35,Male,Silver
C00291,Ananya Singh,Chennai,51,Male,Silver
C00292,Diya Singh,Hyderabad,30,Female,Silver
C00293,Priya Singh,Pune,58,Female,Silver
C00294,Meera Singh,Mumbai,20,Female,Silver
C00295,Nisha Singh,Mumbai,22,Female,Bronze
C00296,Sneha Singh,Mumbai,40,Female,Bronze
C00297,Aishwarya Singh,Chennai,30,Female,Gold
C00298,Kavya Singh,Hyderabad,46,Male,Gold
C00299,Harini Singh,Bengaluru,53,Male,Bronze
C00300,Divya Singh,Chennai,47,Male,Bronze
C00301,Aarav Iyer,Bengaluru,35,Female,Silver
C00302,Vivaan Iyer,Mumbai,54,Male,Gold
C00303,Aditya Iyer,Pune,28,Female,Bronze
C00304,Arjun Iyer,Chennai,50,Male,Bronze
C00305,Sai Iyer,Hyderabad,35,Female,Bronze
C00306,Rahul Iyer,Chennai,41,Female,Gold
C00307,Karthik Iyer,Chennai,24,Male,Bronze
C00308,Surya Iyer,Mumbai,32,Male,Gold
C00309,Vikram Iyer,Bengaluru,54,Male,Gold
C00310,Rohan Iyer,Hyderabad,18,Male,Bronze
C00311,Ananya Iyer,Mumbai,59,Female,Silver
C00312,Diya Iyer,Mumbai,45,Male,Gold
C00313,Priya Iyer,Bengaluru,34,Male,Gold
C00314,Meera Iyer,Chennai,48,Male,Bronze
C00315,Nisha Iyer,Bengaluru,55,Female,Bronze
C00316,Sneha Iyer,Hyderabad,41,Female,Gold
C00317,Aishwarya Iyer,Mumbai,23,Female,Gold
C00318,Kavya Iyer,Chennai,59,Male,Gold
C00319,Harini Iyer,Mumbai,27,Female,Silver
C00320,Divya Iyer,Hyderabad,59,Female,Silver
C00321,Aarav Nair,Pune,46,Female,Bronze
C00322,Vivaan Nair,Mumbai,35,Male,Bronze
C00323,Aditya Nair,Mumbai,22,Male,Gold
C00324,Arjun Nair,Hyderabad,27,Male,Gold
C00325,Sai Nair,Mumbai,31,Female,Silver
C00326,Rahul Nair,Mumbai,46,Female,Silver
C00327,Karthik Nair,Hyderabad,56,Male,Bronze
C00328,Surya Nair,Hyderabad,49,Female,Silver
C00329,Vikram Nair,Chennai,24,Female,Gold
C00330,Rohan Nair,Pune,56,Female,Gold
C00331,Ananya Nair,Chennai,55,Female,Silver
C00332,Diya Nair,Chennai,54,Male,Bronze
C00333,Priya Nair,Hyderabad,48,Female,Gold
C00334,Meera Nair,Chennai,21,Female,Bronze
C00335,Nisha Nair,Mumbai,48,Female,Bronze
C00336,Sneha Nair,Bengaluru,55,Male,Silver
C00337,Aishwarya Nair,Pune,36,Male,Bronze
C00338,Kavya Nair,Mumbai,33,Female,Gold
C00339,Harini Nair,Chennai,41,Female,Bronze
C00340,Divya Nair,Chennai,18,Female,Silver
C00341,Aarav Verma,Pune,54,Male,Silver
C00342,Vivaan Verma,Hyderabad,48,Female,Bronze
C00343,Aditya Verma,Bengaluru,44,Male,Bronze
C00344,Arjun Verma,Hyderabad,33,Female,Bronze
C00345,Sai Verma,Bengaluru,25,Male,Bronze
C00346,Rahul Verma,Chennai,31,Male,Bronze
C00347,Karthik Verma,Hyderabad,38,Male,Gold
C00348,Surya Verma,Chennai,34,Male,Bronze
C00349,Vikram Verma,Hyderabad,32,Female,Bronze
C00350,Rohan Verma,Chennai,49,Male,Silver
C00351,Ananya Verma,Hyderabad,33,Male,Silver
C00352,Diya Verma,Hyderabad,18,Female,Gold
C00353,Priya Verma,Mumbai,60,Female,Bronze
C00354,Meera Verma,Chennai,46,Female,Silver
C00355,Nisha Verma,Pune,48,Male,Silver
C00356,Sneha Verma,Bengaluru,28,Female,Bronze
C00357,Aishwarya Verma,Mumbai,34,Female,Bronze
C00358,Kavya Verma,Hyderabad,33,Female,Silver
C00359,Harini Verma,Pune,48,Male,Silver
C00360,Divya Verma,Hyderabad,59,Female,Gold
C00361,Aarav Gupta,Mumbai,58,Male,Bronze
C00362,Vivaan Gupta,Mumbai,33,Female,Gold
C00363,Aditya Gupta,Bengaluru,44,Female,Silver
C00364,Arjun Gupta,Mumbai,38,Female,Gold
C00365,Sai Gupta,Hyderabad,39,Female,Bronze
C00366,Rahul Gupta,Mumbai,59,Male,Silver
C00367,Karthik Gupta,Hyderabad,47,Female,Silver
C00368,Surya Gupta,Bengaluru,24,Male,Silver
C00369,Vikram Gupta,Mumbai,37,Male,Gold
C00370,Rohan Gupta,Chennai,25,Female,Silver
C00371,Ananya Gupta,Chennai,33,Male,Silver
C00372,Diya Gupta,Mumbai,32,Female,Gold
C00373,Priya Gupta,Hyderabad,22,Female,Gold
C00374,Meera Gupta,Hyderabad,34,Female,Silver
C00375,Nisha Gupta,Pune,49,Male,Silver
C00376,Sneha Gupta,Chennai,47,Male,Gold
C00377,Aishwarya Gupta,Pune,46,Male,Gold
C00378,Kavya Gupta,Pune,44,Male,Bronze
C00379,Harini Gupta,Chennai,26,Female,Gold
C00380,Divya Gupta,Pune,56,Female,Silver
C00381,Aarav Rao,Mumbai,37,Female,Bronze
C00382,Vivaan Rao,Pune,43,Female,Silver
C00383,Aditya Rao,Hyderabad,56,Male,Bronze
C00384,Arjun Rao,Chennai,20,Male,Gold
C00385,Sai Rao,Hyderabad,57,Female,Gold
C00386,Rahul Rao,Chennai,44,Male,Silver
C00387,Karthik Rao,Chennai,30,Male,Silver
C00388,Surya Rao,Hyderabad,26,Male,Bronze
C00389,Vikram Rao,Bengaluru,19,Female,Bronze
C00390,Rohan Rao,Chennai,23,Male,Gold
C00391,Ananya Rao,Hyderabad,47,Male,Bronze
C00392,Diya Rao,Bengaluru,55,Male,Gold
C00393,Priya Rao,Pune,34,Male,Bronze
C00394,Meera Rao,Chennai,58,Male,Bronze
C00395,Nisha Rao,Bengaluru,34,Male,Bronze
C00396,Sneha Rao,Bengaluru,56,Male,Gold
C00397,Aishwarya Rao,Mumbai,55,Female,Gold
C00398,Kavya Rao,Mumbai,57,Male,Silver
C00399,Harini Rao,Bengaluru,18,Female,Bronze
C00400,Divya Rao,Bengaluru,39,Female,Bronze
C00401,Aarav Sharma,Hyderabad,33,Female,Bronze
C00402,Vivaan Sharma,Mumbai,33,Male,Gold
C00403,Aditya Sharma,Chennai,45,Female,Silver
C00404,Arjun Sharma,Bengaluru,43,Female,Bronze
C00405,Sai Sharma,Hyderabad,41,Female,Gold
C00406,Rahul Sharma,Chennai,35,Female,Bronze
C00407,Karthik Sharma,Bengaluru,34,Male,Silver
C00408,Surya Sharma,Chennai,41,Male,Gold
C00409,Vikram Sharma,Chennai,21,Female,Bronze
C00410,Rohan Sharma,Chennai,25,Female,Silver
C00411,Ananya Sharma,Chennai,38,Male,Silver
C00412,Diya Sharma,Pune,41,Male,Bronze
C00413,Priya Sharma,Pune,23,Female,Bronze
C00414,Meera Sharma,Pune,22,Female,Gold
C00415,Nisha Sharma,Pune,26,Male,Bronze
C00416,Sneha Sharma,Bengaluru,58,Female,Silver
C00417,Aishwarya Sharma,Pune,23,Male,Silver
C00418,Kavya Sharma,Hyderabad,47,Male,Bronze
C00419,Harini Sharma,Chennai,43,Male,Bronze
C00420,Divya Sharma,Mumbai,32,Female,Bronze
C00421,Aarav Patel,Pune,36,Male,Bronze
C00422,Vivaan Patel,Pune,35,Female,Silver
C00423,Aditya Patel,Mumbai,47,Male,Silver
C00424,Arjun Patel,Hyderabad,40,Female,Silver
C00425,Sai Patel,Mumbai,59,Male,Bronze
C00426,Rahul Patel,Bengaluru,53,Male,Gold
C00427,Karthik Patel,Pune,40,Female,Silver
C00428,Surya Patel,Hyderabad,29,Female,Gold
C00429,Vikram Patel,Hyderabad,21,Male,Silver
C00430,Rohan Patel,Mumbai,50,Female,Bronze
C00431,Ananya Patel,Hyderabad,42,Female,Silver
C00432,Diya Patel,Hyderabad,19,Female,Silver
C00433,Priya Patel,Bengaluru,42,Male,Silver
C00434,Meera Patel,Mumbai,53,Female,Gold
C00435,Nisha Patel,Chennai,44,Female,Silver
C00436,Sneha Patel,Hyderabad,35,Female,Silver
C00437,Aishwarya Patel,Bengaluru,33,Male,Silver
C00438,Kavya Patel,Hyderabad,20,Female,Gold
C00439,Harini Patel,Bengaluru,18,Male,Gold
C00440,Divya Patel,Chennai,34,Female,Gold
C00441,Aarav Reddy,Mumbai,39,Female,Silver
C00442,Vivaan Reddy,Chennai,45,Female,Gold
C00443,Aditya Reddy,Pune,52,Male,Silver
C00444,Arjun Reddy,Chennai,48,Male,Bronze
C00445,Sai Reddy,Hyderabad,29,Female,Silver
C00446,Rahul Reddy,Chennai,35,Female,Gold
C00447,Karthik Reddy,Mumbai,22,Female,Gold
C00448,Surya Reddy,Bengaluru,19,Female,Silver
C00449,Vikram Reddy,Chennai,31,Male,Silver
C00450,Rohan Reddy,Bengaluru,46,Female,Bronze
C00451,Ananya Reddy,Mumbai,47,Female,Bronze
C00452,Diya Reddy,Chennai,30,Male,Bronze
C00453,Priya Reddy,Chennai,29,Female,Bronze
C00454,Meera Reddy,Bengaluru,58,Female,Silver
C00455,Nisha Reddy,Bengaluru,22,Female,Bronze
C00456,Sneha Reddy,Chennai,24,Male,Bronze
C00457,Aishwarya Reddy,Pune,42,Female,Gold
C00458,Kavya Reddy,Hyderabad,45,Female,Silver
C00459,Harini Reddy,Pune,47,Female,Bronze
C00460,Divya Reddy,Hyderabad,57,Male,Silver
C00461,Aarav Kumar,Bengaluru,49,Female,Silver
C00462,Vivaan Kumar,Bengaluru,29,Female,Gold
C00463,Aditya Kumar,Pune,41,Female,Silver
C00464,Arjun Kumar,Chennai,22,Female,Silver
C00465,Sai Kumar,Hyderabad,36,Male,Silver
C00466,Rahul Kumar,Chennai,41,Female,Silver
C00467,Karthik Kumar,Pune,55,Female,Gold
C00468,Surya Kumar,Bengaluru,30,Female,Silver
C00469,Vikram Kumar,Bengaluru,47,Female,Bronze
C00470,Rohan Kumar,Bengaluru,18,Female,Gold
C00471,Ananya Kumar,Bengaluru,18,Female,Silver
C00472,Diya Kumar,Chennai,20,Male,Bronze
C00473,Priya Kumar,Chennai,22,Female,Gold
C00474,Meera Kumar,Bengaluru,26,Female,Gold
C00475,Nisha Kumar,Mumbai,35,Female,Silver
C00476,Sneha Kumar,Bengaluru,47,Male,Silver
C00477,Aishwarya Kumar,Chennai,24,Female,Silver
C00478,Kavya Kumar,Hyderabad,48,Male,Silver
C00479,Harini Kumar,Bengaluru,45,Female,Silver
C00480,Divya Kumar,Pune,45,Female,Gold
C00481,Aarav Singh,Bengaluru,45,Male,Gold
C00482,Vivaan Singh,Chennai,46,Male,Bronze
C00483,Aditya Singh,Bengaluru,37,Male,Silver
C00484,Arjun Singh,Mumbai,45,Female,Silver
C00485,Sai Singh,Pune,52,Female,Gold
C00486,Rahul Singh,Mumbai,53,Male,Gold
C00487,Karthik Singh,Mumbai,30,Male,Silver
C00488,Surya Singh,Pune,20,Male,Bronze
C00489,Vikram Singh,Chennai,54,Male,Bronze
C00490,Rohan Singh,Mumbai,46,Male,Silver
C00491,Ananya Singh,Mumbai,46,Female,Bronze
C00492,Diya Singh,Chennai,34,Male,Silver
C00493,Priya Singh,Bengaluru,34,Male,Silver
C00494,Meera Singh,Pune,48,Female,Gold
C00495,Nisha Singh,Pune,40,Male,Silver
C00496,Sneha Singh,Bengaluru,18,Female,Bronze
C00497,Aishwarya Singh,Chennai,26,Female,Silver
C00498,Kavya Singh,Chennai,21,Female,Silver
C00499,Harini Singh,Hyderabad,46,Male,Silver
C00500,Divya Singh,Pune,59,Female,Silver
C00501,Aarav Iyer,Pune,18,Female,Bronze
C00502,Vivaan Iyer,Pune,39,Male,Bronze
C00503,Aditya Iyer,Pune,60,Female,Gold
C00504,Arjun Iyer,Chennai,49,Male,Gold
C00505,Sai Iyer,Pune,33,Male,Silver
C00506,Rahul Iyer,Mumbai,35,Male,Silver
C00507,Karthik Iyer,Hyderabad,56,Female,Gold
C00508,Surya Iyer,Pune,40,Female,Gold
C00509,Vikram Iyer,Mumbai,40,Female,Bronze
C00510,Rohan Iyer,Chennai,36,Male,Gold
C00511,Ananya Iyer,Chennai,25,Male,Gold
C00512,Diya Iyer,Hyderabad,57,Male,Gold
C00513,Priya Iyer,Pune,46,Female,Gold
C00514,Meera Iyer,Pune,35,Female,Gold
C00515,Nisha Iyer,Mumbai,48,Male,Bronze
C00516,Sneha Iyer,Pune,47,Male,Bronze
C00517,Aishwarya Iyer,Pune,27,Female,Bronze
C00518,Kavya Iyer,Hyderabad,46,Male,Gold
C00519,Harini Iyer,Chennai,56,Male,Silver
C00520,Divya Iyer,Chennai,34,Female,Bronze
C00521,Aarav Nair,Hyderabad,35,Male,Gold
C00522,Vivaan Nair,Pune,33,Male,Silver
C00523,Aditya Nair,Bengaluru,49,Male,Bronze
C00524,Arjun Nair,Bengaluru,59,Male,Silver
C00525,Sai Nair,Hyderabad,35,Female,Bronze
C00526,Rahul Nair,Chennai,47,Female,Silver
C00527,Karthik Nair,Pune,23,Female,Silver
C00528,Surya Nair,Mumbai,58,Male,Bronze
C00529,Vikram Nair,Pune,45,Female,Bronze
C00530,Rohan Nair,Pune,35,Female,Bronze
C00531,Ananya Nair,Mumbai,22,Male,Bronze
C00532,Diya Nair,Chennai,37,Female,Silver
C00533,Priya Nair,Chennai,42,Male,Gold
C00534,Meera Nair,Chennai,35,Male,Silver
C00535,Nisha Nair,Chennai,25,Male,Gold
C00536,Sneha Nair,Pune,24,Male,Gold
C00537,Aishwarya Nair,Mumbai,52,Female,Gold
C00538,Kavya Nair,Chennai,39,Male,Gold
C00539,Harini Nair,Pune,40,Male,Gold
C00540,Divya Nair,Bengaluru,59,Female,Bronze
C00541,Aarav Verma,Pune,55,Male,Gold
C00542,Vivaan Verma,Mumbai,32,Female,Bronze
C00543,Aditya Verma,Hyderabad,27,Male,Gold
C00544,Arjun Verma,Pune,57,Female,Bronze
C00545,Sai Verma,Bengaluru,31,Male,Bronze
C00546,Rahul Verma,Bengaluru,26,Female,Bronze
C00547,Karthik Verma,Mumbai,21,Male,Bronze
C00548,Surya Verma,Hyderabad,21,Female,Bronze
C00549,Vikram Verma,Pune,48,Female,Bronze
C00550,Rohan Verma,Bengaluru,26,Female,Silver
C00551,Ananya Verma,Mumbai,31,Male,Gold
C00552,Diya Verma,Chennai,22,Male,Silver
C00553,Priya Verma,Mumbai,58,Female,Gold
C00554,Meera Verma,Pune,29,Male,Gold
C00555,Nisha Verma,Chennai,36,Male,Gold
C00556,Sneha Verma,Hyderabad,50,Male,Silver
C00557,Aishwarya Verma,Pune,25,Male,Silver
C00558,Kavya Verma,Mumbai,55,Male,Silver
C00559,Harini Verma,Bengaluru,45,Female,Bronze
C00560,Divya Verma,Hyderabad,49,Male,Silver
C00561,Aarav Gupta,Mumbai,46,Female,Silver
C00562,Vivaan Gupta,Pune,20,Male,Bronze
C00563,Aditya Gupta,Chennai,49,Female,Bronze
C00564,Arjun Gupta,Hyderabad,23,Female,Gold
C00565,Sai Gupta,Pune,40,Male,Gold
C00566,Rahul Gupta,Pune,60,Female,Bronze
C00567,Karthik Gupta,Hyderabad,25,Male,Silver
C00568,Surya Gupta,Hyderabad,30,Male,Gold
C00569,Vikram Gupta,Bengaluru,25,Female,Silver
C00570,Rohan Gupta,Hyderabad,36,Female,Gold
C00571,Ananya Gupta,Hyderabad,40,Female,Silver
C00572,Diya Gupta,Chennai,52,Male,Bronze
C00573,Priya Gupta,Bengaluru,22,Female,Gold
C00574,Meera Gupta,Hyderabad,45,Male,Bronze
C00575,Nisha Gupta,Mumbai,27,Female,Bronze
C00576,Sneha Gupta,Hyderabad,27,Male,Silver
C00577,Aishwarya Gupta,Hyderabad,26,Male,Gold
C00578,Kavya Gupta,Mumbai,56,Male,Bronze
C00579,Harini Gupta,Chennai,50,Male,Gold
C00580,Divya Gupta,Mumbai,35,Male,Gold
C00581,Aarav Rao,Pune,31,Male,Silver
C00582,Vivaan Rao,Mumbai,27,Male,Gold
C00583,Aditya Rao,Pune,24,Male,Gold
C00584,Arjun Rao,Hyderabad,42,Female,Bronze
C00585,Sai Rao,Hyderabad,53,Female,Silver
C00586,Rahul Rao,Bengaluru,29,Male,Bronze
C00587,Karthik Rao,Pune,39,Male,Gold
C00588,Surya Rao,Bengaluru,32,Female,Silver
C00589,Vikram Rao,Hyderabad,27,Male,Bronze
C00590,Rohan Rao,Hyderabad,28,Male,Bronze
C00591,Ananya Rao,Pune,38,Female,Silver
C00592,Diya Rao,Bengaluru,44,Male,Bronze
C00593,Priya Rao,Pune,53,Female,Bronze
C00594,Meera Rao,Chennai,60,Female,Bronze
C00595,Nisha Rao,Bengaluru,53,Male,Gold
C00596,Sneha Rao,Chennai,52,Male,Gold
C00597,Aishwarya Rao,Hyderabad,26,Female,Bronze
C00598,Kavya Rao,Chennai,21,Female,Silver
C00599,Harini Rao,Mumbai,60,Male,Bronze
C00600,Divya Rao,Hyderabad,41,Female,Silver
C00601,Aarav Sharma,Chennai,20,Male,Silver
C00602,Vivaan Sharma,Bengaluru,43,Male,Silver
C00603,Aditya Sharma,Bengaluru,39,Male,Gold
C00604,Arjun Sharma,Pune,23,Female,Gold
C00605,Sai Sharma,Hyderabad,54,Female,Silver
C00606,Rahul Sharma,Pune,58,Male,Bronze
C00607,Karthik Sharma,Hyderabad,37,Male,Silver
C00608,Surya Sharma,Chennai,29,Male,Gold
C00609,Vikram Sharma,Chennai,60,Male,Gold
C00610,Rohan Sharma,Mumbai,24,Female,Silver
C00611,Ananya Sharma,Chennai,25,Female,Bronze
C00612,Diya Sharma,Chennai,49,Female,Gold
C00613,Priya Sharma,Hyderabad,49,Female,Silver
C00614,Meera Sharma,Hyderabad,19,Female,Bronze
C00615,Nisha Sharma,Pune,38,Female,Bronze
C00616,Sneha Sharma,Pune,29,Male,Silver
C00617,Aishwarya Sharma,Chennai,41,Female,Bronze
C00618,Kavya Sharma,Mumbai,41,Male,Gold
C00619,Harini Sharma,Bengaluru,35,Male,Silver
C00620,Divya Sharma,Hyderabad,44,Male,Gold
C00621,Aarav Patel,Mumbai,29,Female,Silver
C00622,Vivaan Patel,Mumbai,25,Male,Gold
C00623,Aditya Patel,Hyderabad,54,Male,Bronze
C00624,Arjun Patel,Bengaluru,57,Female,Silver
C00625,Sai Patel,Bengaluru,24,Female,Bronze
C00626,Rahul Patel,Chennai,36,Female,Bronze
C00627,Karthik Patel,Chennai,19,Female,Bronze
C00628,Surya Patel,Pune,53,Male,Gold
C00629,Vikram Patel,Chennai,26,Male,Bronze
C00630,Rohan Patel,Bengaluru,35,Male,Silver
C00631,Ananya Patel,Chennai,18,Female,Bronze
C00632,Diya Patel,Mumbai,26,Female,Bronze
C00633,Priya Patel,Chennai,34,Male,Bronze
C00634,Meera Patel,Pune,18,Female,Gold
C00635,Nisha Patel,Mumbai,59,Male,Bronze
C00636,Sneha Patel,Pune,19,Female,Bronze
C00637,Aishwarya Patel,Chennai,55,Female,Gold
C00638,Kavya Patel,Pune,60,Female,Bronze
C00639,Harini Patel,Bengaluru,37,Male,Gold
C00640,Divya Patel,Pune,31,Female,Gold
C00641,Aarav Reddy,Pune,19,Female,Gold
C00642,Vivaan Reddy,Pune,35,Male,Bronze
C00643,Aditya Reddy,Bengaluru,56,Female,Gold
C00644,Arjun Reddy,Chennai,20,Male,Gold
C00645,Sai Reddy,Mumbai,40,Male,Bronze
C00646,Rahul Reddy,Hyderabad,46,Female,Silver
C00647,Karthik Reddy,Pune,22,Male,Silver
C00648,Surya Reddy,Pune,55,Male,Bronze
C00649,Vikram Reddy,Pune,52,Female,Bronze
C00650,Rohan Reddy,Hyderabad,32,Male,Gold
C00651,Ananya Reddy,Mumbai,45,Male,Silver
C00652,Diya Reddy,Hyderabad,53,Female,Gold
C00653,Priya Reddy,Chennai,40,Female,Gold
C00654,Meera Reddy,Hyderabad,56,Female,Gold
C00655,Nisha Reddy,Chennai,59,Female,Silver
C00656,Sneha Reddy,Bengaluru,21,Male,Bronze
C00657,Aishwarya Reddy,Hyderabad,19,Male,Silver
C00658,Kavya Reddy,Pune,25,Female,Gold
C00659,Harini Reddy,Chennai,51,Male,Silver
C00660,Divya Reddy,Hyderabad,50,Male,Silver
C00661,Aarav Kumar,Bengaluru,24,Male,Bronze
C00662,Vivaan Kumar,Hyderabad,46,Female,Bronze
C00663,Aditya Kumar,Bengaluru,30,Female,Gold
C00664,Arjun Kumar,Chennai,18,Female,Bronze
C00665,Sai Kumar,Hyderabad,22,Male,Silver
C00666,Rahul Kumar,Chennai,58,Male,Gold
C00667,Karthik Kumar,Pune,52,Female,Gold
C00668,Surya Kumar,Pune,49,Female,Bronze
C00669,Vikram Kumar,Bengaluru,38,Female,Silver
C00670,Rohan Kumar,Hyderabad,45,Male,Silver
C00671,Ananya Kumar,Mumbai,38,Male,Bronze
C00672,Diya Kumar,Pune,38,Female,Bronze
C00673,Priya Kumar,Bengaluru,31,Female,Gold
C00674,Meera Kumar,Pune,54,Female,Gold
C00675,Nisha Kumar,Bengaluru,24,Male,Bronze
C00676,Sneha Kumar,Bengaluru,55,Male,Bronze
C00677,Aishwarya Kumar,Mumbai,25,Female,Bronze
C00678,Kavya Kumar,Mumbai,44,Male,Silver
C00679,Harini Kumar,Pune,58,Male,Silver
C00680,Divya Kumar,Pune,37,Male,Gold
C00681,Aarav Singh,Mumbai,33,Female,Silver
C00682,Vivaan Singh,Hyderabad,34,Male,Bronze
C00683,Aditya Singh,Hyderabad,49,Female,Gold
C00684,Arjun Singh,Chennai,24,Female,Bronze
C00685,Sai Singh,Chennai,37,Male,Gold
C00686,Rahul Singh,Mumbai,25,Male,Gold
C00687,Karthik Singh,Pune,30,Male,Silver
C00688,Surya Singh,Hyderabad,24,Female,Silver
C00689,Vikram Singh,Hyderabad,44,Male,Gold
C00690,Rohan Singh,Hyderabad,36,Male,Silver
C00691,Ananya Singh,Hyderabad,35,Male,Gold
C00692,Diya Singh,Hyderabad,26,Male,Gold
C00693,Priya Singh,Pune,28,Female,Silver
C00694,Meera Singh,Hyderabad,48,Male,Bronze
C00695,Nisha Singh,Mumbai,58,Male,Bronze
C00696,Sneha Singh,Chennai,58,Female,Bronze
C00697,Aishwarya Singh,Chennai,60,Male,Silver
C00698,Kavya Singh,Pune,49,Male,Gold
C00699,Harini Singh,Bengaluru,24,Male,Gold
C00700,Divya Singh,Chennai,59,Female,Bronze
C00701,Aarav Iyer,Mumbai,24,Male,Silver
C00702,Vivaan Iyer,Pune,32,Male,Bronze
C00703,Aditya Iyer,Hyderabad,33,Female,Silver
C00704,Arjun Iyer,Hyderabad,29,Male,Gold
C00705,Sai Iyer,Mumbai,36,Male,Bronze
C00706,Rahul Iyer,Chennai,26,Male,Gold
C00707,Karthik Iyer,Mumbai,55,Male,Bronze
C00708,Surya Iyer,Hyderabad,59,Female,Gold
C00709,Vikram Iyer,Mumbai,47,Male,Silver
C00710,Rohan Iyer,Mumbai,25,Male,Gold
C00711,Ananya Iyer,Hyderabad,35,Male,Silver
C00712,Diya Iyer,Hyderabad,49,Female,Silver
C00713,Priya Iyer,Mumbai,52,Female,Silver
C00714,Meera Iyer,Hyderabad,59,Male,Gold
C00715,Nisha Iyer,Chennai,29,Male,Gold
C00716,Sneha Iyer,Hyderabad,53,Male,Bronze
C00717,Aishwarya Iyer,Mumbai,44,Female,Bronze
C00718,Kavya Iyer,Mumbai,42,Male,Silver
C00719,Harini Iyer,Mumbai,28,Female,Bronze
C00720,Divya Iyer,Chennai,46,Female,Bronze
C00721,Aarav Nair,Hyderabad,37,Female,Silver
C00722,Vivaan Nair,Mumbai,45,Female,Bronze
C00723,Aditya Nair,Bengaluru,21,Male,Silver
C00724,Arjun Nair,Chennai,58,Male,Bronze
C00725,Sai Nair,Pune,56,Female,Bronze
C00726,Rahul Nair,Bengaluru,23,Female,Silver
C00727,Karthik Nair,Hyderabad,40,Male,Bronze
C00728,Surya Nair,Pune,33,Male,Gold
C00729,Vikram Nair,Mumbai,19,Female,Bronze
C00730,Rohan Nair,Hyderabad,37,Male,Gold
C00731,Ananya Nair,Hyderabad,28,Female,Silver
C00732,Diya Nair,Pune,51,Male,Bronze
C00733,Priya Nair,Bengaluru,30,Female,Silver
C00734,Meera Nair,Hyderabad,19,Male,Bronze
C00735,Nisha Nair,Chennai,52,Female,Silver
C00736,Sneha Nair,Bengaluru,37,Male,Bronze
C00737,Aishwarya Nair,Hyderabad,39,Female,Gold
C00738,Kavya Nair,Chennai,53,Female,Bronze
C00739,Harini Nair,Mumbai,59,Female,Bronze
C00740,Divya Nair,Mumbai,35,Female,Silver
C00741,Aarav Verma,Mumbai,36,Female,Silver
C00742,Vivaan Verma,Hyderabad,31,Male,Bronze
C00743,Aditya Verma,Hyderabad,44,Male,Bronze
C00744,Arjun Verma,Bengaluru,52,Male,Gold
C00745,Sai Verma,Mumbai,20,Female,Bronze
C00746,Rahul Verma,Bengaluru,40,Male,Silver
C00747,Karthik Verma,Mumbai,32,Female,Bronze
C00748,Surya Verma,Hyderabad,27,Male,Bronze
C00749,Vikram Verma,Pune,23,Male,Bronze
C00750,Rohan Verma,Chennai,44,Female,Bronze
C00751,Ananya Verma,Chennai,25,Male,Silver
C00752,Diya Verma,Pune,34,Female,Bronze
C00753,Priya Verma,Mumbai,41,Female,Silver
C00754,Meera Verma,Bengaluru,48,Male,Bronze
C00755,Nisha Verma,Pune,59,Male,Silver
C00756,Sneha Verma,Mumbai,21,Female,Bronze
C00757,Aishwarya Verma,Pune,20,Male,Gold
C00758,Kavya Verma,Bengaluru,24,Male,Gold
C00759,Harini Verma,Pune,25,Male,Gold
C00760,Divya Verma,Chennai,56,Male,Silver
C00761,Aarav Gupta,Pune,20,Male,Gold
C00762,Vivaan Gupta,Bengaluru,23,Male,Bronze
C00763,Aditya Gupta,Chennai,44,Female,Bronze
C00764,Arjun Gupta,Bengaluru,29,Male,Gold
C00765,Sai Gupta,Mumbai,27,Female,Bronze
C00766,Rahul Gupta,Pune,25,Female,Silver
C00767,Karthik Gupta,Chennai,36,Female,Gold
C00768,Surya Gupta,Hyderabad,60,Male,Gold
C00769,Vikram Gupta,Chennai,20,Male,Silver
C00770,Rohan Gupta,Chennai,22,Male,Gold
C00771,Ananya Gupta,Chennai,22,Female,Silver
C00772,Diya Gupta,Hyderabad,56,Female,Gold
C00773,Priya Gupta,Hyderabad,49,Female,Gold
C00774,Meera Gupta,Chennai,54,Male,Silver
C00775,Nisha Gupta,Pune,52,Male,Gold
C00776,Sneha Gupta,Chennai,20,Female,Silver
C00777,Aishwarya Gupta,Bengaluru,26,Female,Gold
C00778,Kavya Gupta,Mumbai,36,Female,Silver
C00779,Harini Gupta,Hyderabad,39,Female,Bronze
C00780,Divya Gupta,Hyderabad,26,Male,Gold
C00781,Aarav Rao,Mumbai,54,Female,Bronze
C00782,Vivaan Rao,Bengaluru,38,Male,Silver
C00783,Aditya Rao,Mumbai,35,Male,Silver
C00784,Arjun Rao,Hyderabad,59,Female,Bronze
C00785,Sai Rao,Bengaluru,21,Female,Silver
C00786,Rahul Rao,Chennai,39,Male,Bronze
C00787,Karthik Rao,Chennai,32,Female,Bronze
C00788,Surya Rao,Hyderabad,52,Male,Bronze
C00789,Vikram Rao,Chennai,56,Female,Gold
C00790,Rohan Rao,Hyderabad,24,Male,Bronze
C00791,Ananya Rao,Hyderabad,34,Male,Gold
C00792,Diya Rao,Hyderabad,24,Male,Bronze
C00793,Priya Rao,Pune,57,Male,Gold
C00794,Meera Rao,Bengaluru,23,Male,Silver
C00795,Nisha Rao,Hyderabad,49,Male,Bronze
C00796,Sneha Rao,Bengaluru,54,Male,Bronze
C00797,Aishwarya Rao,Bengaluru,45,Female,Bronze
C00798,Kavya Rao,Chennai,29,Male,Gold
C00799,Harini Rao,Mumbai,22,Male,Bronze
C00800,Divya Rao,Mumbai,42,Female,Silver
C00801,Aarav Sharma,Hyderabad,55,Male,Bronze
C00802,Vivaan Sharma,Pune,28,Male,Silver
C00803,Aditya Sharma,Mumbai,33,Male,Gold
C00804,Arjun Sharma,Hyderabad,25,Female,Gold
C00805,Sai Sharma,Chennai,54,Female,Bronze
C00806,Rahul Sharma,Chennai,30,Male,Bronze
C00807,Karthik Sharma,Hyderabad,19,Female,Silver
C00808,Surya Sharma,Pune,21,Female,Silver
C00809,Vikram Sharma,Chennai,38,Female,Silver
C00810,Rohan Sharma,Chennai,35,Male,Bronze
C00811,Ananya Sharma,Mumbai,21,Male,Silver
C00812,Diya Sharma,Pune,31,Male,Bronze
C00813,Priya Sharma,Hyderabad,47,Male,Silver
C00814,Meera Sharma,Hyderabad,19,Female,Bronze
C00815,Nisha Sharma,Hyderabad,23,Male,Bronze
C00816,Sneha Sharma,Hyderabad,40,Male,Bronze
C00817,Aishwarya Sharma,Hyderabad,18,Male,Bronze
C00818,Kavya Sharma,Mumbai,48,Male,Silver
C00819,Harini Sharma,Pune,52,Female,Gold
C00820,Divya Sharma,Pune,51,Male,Gold
C00821,Aarav Patel,Pune,49,Female,Gold
C00822,Vivaan Patel,Bengaluru,39,Male,Silver
C00823,Aditya Patel,Pune,50,Female,Gold
C00824,Arjun Patel,Mumbai,36,Male,Bronze
C00825,Sai Patel,Bengaluru,25,Male,Bronze
C00826,Rahul Patel,Mumbai,36,Female,Gold
C00827,Karthik Patel,Bengaluru,53,Female,Bronze
C00828,Surya Patel,Mumbai,51,Male,Silver
C00829,Vikram Patel,Pune,18,Male,Bronze
C00830,Rohan Patel,Mumbai,39,Female,Bronze
C00831,Ananya Patel,Pune,21,Female,Silver
C00832,Diya Patel,Mumbai,25,Male,Gold
C00833,Priya Patel,Chennai,48,Male,Bronze
C00834,Meera Patel,Chennai,25,Male,Bronze
C00835,Nisha Patel,Hyderabad,33,Female,Bronze
C00836,Sneha Patel,Pune,45,Female,Silver
C00837,Aishwarya Patel,Bengaluru,19,Male,Bronze
C00838,Kavya Patel,Mumbai,50,Female,Bronze
C00839,Harini Patel,Bengaluru,37,Male,Bronze
C00840,Divya Patel,Pune,28,Male,Gold
C00841,Aarav Reddy,Hyderabad,54,Female,Bronze
C00842,Vivaan Reddy,Mumbai,36,Female,Gold
C00843,Aditya Reddy,Bengaluru,29,Male,Silver
C00844,Arjun Reddy,Chennai,18,Female,Bronze
C00845,Sai Reddy,Pune,21,Male,Silver
C00846,Rahul Reddy,Chennai,42,Male,Silver
C00847,Karthik Reddy,Mumbai,57,Female,Silver
C00848,Surya Reddy,Pune,42,Male,Silver
C00849,Vikram Reddy,Chennai,29,Male,Bronze
C00850,Rohan Reddy,Mumbai,47,Female,Gold
C00851,Ananya Reddy,Bengaluru,49,Female,Silver
C00852,Diya Reddy,Pune,57,Male,Bronze
C00853,Priya Reddy,Chennai,45,Male,Gold
C00854,Meera Reddy,Hyderabad,51,Female,Gold
C00855,Nisha Reddy,Hyderabad,59,Female,Bronze
C00856,Sneha Reddy,Pune,49,Male,Gold
C00857,Aishwarya Reddy,Mumbai,54,Male,Bronze
C00858,Kavya Reddy,Bengaluru,46,Female,Silver
C00859,Harini Reddy,Bengaluru,59,Male,Bronze
C00860,Divya Reddy,Pune,24,Male,Silver
C00861,Aarav Kumar,Chennai,53,Female,Bronze
C00862,Vivaan Kumar,Chennai,26,Male,Silver
C00863,Aditya Kumar,Mumbai,60,Female,Bronze
C00864,Arjun Kumar,Bengaluru,37,Female,Bronze
C00865,Sai Kumar,Chennai,23,Female,Silver
C00866,Rahul Kumar,Bengaluru,55,Male,Bronze
C00867,Karthik Kumar,Bengaluru,59,Female,Silver
C00868,Surya Kumar,Pune,30,Female,Silver
C00869,Vikram Kumar,Pune,52,Female,Gold
C00870,Rohan Kumar,Chennai,21,Male,Gold
C00871,Ananya Kumar,Chennai,39,Male,Bronze
C00872,Diya Kumar,Mumbai,29,Male,Gold
C00873,Priya Kumar,Pune,29,Male,Silver
C00874,Meera Kumar,Chennai,29,Male,Bronze
C00875,Nisha Kumar,Chennai,53,Male,Silver
C00876,Sneha Kumar,Hyderabad,57,Female,Silver
C00877,Aishwarya Kumar,Mumbai,59,Female,Silver
C00878,Kavya Kumar,Chennai,37,Male,Silver
C00879,Harini Kumar,Chennai,59,Female,Bronze
C00880,Divya Kumar,Chennai,55,Female,Gold
C00881,Aarav Singh,Hyderabad,51,Female,Silver
C00882,Vivaan Singh,Chennai,39,Male,Gold
C00883,Aditya Singh,Hyderabad,39,Male,Silver
C00884,Arjun Singh,Bengaluru,36,Male,Silver
C00885,Sai Singh,Chennai,36,Male,Gold
C00886,Rahul Singh,Pune,40,Male,Bronze
C00887,Karthik Singh,Pune,37,Female,Gold
C00888,Surya Singh,Mumbai,55,Female,Gold
C00889,Vikram Singh,Bengaluru,40,Male,Gold
C00890,Rohan Singh,Chennai,29,Male,Gold
C00891,Ananya Singh,Mumbai,43,Female,Gold
C00892,Diya Singh,Hyderabad,48,Female,Bronze
C00893,Priya Singh,Bengaluru,58,Male,Silver
C00894,Meera Singh,Hyderabad,29,Male,Silver
C00895,Nisha Singh,Hyderabad,58,Male,Silver
C00896,Sneha Singh,Chennai,22,Female,Silver
C00897,Aishwarya Singh,Bengaluru,36,Male,Silver
C00898,Kavya Singh,Chennai,43,Female,Silver
C00899,Harini Singh,Mumbai,55,Male,Gold
C00900,Divya Singh,Bengaluru,54,Female,Silver
C00901,Aarav Iyer,Bengaluru,52,Male,Gold
C00902,Vivaan Iyer,Hyderabad,31,Female,Gold
C00903,Aditya Iyer,Chennai,59,Female,Gold
C00904,Arjun Iyer,Pune,41,Male,Gold
C00905,Sai Iyer,Chennai,52,Female,Silver
C00906,Rahul Iyer,Mumbai,30,Male,Gold
C00907,Karthik Iyer,Chennai,52,Female,Bronze
C00908,Surya Iyer,Hyderabad,37,Male,Silver
C00909,Vikram Iyer,Hyderabad,45,Female,Bronze
C00910,Rohan Iyer,Hyderabad,48,Female,Gold
C00911,Ananya Iyer,Chennai,45,Male,Gold
C00912,Diya Iyer,Pune,27,Male,Gold
C00913,Priya Iyer,Bengaluru,19,Male,Gold
C00914,Meera Iyer,Mumbai,33,Female,Gold
C00915,Nisha Iyer,Hyderabad,37,Female,Gold
C00916,Sneha Iyer,Hyderabad,54,Female,Bronze
C00917,Aishwarya Iyer,Hyderabad,48,Male,Gold
C00918,Kavya Iyer,Mumbai,53,Female,Bronze
C00919,Harini Iyer,Bengaluru,43,Male,Gold
C00920,Divya Iyer,Chennai,33,Male,Silver
C00921,Aarav Nair,Chennai,18,Male,Silver
C00922,Vivaan Nair,Hyderabad,40,Male,Gold
C00923,Aditya Nair,Mumbai,28,Male,Gold
C00924,Arjun Nair,Pune,55,Female,Silver
C00925,Sai Nair,Bengaluru,26,Male,Bronze
C00926,Rahul Nair,Mumbai,18,Male,Gold
C00927,Karthik Nair,Mumbai,34,Male,Silver
C00928,Surya Nair,Bengaluru,36,Female,Silver
C00929,Vikram Nair,Mumbai,45,Male,Gold
C00930,Rohan Nair,Hyderabad,52,Female,Silver
C00931,Ananya Nair,Hyderabad,56,Female,Silver
C00932,Diya Nair,Chennai,58,Female,Silver
C00933,Priya Nair,Bengaluru,24,Male,Bronze
C00934,Meera Nair,Chennai,45,Female,Silver
C00935,Nisha Nair,Pune,47,Male,Bronze
C00936,Sneha Nair,Pune,45,Female,Gold
C00937,Aishwarya Nair,Hyderabad,35,Male,Bronze
C00938,Kavya Nair,Mumbai,23,Female,Gold
C00939,Harini Nair,Chennai,56,Female,Bronze
C00940,Divya Nair,Chennai,48,Male,Silver
C00941,Aarav Verma,Chennai,38,Female,Bronze
C00942,Vivaan Verma,Pune,57,Male,Silver
C00943,Aditya Verma,Pune,20,Female,Gold
C00944,Arjun Verma,Hyderabad,49,Male,Silver
C00945,Sai Verma,Pune,18,Female,Gold
C00946,Rahul Verma,Pune,21,Female,Bronze
C00947,Karthik Verma,Mumbai,57,Female,Gold
C00948,Surya Verma,Bengaluru,44,Male,Bronze
C00949,Vikram Verma,Chennai,46,Female,Bronze
C00950,Rohan Verma,Chennai,40,Female,Bronze
C00951,Ananya Verma,Pune,43,Female,Bronze
C00952,Diya Verma,Hyderabad,37,Female,Silver
C00953,Priya Verma,Bengaluru,38,Male,Gold
C00954,Meera Verma,Mumbai,43,Male,Bronze
C00955,Nisha Verma,Pune,58,Female,Silver
C00956,Sneha Verma,Hyderabad,36,Female,Silver
C00957,Aishwarya Verma,Mumbai,51,Female,Bronze
C00958,Kavya Verma,Hyderabad,41,Female,Silver
C00959,Harini Verma,Bengaluru,48,Male,Bronze
C00960,Divya Verma,Bengaluru,25,Female,Bronze
C00961,Aarav Gupta,Pune,20,Male,Silver
C00962,Vivaan Gupta,Mumbai,34,Male,Gold
C00963,Aditya Gupta,Chennai,40,Female,Silver
C00964,Arjun Gupta,Pune,46,Female,Gold
C00965,Sai Gupta,Chennai,30,Male,Bronze
C00966,Rahul Gupta,Pune,46,Male,Gold
C00967,Karthik Gupta,Pune,24,Female,Gold
C00968,Surya Gupta,Pune,20,Female,Bronze
C00969,Vikram Gupta,Chennai,33,Female,Gold
C00970,Rohan Gupta,Pune,21,Male,Gold
C00971,Ananya Gupta,Hyderabad,53,Male,Gold
C00972,Diya Gupta,Hyderabad,54,Male,Silver
C00973,Priya Gupta,Pune,52,Male,Bronze
C00974,Meera Gupta,Chennai,36,Male,Gold
C00975,Nisha Gupta,Hyderabad,53,Female,Gold
C00976,Sneha Gupta,Hyderabad,43,Male,Gold
C00977,Aishwarya Gupta,Mumbai,21,Female,Silver
C00978,Kavya Gupta,Pune,57,Male,Silver
C00979,Harini Gupta,Chennai,56,Female,Gold
C00980,Divya Gupta,Chennai,59,Female,Bronze
C00981,Aarav Rao,Bengaluru,52,Male,Bronze
C00982,Vivaan Rao,Chennai,21,Female,Gold
C00983,Aditya Rao,Bengaluru,29,Male,Silver
C00984,Arjun Rao,Pune,57,Male,Gold
C00985,Sai Rao,Pune,22,Male,Silver
C00986,Rahul Rao,Hyderabad,47,Female,Gold
C00987,Karthik Rao,Hyderabad,37,Female,Bronze
C00988,Surya Rao,Chennai,30,Female,Gold
C00989,Vikram Rao,Chennai,18,Female,Silver
C00990,Rohan Rao,Hyderabad,53,Male,Silver
C00991,Ananya Rao,Pune,46,Female,Silver
C00992,Diya Rao,Bengaluru,43,Female,Gold
C00993,Priya Rao,Pune,57,Male,Gold
C00994,Meera Rao,Hyderabad,39,Female,Gold
C00995,Nisha Rao,Pune,36,Female,Silver
C00996,Sneha Rao,Hyderabad,42,Male,Gold
C00997,Aishwarya Rao,Mumbai,46,Female,Silver
C00998,Kavya Rao,Bengaluru,34,Female,Bronze
C00999,Harini Rao,Chennai,55,Female,Gold
C01000,Divya Rao,Bengaluru,41,Female,Gold
C01001,Aarav Sharma,Hyderabad,33,Male,Bronze
C01002,Vivaan Sharma,Mumbai,56,Male,Silver
C01003,Aditya Sharma,Hyderabad,40,Female,Gold
C01004,Arjun Sharma,Hyderabad,54,Female,Gold
C01005,Sai Sharma,Chennai,50,Female,Gold
C01006,Rahul Sharma,Bengaluru,19,Female,Bronze
C01007,Karthik Sharma,Pune,48,Female,Bronze
C01008,Surya Sharma,Pune,49,Male,Gold
C01009,Vikram Sharma,Chennai,51,Female,Silver
C01010,Rohan Sharma,Hyderabad,29,Male,Gold
C01011,Ananya Sharma,Pune,34,Male,Silver
C01012,Diya Sharma,Bengaluru,49,Female,Gold
C01013,Priya Sharma,Pune,43,Male,Gold
C01014,Meera Sharma,Chennai,31,Male,Gold
C01015,Nisha Sharma,Mumbai,21,Female,Bronze
C01016,Sneha Sharma,Mumbai,35,Female,Bronze
C01017,Aishwarya Sharma,Mumbai,45,Female,Gold
C01018,Kavya Sharma,Chennai,38,Female,Gold
C01019,Harini Sharma,Hyderabad,54,Male,Bronze
C01020,Divya Sharma,Bengaluru,38,Female,Bronze
C01021,Aarav Patel,Pune,60,Female,Gold
C01022,Vivaan Patel,Pune,41,Male,Silver
C01023,Aditya Patel,Hyderabad,41,Female,Bronze
C01024,Arjun Patel,Mumbai,38,Female,Bronze
C01025,Sai Patel,Mumbai,24,Male,Silver
C01026,Rahul Patel,Chennai,55,Male,Bronze
C01027,Karthik Patel,Pune,59,Female,Gold
C01028,Surya Patel,Mumbai,36,Male,Gold
C01029,Vikram Patel,Hyderabad,42,Male,Bronze
C01030,Rohan Patel,Pune,21,Female,Bronze
C01031,Ananya Patel,Hyderabad,47,Female,Gold
C01032,Diya Patel,Chennai,49,Male,Bronze
C01033,Priya Patel,Mumbai,25,Male,Silver
C01034,Meera Patel,Hyderabad,58,Female,Bronze
C01035,Nisha Patel,Hyderabad,18,Female,Gold
C01036,Sneha Patel,Mumbai,29,Female,Gold
C01037,Aishwarya Patel,Pune,31,Female,Gold
C01038,Kavya Patel,Pune,51,Female,Gold
C01039,Harini Patel,Hyderabad,26,Male,Silver
C01040,Divya Patel,Bengaluru,48,Female,Silver
C01041,Aarav Reddy,Hyderabad,18,Male,Silver
C01042,Vivaan Reddy,Chennai,49,Male,Bronze
C01043,Aditya Reddy,Mumbai,40,Female,Bronze
C01044,Arjun Reddy,Bengaluru,57,Female,Silver
C01045,Sai Reddy,Chennai,20,Female,Gold
C01046,Rahul Reddy,Pune,55,Female,Silver
C01047,Karthik Reddy,Chennai,28,Male,Silver
C01048,Surya Reddy,Hyderabad,24,Male,Gold
C01049,Vikram Reddy,Pune,59,Female,Silver
C01050,Rohan Reddy,Bengaluru,26,Female,Silver
C01051,Ananya Reddy,Hyderabad,43,Male,Gold
C01052,Diya Reddy,Mumbai,49,Male,Gold
C01053,Priya Reddy,Mumbai,25,Male,Silver
C01054,Meera Reddy,Chennai,37,Male,Bronze
C01055,Nisha Reddy,Mumbai,41,Male,Silver
C01056,Sneha Reddy,Bengaluru,34,Female,Gold
C01057,Aishwarya Reddy,Hyderabad,40,Female,Silver
C01058,Kavya Reddy,Pune,52,Female,Gold
C01059,Harini Reddy,Pune,57,Male,Silver
C01060,Divya Reddy,Pune,51,Male,Bronze
C01061,Aarav Kumar,Chennai,43,Female,Silver
C01062,Vivaan Kumar,Pune,24,Male,Bronze
C01063,Aditya Kumar,Mumbai,53,Female,Bronze
C01064,Arjun Kumar,Chennai,43,Female,Silver
C01065,Sai Kumar,Pune,56,Male,Gold
C01066,Rahul Kumar,Pune,44,Female,Gold
C01067,Karthik Kumar,Chennai,19,Female,Bronze
C01068,Surya Kumar,Chennai,34,Female,Bronze
C01069,Vikram Kumar,Bengaluru,32,Male,Gold
C01070,Rohan Kumar,Pune,29,Male,Bronze
C01071,Ananya Kumar,Pune,33,Male,Gold
C01072,Diya Kumar,Hyderabad,50,Male,Silver
C01073,Priya Kumar,Bengaluru,55,Male,Bronze
C01074,Meera Kumar,Hyderabad,60,Female,Silver
C01075,Nisha Kumar,Pune,44,Female,Gold
C01076,Sneha Kumar,Chennai,51,Female,Bronze
C01077,Aishwarya Kumar,Chennai,24,Female,Gold
C01078,Kavya Kumar,Mumbai,60,Male,Gold
C01079,Harini Kumar,Hyderabad,32,Male,Bronze
C01080,Divya Kumar,Pune,57,Female,Bronze
C01081,Aarav Singh,Pune,60,Female,Gold
C01082,Vivaan Singh,Mumbai,18,Female,Bronze
C01083,Aditya Singh,Mumbai,26,Male,Silver
C01084,Arjun Singh,Bengaluru,25,Male,Bronze
C01085,Sai Singh,Bengaluru,43,Female,Silver
C01086,Rahul Singh,Chennai,32,Female,Silver
C01087,Karthik Singh,Bengaluru,48,Male,Bronze
C01088,Surya Singh,Pune,37,Male,Gold
C01089,Vikram Singh,Mumbai,21,Female,Gold
C01090,Rohan Singh,Mumbai,41,Male,Silver
C01091,Ananya Singh,Chennai,30,Female,Bronze
C01092,Diya Singh,Chennai,44,Female,Gold
C01093,Priya Singh,Hyderabad,49,Male,Gold
C01094,Meera Singh,Mumbai,41,Female,Gold
C01095,Nisha Singh,Pune,18,Female,Silver
C01096,Sneha Singh,Hyderabad,24,Male,Bronze
C01097,Aishwarya Singh,Mumbai,22,Male,Silver
C01098,Kavya Singh,Chennai,40,Female,Silver
C01099,Harini Singh,Mumbai,34,Male,Silver
C01100,Divya Singh,Hyderabad,58,Female,Gold
C01101,Aarav Iyer,Pune,23,Female,Gold
C01102,Vivaan Iyer,Chennai,31,Male,Gold
C01103,Aditya Iyer,Bengaluru,51,Male,Gold
C01104,Arjun Iyer,Chennai,52,Male,Silver
C01105,Sai Iyer,Chennai,35,Male,Gold
C01106,Rahul Iyer,Pune,29,Male,Bronze
C01107,Karthik Iyer,Hyderabad,40,Male,Silver
C01108,Surya Iyer,Pune,21,Male,Bronze
C01109,Vikram Iyer,Chennai,38,Female,Bronze
C01110,Rohan Iyer,Chennai,57,Male,Bronze
C01111,Ananya Iyer,Chennai,26,Male,Silver
C01112,Diya Iyer,Bengaluru,33,Male,Bronze
C01113,Priya Iyer,Chennai,50,Female,Gold
C01114,Meera Iyer,Pune,60,Male,Silver
C01115,Nisha Iyer,Pune,25,Male,Bronze
C01116,Sneha Iyer,Chennai,19,Female,Silver
C01117,Aishwarya Iyer,Mumbai,57,Female,Bronze
C01118,Kavya Iyer,Hyderabad,32,Female,Silver
C01119,Harini Iyer,Chennai,30,Female,Bronze
C01120,Divya Iyer,Mumbai,19,Female,Bronze
C01121,Aarav Nair,Hyderabad,26,Male,Gold
C01122,Vivaan Nair,Hyderabad,57,Female,Silver
C01123,Aditya Nair,Mumbai,49,Female,Silver
C01124,Arjun Nair,Hyderabad,18,Female,Gold
C01125,Sai Nair,Chennai,45,Female,Silver
C01126,Rahul Nair,Pune,55,Male,Gold
C01127,Karthik Nair,Pune,31,Female,Gold
C01128,Surya Nair,Bengaluru,42,Male,Bronze
C01129,Vikram Nair,Mumbai,21,Male,Gold
C01130,Rohan Nair,Chennai,20,Male,Bronze
C01131,Ananya Nair,Bengaluru,54,Female,Silver
C01132,Diya Nair,Pune,27,Female,Gold
C01133,Priya Nair,Hyderabad,30,Female,Bronze
C01134,Meera Nair,Hyderabad,54,Female,Gold
C01135,Nisha Nair,Bengaluru,56,Male,Bronze
C01136,Sneha Nair,Chennai,49,Female,Bronze
C01137,Aishwarya Nair,Chennai,31,Female,Silver
C01138,Kavya Nair,Pune,44,Male,Bronze
C01139,Harini Nair,Chennai,41,Female,Gold
C01140,Divya Nair,Pune,37,Male,Gold
C01141,Aarav Verma,Hyderabad,32,Female,Bronze
C01142,Vivaan Verma,Hyderabad,30,Female,Gold
C01143,Aditya Verma,Pune,56,Male,Gold
C01144,Arjun Verma,Mumbai,52,Male,Bronze
C01145,Sai Verma,Chennai,24,Female,Silver
C01146,Rahul Verma,Chennai,39,Male,Silver
C01147,Karthik Verma,Hyderabad,53,Female,Gold
C01148,Surya Verma,Hyderabad,48,Female,Gold
C01149,Vikram Verma,Bengaluru,48,Female,Gold
C01150,Rohan Verma,Bengaluru,53,Female,Gold
C01151,Ananya Verma,Chennai,27,Female,Gold
C01152,Diya Verma,Bengaluru,60,Male,Gold
C01153,Priya Verma,Mumbai,53,Female,Gold
C01154,Meera Verma,Pune,50,Male,Silver
C01155,Nisha Verma,Mumbai,48,Female,Gold
C01156,Sneha Verma,Pune,26,Male,Silver
C01157,Aishwarya Verma,Bengaluru,36,Female,Bronze
C01158,Kavya Verma,Chennai,28,Male,Bronze
C01159,Harini Verma,Pune,52,Male,Bronze
C01160,Divya Verma,Mumbai,32,Male,Gold
C01161,Aarav Gupta,Hyderabad,29,Female,Gold
C01162,Vivaan Gupta,Pune,59,Male,Bronze
C01163,Aditya Gupta,Pune,22,Male,Gold
C01164,Arjun Gupta,Hyderabad,44,Male,Bronze
C01165,Sai Gupta,Bengaluru,33,Male,Silver
C01166,Rahul Gupta,Hyderabad,58,Female,Bronze
C01167,Karthik Gupta,Bengaluru,53,Male,Silver
C01168,Surya Gupta,Bengaluru,43,Male,Silver
C01169,Vikram Gupta,Hyderabad,44,Female,Bronze
C01170,Rohan Gupta,Chennai,32,Male,Silver
C01171,Ananya Gupta,Chennai,19,Male,Bronze
C01172,Diya Gupta,Mumbai,52,Male,Gold
C01173,Priya Gupta,Pune,54,Female,Gold
C01174,Meera Gupta,Pune,34,Male,Bronze
C01175,Nisha Gupta,Hyderabad,44,Female,Bronze
C01176,Sneha Gupta,Mumbai,34,Female,Bronze
C01177,Aishwarya Gupta,Bengaluru,25,Female,Bronze
C01178,Kavya Gupta,Mumbai,28,Female,Bronze
C01179,Harini Gupta,Bengaluru,31,Male,Silver
C01180,Divya Gupta,Hyderabad,28,Female,Silver
C01181,Aarav Rao,Bengaluru,41,Female,Gold
C01182,Vivaan Rao,Chennai,46,Female,Silver
C01183,Aditya Rao,Pune,23,Male,Gold
C01184,Arjun Rao,Chennai,29,Female,Bronze
C01185,Sai Rao,Chennai,31,Male,Gold
C01186,Rahul Rao,Mumbai,43,Female,Gold
C01187,Karthik Rao,Hyderabad,23,Female,Bronze
C01188,Surya Rao,Chennai,37,Female,Gold
C01189,Vikram Rao,Mumbai,54,Male,Gold
C01190,Rohan Rao,Mumbai,21,Female,Bronze
C01191,Ananya Rao,Pune,23,Male,Silver
C01192,Diya Rao,Pune,36,Male,Bronze
C01193,Priya Rao,Bengaluru,55,Male,Bronze
C01194,Meera Rao,Hyderabad,40,Female,Bronze
C01195,Nisha Rao,Bengaluru,53,Female,Bronze
C01196,Sneha Rao,Hyderabad,32,Female,Gold
C01197,Aishwarya Rao,Bengaluru,39,Male,Gold
C01198,Kavya Rao,Pune,50,Female,Bronze
C01199,Harini Rao,Mumbai,46,Female,Silver
C01200,Divya Rao,Hyderabad,34,Male,Bronze
C01201,Aarav Sharma,Pune,21,Male,Bronze
C01202,Vivaan Sharma,Mumbai,43,Male,Silver
C01203,Aditya Sharma,Pune,39,Female,Silver
C01204,Arjun Sharma,Hyderabad,39,Female,Silver
C01205,Sai Sharma,Hyderabad,54,Male,Gold
C01206,Rahul Sharma,Mumbai,53,Male,Bronze
C01207,Karthik Sharma,Bengaluru,54,Male,Silver
C01208,Surya Sharma,Chennai,38,Female,Gold
C01209,Vikram Sharma,Mumbai,47,Male,Silver
C01210,Rohan Sharma,Bengaluru,21,Male,Gold
C01211,Ananya Sharma,Mumbai,35,Male,Bronze
C01212,Diya Sharma,Hyderabad,37,Female,Silver
C01213,Priya Sharma,Pune,58,Female,Gold
C01214,Meera Sharma,Bengaluru,37,Female,Bronze
C01215,Nisha Sharma,Chennai,56,Female,Bronze
C01216,Sneha Sharma,Chennai,24,Female,Gold
C01217,Aishwarya Sharma,Pune,19,Male,Silver
C01218,Kavya Sharma,Hyderabad,23,Male,Silver
C01219,Harini Sharma,Bengaluru,24,Male,Gold
C01220,Divya Sharma,Bengaluru,49,Male,Silver
C01221,Aarav Patel,Pune,36,Male,Gold
C01222,Vivaan Patel,Hyderabad,35,Female,Gold
C01223,Aditya Patel,Mumbai,47,Female,Bronze
C01224,Arjun Patel,Hyderabad,48,Male,Bronze
C01225,Sai Patel,Hyderabad,57,Female,Gold
C01226,Rahul Patel,Chennai,35,Female,Gold
C01227,Karthik Patel,Pune,48,Male,Gold
C01228,Surya Patel,Bengaluru,52,Male,Gold
C01229,Vikram Patel,Mumbai,39,Female,Silver
C01230,Rohan Patel,Chennai,34,Female,Silver
C01231,Ananya Patel,Chennai,52,Female,Gold
C01232,Diya Patel,Pune,20,Female,Bronze
C01233,Priya Patel,Bengaluru,24,Male,Gold
C01234,Meera Patel,Bengaluru,33,Female,Bronze
C01235,Nisha Patel,Mumbai,31,Female,Gold
C01236,Sneha Patel,Mumbai,22,Male,Silver
C01237,Aishwarya Patel,Pune,31,Female,Bronze
C01238,Kavya Patel,Hyderabad,54,Male,Silver
C01239,Harini Patel,Chennai,25,Male,Silver
C01240,Divya Patel,Hyderabad,34,Female,Silver
C01241,Aarav Reddy,Mumbai,59,Male,Silver
C01242,Vivaan Reddy,Hyderabad,31,Female,Bronze
C01243,Aditya Reddy,Mumbai,20,Male,Silver
C01244,Arjun Reddy,Mumbai,39,Female,Gold
C01245,Sai Reddy,Mumbai,55,Female,Gold
C01246,Rahul Reddy,Mumbai,42,Female,Silver
C01247,Karthik Reddy,Pune,30,Male,Bronze
C01248,Surya Reddy,Pune,27,Female,Gold
C01249,Vikram Reddy,Hyderabad,36,Male,Gold
C01250,Rohan Reddy,Hyderabad,38,Female,Silver
C01251,Ananya Reddy,Hyderabad,28,Female,Silver
C01252,Diya Reddy,Pune,38,Male,Bronze
C01253,Priya Reddy,Bengaluru,18,Male,Gold
C01254,Meera Reddy,Bengaluru,58,Female,Bronze
C01255,Nisha Reddy,Pune,18,Male,Bronze
C01256,Sneha Reddy,Hyderabad,20,Male,Silver
C01257,Aishwarya Reddy,Bengaluru,34,Female,Gold
C01258,Kavya Reddy,Chennai,34,Female,Gold
C01259,Harini Reddy,Mumbai,60,Male,Silver
C01260,Divya Reddy,Hyderabad,42,Female,Silver
C01261,Aarav Kumar,Bengaluru,45,Male,Silver
C01262,Vivaan Kumar,Bengaluru,38,Male,Bronze
C01263,Aditya Kumar,Mumbai,58,Male,Gold
C01264,Arjun Kumar,Bengaluru,35,Male,Silver
C01265,Sai Kumar,Chennai,45,Female,Bronze
C01266,Rahul Kumar,Chennai,33,Female,Gold
C01267,Karthik Kumar,Chennai,45,Female,Silver
C01268,Surya Kumar,Bengaluru,23,Female,Silver
C01269,Vikram Kumar,Mumbai,34,Female,Gold
C01270,Rohan Kumar,Hyderabad,49,Female,Gold
C01271,Ananya Kumar,Mumbai,31,Female,Silver
C01272,Diya Kumar,Chennai,28,Female,Silver
C01273,Priya Kumar,Pune,60,Male,Bronze
C01274,Meera Kumar,Mumbai,53,Female,Bronze
C01275,Nisha Kumar,Hyderabad,21,Female,Gold
C01276,Sneha Kumar,Bengaluru,35,Male,Silver
C01277,Aishwarya Kumar,Chennai,31,Female,Gold
C01278,Kavya Kumar,Pune,40,Female,Gold
C01279,Harini Kumar,Chennai,20,Female,Gold
C01280,Divya Kumar,Pune,34,Male,Silver
C01281,Aarav Singh,Chennai,32,Female,Gold
C01282,Vivaan Singh,Bengaluru,44,Male,Silver
C01283,Aditya Singh,Pune,46,Female,Gold
C01284,Arjun Singh,Mumbai,37,Male,Bronze
C01285,Sai Singh,Bengaluru,45,Female,Silver
C01286,Rahul Singh,Bengaluru,47,Female,Bronze
C01287,Karthik Singh,Hyderabad,55,Male,Silver
C01288,Surya Singh,Hyderabad,35,Female,Bronze
C01289,Vikram Singh,Bengaluru,51,Male,Silver
C01290,Rohan Singh,Bengaluru,19,Female,Gold
C01291,Ananya Singh,Bengaluru,19,Male,Bronze
C01292,Diya Singh,Bengaluru,60,Male,Silver
C01293,Priya Singh,Chennai,41,Male,Gold
C01294,Meera Singh,Chennai,54,Female,Silver
C01295,Nisha Singh,Chennai,42,Male,Silver
C01296,Sneha Singh,Hyderabad,19,Male,Gold
C01297,Aishwarya Singh,Mumbai,59,Male,Gold
C01298,Kavya Singh,Hyderabad,41,Female,Gold
C01299,Harini Singh,Bengaluru,47,Male,Silver
C01300,Divya Singh,Pune,47,Female,Bronze
C01301,Aarav Iyer,Bengaluru,19,Male,Bronze
C01302,Vivaan Iyer,Hyderabad,51,Female,Silver
C01303,Aditya Iyer,Chennai,45,Female,Bronze
C01304,Arjun Iyer,Mumbai,32,Male,Silver
C01305,Sai Iyer,Bengaluru,27,Male,Silver
C01306,Rahul Iyer,Pune,45,Male,Bronze
C01307,Karthik Iyer,Chennai,38,Male,Silver
C01308,Surya Iyer,Hyderabad,29,Male,Silver
C01309,Vikram Iyer,Pune,47,Female,Silver
C01310,Rohan Iyer,Bengaluru,55,Female,Gold
C01311,Ananya Iyer,Mumbai,34,Female,Bronze
C01312,Diya Iyer,Pune,33,Male,Silver
C01313,Priya Iyer,Chennai,49,Male,Gold
C01314,Meera Iyer,Bengaluru,18,Female,Silver
C01315,Nisha Iyer,Hyderabad,53,Male,Silver
C01316,Sneha Iyer,Pune,29,Female,Bronze
C01317,Aishwarya Iyer,Chennai,18,Male,Gold
C01318,Kavya Iyer,Hyderabad,33,Male,Gold
C01319,Harini Iyer,Hyderabad,53,Male,Bronze
C01320,Divya Iyer,Chennai,41,Female,Gold
C01321,Aarav Nair,Mumbai,40,Male,Silver
C01322,Vivaan Nair,Pune,53,Male,Silver
C01323,Aditya Nair,Bengaluru,38,Male,Silver
C01324,Arjun Nair,Pune,26,Female,Gold
C01325,Sai Nair,Pune,57,Male,Gold
C01326,Rahul Nair,Bengaluru,44,Male,Gold
C01327,Karthik Nair,Chennai,35,Male,Bronze
C01328,Surya Nair,Pune,52,Male,Silver
C01329,Vikram Nair,Pune,29,Male,Silver
C01330,Rohan Nair,Chennai,41,Female,Gold
C01331,Ananya Nair,Mumbai,50,Male,Bronze
C01332,Diya Nair,Bengaluru,25,Male,Gold
C01333,Priya Nair,Mumbai,34,Female,Silver
C01334,Meera Nair,Bengaluru,32,Female,Gold
C01335,Nisha Nair,Pune,52,Female,Silver
C01336,Sneha Nair,Mumbai,44,Female,Gold
C01337,Aishwarya Nair,Pune,23,Female,Silver
C01338,Kavya Nair,Mumbai,18,Male,Gold
C01339,Harini Nair,Pune,32,Female,Bronze
C01340,Divya Nair,Mumbai,21,Female,Bronze
C01341,Aarav Verma,Pune,51,Male,Silver
C01342,Vivaan Verma,Mumbai,29,Female,Silver
C01343,Aditya Verma,Hyderabad,19,Male,Silver
C01344,Arjun Verma,Chennai,24,Female,Silver
C01345,Sai Verma,Pune,39,Female,Bronze
C01346,Rahul Verma,Bengaluru,18,Female,Silver
C01347,Karthik Verma,Mumbai,60,Male,Silver
C01348,Surya Verma,Chennai,39,Female,Bronze
C01349,Vikram Verma,Mumbai,31,Male,Bronze
C01350,Rohan Verma,Chennai,23,Female,Gold
C01351,Ananya Verma,Pune,46,Male,Silver
C01352,Diya Verma,Pune,25,Female,Bronze
C01353,Priya Verma,Chennai,26,Male,Gold
C01354,Meera Verma,Chennai,35,Female,Silver
C01355,Nisha Verma,Bengaluru,30,Male,Gold
C01356,Sneha Verma,Pune,58,Male,Silver
C01357,Aishwarya Verma,Hyderabad,46,Male,Gold
C01358,Kavya Verma,Hyderabad,38,Male,Bronze
C01359,Harini Verma,Chennai,23,Female,Bronze
C01360,Divya Verma,Chennai,38,Male,Gold
C01361,Aarav Gupta,Pune,24,Male,Silver
C01362,Vivaan Gupta,Chennai,28,Male,Silver
C01363,Aditya Gupta,Mumbai,21,Male,Silver
C01364,Arjun Gupta,Bengaluru,45,Male,Bronze
C01365,Sai Gupta,Chennai,49,Male,Gold
C01366,Rahul Gupta,Hyderabad,57,Female,Bronze
C01367,Karthik Gupta,Bengaluru,59,Female,Silver
C01368,Surya Gupta,Mumbai,26,Female,Silver
C01369,Vikram Gupta,Hyderabad,43,Male,Silver
C01370,Rohan Gupta,Bengaluru,32,Female,Bronze
C01371,Ananya Gupta,Chennai,52,Female,Silver
C01372,Diya Gupta,Mumbai,56,Female,Silver
C01373,Priya Gupta,Pune,24,Male,Gold
C01374,Meera Gupta,Bengaluru,50,Female,Gold
C01375,Nisha Gupta,Chennai,49,Male,Gold
C01376,Sneha Gupta,Bengaluru,60,Female,Bronze
C01377,Aishwarya Gupta,Hyderabad,39,Male,Bronze
C01378,Kavya Gupta,Chennai,41,Female,Silver
C01379,Harini Gupta,Mumbai,20,Male,Gold
C01380,Divya Gupta,Hyderabad,48,Female,Gold
C01381,Aarav Rao,Pune,38,Female,Bronze
C01382,Vivaan Rao,Mumbai,29,Female,Bronze
C01383,Aditya Rao,Chennai,52,Female,Gold
C01384,Arjun Rao,Bengaluru,57,Male,Bronze
C01385,Sai Rao,Pune,47,Female,Silver
C01386,Rahul Rao,Bengaluru,43,Female,Silver
C01387,Karthik Rao,Mumbai,27,Female,Silver
C01388,Surya Rao,Bengaluru,26,Female,Silver
C01389,Vikram Rao,Chennai,25,Male,Silver
C01390,Rohan Rao,Mumbai,42,Male,Silver
C01391,Ananya Rao,Bengaluru,48,Male,Silver
C01392,Diya Rao,Hyderabad,54,Female,Gold
C01393,Priya Rao,Chennai,39,Male,Gold
C01394,Meera Rao,Bengaluru,36,Male,Bronze
C01395,Nisha Rao,Hyderabad,29,Female,Silver
C01396,Sneha Rao,Chennai,27,Male,Gold
C01397,Aishwarya Rao,Pune,19,Male,Silver
C01398,Kavya Rao,Bengaluru,50,Male,Gold
C01399,Harini Rao,Hyderabad,26,Female,Gold
C01400,Divya Rao,Mumbai,27,Male,Silver
C01401,Aarav Sharma,Hyderabad,51,Male,Bronze
C01402,Vivaan Sharma,Mumbai,59,Female,Silver
C01403,Aditya Sharma,Chennai,49,Female,Bronze
C01404,Arjun Sharma,Chennai,39,Female,Bronze
C01405,Sai Sharma,Chennai,28,Male,Silver
C01406,Rahul Sharma,Pune,59,Male,Silver
C01407,Karthik Sharma,Pune,40,Male,Bronze
C01408,Surya Sharma,Pune,33,Male,Silver
C01409,Vikram Sharma,Hyderabad,24,Male,Silver
C01410,Rohan Sharma,Hyderabad,52,Male,Silver
C01411,Ananya Sharma,Mumbai,45,Female,Gold
C01412,Diya Sharma,Chennai,18,Female,Bronze
C01413,Priya Sharma,Bengaluru,52,Male,Bronze
C01414,Meera Sharma,Mumbai,54,Male,Bronze
C01415,Nisha Sharma,Chennai,46,Female,Gold
C01416,Sneha Sharma,Mumbai,37,Female,Bronze
C01417,Aishwarya Sharma,Bengaluru,25,Female,Bronze
C01418,Kavya Sharma,Mumbai,21,Female,Gold
C01419,Harini Sharma,Chennai,56,Female,Silver
C01420,Divya Sharma,Pune,20,Male,Bronze
C01421,Aarav Patel,Mumbai,59,Male,Gold
C01422,Vivaan Patel,Chennai,36,Female,Gold
C01423,Aditya Patel,Mumbai,33,Female,Bronze
C01424,Arjun Patel,Pune,27,Female,Bronze
C01425,Sai Patel,Chennai,37,Female,Bronze
C01426,Rahul Patel,Pune,39,Female,Bronze
C01427,Karthik Patel,Chennai,29,Male,Gold
C01428,Surya Patel,Mumbai,39,Female,Silver
C01429,Vikram Patel,Bengaluru,19,Male,Gold
C01430,Rohan Patel,Bengaluru,35,Male,Silver
C01431,Ananya Patel,Pune,20,Male,Bronze
C01432,Diya Patel,Chennai,58,Male,Gold
C01433,Priya Patel,Mumbai,30,Female,Silver
C01434,Meera Patel,Mumbai,25,Female,Bronze
C01435,Nisha Patel,Mumbai,25,Male,Bronze
C01436,Sneha Patel,Bengaluru,45,Female,Gold
C01437,Aishwarya Patel,Mumbai,56,Male,Bronze
C01438,Kavya Patel,Mumbai,60,Male,Bronze
C01439,Harini Patel,Mumbai,28,Male,Silver
C01440,Divya Patel,Chennai,59,Male,Bronze
C01441,Aarav Reddy,Bengaluru,29,Female,Silver
C01442,Vivaan Reddy,Pune,55,Female,Gold
C01443,Aditya Reddy,Hyderabad,35,Female,Silver
C01444,Arjun Reddy,Bengaluru,43,Male,Bronze
C01445,Sai Reddy,Chennai,29,Female,Bronze
C01446,Rahul Reddy,Hyderabad,30,Female,Silver
C01447,Karthik Reddy,Hyderabad,56,Female,Bronze
C01448,Surya Reddy,Pune,57,Male,Bronze
C01449,Vikram Reddy,Pune,49,Female,Silver
C01450,Rohan Reddy,Chennai,27,Female,Gold
C01451,Ananya Reddy,Bengaluru,25,Female,Silver
C01452,Diya Reddy,Hyderabad,48,Male,Bronze
C01453,Priya Reddy,Mumbai,28,Male,Silver
C01454,Meera Reddy,Pune,31,Female,Silver
C01455,Nisha Reddy,Pune,34,Male,Silver
C01456,Sneha Reddy,Hyderabad,47,Female,Bronze
C01457,Aishwarya Reddy,Mumbai,57,Male,Silver
C01458,Kavya Reddy,Pune,28,Male,Silver
C01459,Harini Reddy,Hyderabad,22,Male,Gold
C01460,Divya Reddy,Bengaluru,48,Female,Bronze
C01461,Aarav Kumar,Hyderabad,48,Female,Gold
C01462,Vivaan Kumar,Hyderabad,45,Male,Silver
C01463,Aditya Kumar,Chennai,44,Female,Gold
C01464,Arjun Kumar,Chennai,31,Male,Silver
C01465,Sai Kumar,Mumbai,40,Female,Silver
C01466,Rahul Kumar,Mumbai,40,Male,Bronze
C01467,Karthik Kumar,Chennai,36,Female,Bronze
C01468,Surya Kumar,Pune,52,Male,Gold
C01469,Vikram Kumar,Mumbai,23,Male,Silver
C01470,Rohan Kumar,Chennai,42,Female,Gold
C01471,Ananya Kumar,Hyderabad,48,Female,Silver
C01472,Diya Kumar,Mumbai,37,Male,Bronze
C01473,Priya Kumar,Pune,30,Female,Bronze
C01474,Meera Kumar,Hyderabad,57,Female,Bronze
C01475,Nisha Kumar,Bengaluru,49,Male,Silver
C01476,Sneha Kumar,Hyderabad,23,Female,Bronze
C01477,Aishwarya Kumar,Bengaluru,41,Female,Silver
C01478,Kavya Kumar,Mumbai,55,Female,Gold
C01479,Harini Kumar,Chennai,18,Male,Gold
C01480,Divya Kumar,Pune,18,Female,Bronze
C01481,Aarav Singh,Bengaluru,58,Male,Bronze
C01482,Vivaan Singh,Bengaluru,49,Female,Gold
C01483,Aditya Singh,Bengaluru,22,Female,Gold
C01484,Arjun Singh,Pune,24,Female,Bronze
C01485,Sai Singh,Pune,26,Male,Bronze
C01486,Rahul Singh,Chennai,59,Female,Bronze
C01487,Karthik Singh,Hyderabad,60,Female,Silver
C01488,Surya Singh,Mumbai,45,Male,Bronze
C01489,Vikram Singh,Hyderabad,44,Female,Bronze
C01490,Rohan Singh,Bengaluru,38,Male,Silver
C01491,Ananya Singh,Chennai,32,Female,Gold
C01492,Diya Singh,Chennai,50,Male,Gold
C01493,Priya Singh,Bengaluru,21,Female,Bronze
C01494,Meera Singh,Hyderabad,35,Female,Bronze
C01495,Nisha Singh,Pune,59,Female,Bronze
C01496,Sneha Singh,Bengaluru,18,Female,Bronze
C01497,Aishwarya Singh,Mumbai,50,Male,Gold
C01498,Kavya Singh,Hyderabad,21,Male,Gold
C01499,Harini Singh,Hyderabad,28,Male,Silver
C01500,Divya Singh,Chennai,46,Female,Gold
C01501,Aarav Iyer,Hyderabad,49,Female,Silver
C01502,Vivaan Iyer,Pune,48,Female,Gold
C01503,Aditya Iyer,Hyderabad,19,Male,Bronze
C01504,Arjun Iyer,Hyderabad,35,Female,Silver
C01505,Sai Iyer,Pune,54,Female,Gold
C01506,Rahul Iyer,Bengaluru,41,Female,Gold
C01507,Karthik Iyer,Chennai,25,Female,Gold
C01508,Surya Iyer,Chennai,26,Female,Gold
C01509,Vikram Iyer,Pune,50,Male,Bronze
C01510,Rohan Iyer,Pune,55,Male,Silver
C01511,Ananya Iyer,Bengaluru,49,Female,Bronze
C01512,Diya Iyer,Pune,43,Female,Gold
C01513,Priya Iyer,Pune,23,Male,Bronze
C01514,Meera Iyer,Chennai,46,Female,Bronze
C01515,Nisha Iyer,Chennai,47,Male,Gold
C01516,Sneha Iyer,Hyderabad,38,Female,Gold
C01517,Aishwarya Iyer,Mumbai,32,Female,Bronze
C01518,Kavya Iyer,Chennai,36,Male,Silver
C01519,Harini Iyer,Bengaluru,60,Female,Silver
C01520,Divya Iyer,Mumbai,48,Female,Gold
C01521,Aarav Nair,Bengaluru,54,Female,Silver
C01522,Vivaan Nair,Hyderabad,33,Female,Bronze
C01523,Aditya Nair,Hyderabad,53,Male,Silver
C01524,Arjun Nair,Pune,26,Male,Bronze
C01525,Sai Nair,Chennai,51,Female,Bronze
C01526,Rahul Nair,Mumbai,28,Male,Bronze
C01527,Karthik Nair,Bengaluru,36,Female,Bronze
C01528,Surya Nair,Mumbai,51,Male,Silver
C01529,Vikram Nair,Mumbai,41,Male,Bronze
C01530,Rohan Nair,Pune,35,Male,Silver
C01531,Ananya Nair,Bengaluru,53,Female,Bronze
C01532,Diya Nair,Mumbai,29,Female,Bronze
C01533,Priya Nair,Pune,60,Female,Gold
C01534,Meera Nair,Hyderabad,18,Female,Bronze
C01535,Nisha Nair,Pune,30,Male,Silver
C01536,Sneha Nair,Chennai,46,Female,Gold
C01537,Aishwarya Nair,Pune,28,Male,Bronze
C01538,Kavya Nair,Hyderabad,52,Male,Gold
C01539,Harini Nair,Chennai,30,Male,Silver
C01540,Divya Nair,Bengaluru,51,Female,Gold
C01541,Aarav Verma,Mumbai,29,Female,Bronze
C01542,Vivaan Verma,Pune,22,Female,Silver
C01543,Aditya Verma,Mumbai,34,Male,Silver
C01544,Arjun Verma,Pune,20,Male,Silver
C01545,Sai Verma,Pune,28,Female,Bronze
C01546,Rahul Verma,Hyderabad,19,Male,Gold
C01547,Karthik Verma,Mumbai,60,Female,Bronze
C01548,Surya Verma,Chennai,47,Male,Silver
C01549,Vikram Verma,Pune,44,Male,Bronze
C01550,Rohan Verma,Pune,29,Female,Silver
C01551,Ananya Verma,Bengaluru,22,Female,Silver
C01552,Diya Verma,Hyderabad,24,Male,Gold
C01553,Priya Verma,Hyderabad,32,Female,Gold
C01554,Meera Verma,Bengaluru,51,Male,Bronze
C01555,Nisha Verma,Chennai,23,Female,Gold
C01556,Sneha Verma,Pune,44,Female,Silver
C01557,Aishwarya Verma,Hyderabad,26,Male,Bronze
C01558,Kavya Verma,Bengaluru,47,Male,Gold
C01559,Harini Verma,Bengaluru,34,Female,Silver
C01560,Divya Verma,Hyderabad,25,Female,Silver
C01561,Aarav Gupta,Chennai,51,Female,Bronze
C01562,Vivaan Gupta,Chennai,56,Male,Silver
C01563,Aditya Gupta,Bengaluru,42,Male,Gold
C01564,Arjun Gupta,Mumbai,56,Male,Silver
C01565,Sai Gupta,Hyderabad,53,Female,Bronze
C01566,Rahul Gupta,Bengaluru,18,Female,Silver
C01567,Karthik Gupta,Bengaluru,41,Female,Silver
C01568,Surya Gupta,Bengaluru,41,Male,Gold
C01569,Vikram Gupta,Mumbai,55,Male,Bronze
C01570,Rohan Gupta,Pune,51,Female,Bronze
C01571,Ananya Gupta,Pune,55,Male,Silver
C01572,Diya Gupta,Hyderabad,45,Female,Silver
C01573,Priya Gupta,Mumbai,22,Male,Bronze
C01574,Meera Gupta,Bengaluru,59,Male,Gold
C01575,Nisha Gupta,Chennai,60,Female,Silver
C01576,Sneha Gupta,Pune,53,Male,Silver
C01577,Aishwarya Gupta,Hyderabad,21,Male,Gold
C01578,Kavya Gupta,Hyderabad,25,Female,Silver
C01579,Harini Gupta,Bengaluru,30,Male,Bronze
C01580,Divya Gupta,Mumbai,19,Male,Bronze
C01581,Aarav Rao,Chennai,29,Female,Gold
C01582,Vivaan Rao,Hyderabad,55,Female,Bronze
C01583,Aditya Rao,Pune,59,Female,Gold
C01584,Arjun Rao,Bengaluru,19,Male,Gold
C01585,Sai Rao,Mumbai,47,Female,Bronze
C01586,Rahul Rao,Bengaluru,24,Female,Bronze
C01587,Karthik Rao,Bengaluru,20,Male,Gold
C01588,Surya Rao,Pune,48,Female,Bronze
C01589,Vikram Rao,Chennai,58,Female,Silver
C01590,Rohan Rao,Pune,49,Male,Bronze
C01591,Ananya Rao,Hyderabad,49,Female,Bronze
C01592,Diya Rao,Chennai,30,Female,Silver
C01593,Priya Rao,Bengaluru,20,Male,Bronze
C01594,Meera Rao,Hyderabad,48,Male,Gold
C01595,Nisha Rao,Pune,55,Female,Gold
C01596,Sneha Rao,Hyderabad,58,Male,Silver
C01597,Aishwarya Rao,Chennai,29,Male,Bronze
C01598,Kavya Rao,Bengaluru,38,Female,Silver
C01599,Harini Rao,Pune,24,Female,Gold
C01600,Divya Rao,Hyderabad,23,Female,Silver
C01601,Aarav Sharma,Chennai,26,Male,Bronze
C01602,Vivaan Sharma,Pune,57,Female,Silver
C01603,Aditya Sharma,Pune,51,Male,Bronze
C01604,Arjun Sharma,Hyderabad,18,Male,Gold
C01605,Sai Sharma,Bengaluru,56,Male,Bronze
C01606,Rahul Sharma,Hyderabad,35,Female,Silver
C01607,Karthik Sharma,Chennai,38,Male,Gold
C01608,Surya Sharma,Mumbai,25,Male,Gold
C01609,Vikram Sharma,Hyderabad,38,Female,Bronze
C01610,Rohan Sharma,Pune,18,Female,Gold
C01611,Ananya Sharma,Hyderabad,38,Female,Bronze
C01612,Diya Sharma,Bengaluru,50,Female,Silver
C01613,Priya Sharma,Hyderabad,23,Female,Bronze
C01614,Meera Sharma,Bengaluru,21,Female,Silver
C01615,Nisha Sharma,Hyderabad,39,Female,Gold
C01616,Sneha Sharma,Hyderabad,51,Male,Bronze
C01617,Aishwarya Sharma,Pune,39,Male,Bronze
C01618,Kavya Sharma,Mumbai,30,Male,Gold
C01619,Harini Sharma,Mumbai,57,Female,Gold
C01620,Divya Sharma,Chennai,18,Male,Gold
C01621,Aarav Patel,Mumbai,19,Female,Silver
C01622,Vivaan Patel,Pune,36,Female,Bronze
C01623,Aditya Patel,Chennai,25,Male,Gold
C01624,Arjun Patel,Bengaluru,31,Male,Gold
C01625,Sai Patel,Mumbai,48,Female,Silver
C01626,Rahul Patel,Bengaluru,34,Male,Gold
C01627,Karthik Patel,Bengaluru,53,Male,Gold
C01628,Surya Patel,Hyderabad,30,Male,Gold
C01629,Vikram Patel,Hyderabad,49,Female,Bronze
C01630,Rohan Patel,Hyderabad,49,Male,Gold
C01631,Ananya Patel,Pune,35,Female,Bronze
C01632,Diya Patel,Mumbai,37,Female,Bronze
C01633,Priya Patel,Pune,50,Male,Gold
C01634,Meera Patel,Chennai,53,Female,Bronze
C01635,Nisha Patel,Bengaluru,42,Male,Silver
C01636,Sneha Patel,Mumbai,57,Male,Bronze
C01637,Aishwarya Patel,Hyderabad,50,Male,Gold
C01638,Kavya Patel,Pune,36,Male,Gold
C01639,Harini Patel,Chennai,55,Male,Bronze
C01640,Divya Patel,Bengaluru,25,Male,Bronze
C01641,Aarav Reddy,Mumbai,47,Male,Bronze
C01642,Vivaan Reddy,Hyderabad,47,Female,Silver
C01643,Aditya Reddy,Pune,27,Male,Silver
C01644,Arjun Reddy,Mumbai,41,Female,Silver
C01645,Sai Reddy,Pune,36,Female,Silver
C01646,Rahul Reddy,Chennai,43,Male,Silver
C01647,Karthik Reddy,Hyderabad,31,Male,Gold
C01648,Surya Reddy,Mumbai,20,Female,Silver
C01649,Vikram Reddy,Bengaluru,39,Male,Bronze
C01650,Rohan Reddy,Chennai,20,Female,Gold
C01651,Ananya Reddy,Pune,46,Female,Gold
C01652,Diya Reddy,Chennai,37,Male,Bronze
C01653,Priya Reddy,Chennai,51,Female,Silver
C01654,Meera Reddy,Chennai,23,Male,Gold
C01655,Nisha Reddy,Pune,22,Male,Silver
C01656,Sneha Reddy,Bengaluru,53,Female,Gold
C01657,Aishwarya Reddy,Bengaluru,27,Male,Silver
C01658,Kavya Reddy,Pune,30,Male,Bronze
C01659,Harini Reddy,Mumbai,23,Female,Bronze
C01660,Divya Reddy,Mumbai,24,Male,Bronze
C01661,Aarav Kumar,Hyderabad,21,Male,Gold
C01662,Vivaan Kumar,Bengaluru,40,Female,Gold
C01663,Aditya Kumar,Hyderabad,39,Female,Silver
C01664,Arjun Kumar,Chennai,49,Male,Silver
C01665,Sai Kumar,Mumbai,43,Male,Silver
C01666,Rahul Kumar,Hyderabad,43,Male,Bronze
C01667,Karthik Kumar,Bengaluru,44,Male,Bronze
C01668,Surya Kumar,Hyderabad,46,Male,Silver
C01669,Vikram Kumar,Hyderabad,29,Female,Gold
C01670,Rohan Kumar,Pune,55,Female,Gold
C01671,Ananya Kumar,Chennai,58,Male,Silver
C01672,Diya Kumar,Hyderabad,33,Female,Silver
C01673,Priya Kumar,Bengaluru,49,Male,Bronze
C01674,Meera Kumar,Hyderabad,34,Male,Gold
C01675,Nisha Kumar,Hyderabad,38,Male,Bronze
C01676,Sneha Kumar,Mumbai,30,Male,Silver
C01677,Aishwarya Kumar,Pune,20,Male,Bronze
C01678,Kavya Kumar,Chennai,47,Male,Silver
C01679,Harini Kumar,Bengaluru,52,Female,Silver
C01680,Divya Kumar,Hyderabad,48,Male,Silver
C01681,Aarav Singh,Pune,48,Male,Bronze
C01682,Vivaan Singh,Pune,39,Male,Silver
C01683,Aditya Singh,Bengaluru,37,Female,Silver
C01684,Arjun Singh,Chennai,20,Female,Bronze
C01685,Sai Singh,Hyderabad,30,Male,Bronze
C01686,Rahul Singh,Hyderabad,54,Female,Bronze
C01687,Karthik Singh,Chennai,53,Female,Gold
C01688,Surya Singh,Pune,38,Male,Gold
C01689,Vikram Singh,Pune,25,Male,Gold
C01690,Rohan Singh,Mumbai,44,Male,Gold
C01691,Ananya Singh,Pune,58,Male,Silver
C01692,Diya Singh,Bengaluru,60,Male,Silver
C01693,Priya Singh,Bengaluru,45,Male,Silver
C01694,Meera Singh,Bengaluru,50,Female,Silver
C01695,Nisha Singh,Mumbai,37,Male,Gold
C01696,Sneha Singh,Chennai,57,Female,Silver
C01697,Aishwarya Singh,Hyderabad,49,Female,Silver
C01698,Kavya Singh,Hyderabad,48,Female,Silver
C01699,Harini Singh,Hyderabad,21,Male,Silver
C01700,Divya Singh,Bengaluru,49,Male,Bronze
C01701,Aarav Iyer,Bengaluru,45,Female,Gold
C01702,Vivaan Iyer,Chennai,43,Female,Gold
C01703,Aditya Iyer,Chennai,36,Female,Silver
C01704,Arjun Iyer,Bengaluru,20,Female,Gold
C01705,Sai Iyer,Pune,20,Male,Bronze
C01706,Rahul Iyer,Hyderabad,24,Male,Silver
C01707,Karthik Iyer,Pune,27,Male,Silver
C01708,Surya Iyer,Hyderabad,18,Male,Silver
C01709,Vikram Iyer,Pune,42,Female,Silver
C01710,Rohan Iyer,Chennai,20,Male,Silver
C01711,Ananya Iyer,Mumbai,19,Male,Bronze
C01712,Diya Iyer,Hyderabad,38,Male,Gold
C01713,Priya Iyer,Mumbai,59,Female,Bronze
C01714,Meera Iyer,Pune,50,Female,Bronze
C01715,Nisha Iyer,Hyderabad,25,Female,Bronze
C01716,Sneha Iyer,Bengaluru,52,Male,Bronze
C01717,Aishwarya Iyer,Hyderabad,55,Female,Gold
C01718,Kavya Iyer,Mumbai,32,Male,Silver
C01719,Harini Iyer,Bengaluru,30,Female,Bronze
C01720,Divya Iyer,Hyderabad,32,Female,Bronze
C01721,Aarav Nair,Bengaluru,29,Female,Bronze
C01722,Vivaan Nair,Bengaluru,42,Male,Bronze
C01723,Aditya Nair,Bengaluru,57,Male,Gold
C01724,Arjun Nair,Bengaluru,21,Male,Silver
C01725,Sai Nair,Pune,20,Female,Bronze
C01726,Rahul Nair,Pune,26,Female,Silver
C01727,Karthik Nair,Hyderabad,40,Male,Bronze
C01728,Surya Nair,Chennai,39,Male,Silver
C01729,Vikram Nair,Chennai,54,Female,Silver
C01730,Rohan Nair,Pune,46,Female,Gold
C01731,Ananya Nair,Hyderabad,45,Female,Gold
C01732,Diya Nair,Chennai,56,Male,Silver
C01733,Priya Nair,Mumbai,44,Male,Bronze
C01734,Meera Nair,Chennai,58,Female,Bronze
C01735,Nisha Nair,Pune,27,Female,Silver
C01736,Sneha Nair,Chennai,60,Male,Silver
C01737,Aishwarya Nair,Mumbai,36,Male,Silver
C01738,Kavya Nair,Pune,55,Male,Gold
C01739,Harini Nair,Pune,48,Male,Silver
C01740,Divya Nair,Pune,25,Female,Gold
C01741,Aarav Verma,Mumbai,42,Male,Gold
C01742,Vivaan Verma,Chennai,20,Male,Gold
C01743,Aditya Verma,Pune,29,Male,Gold
C01744,Arjun Verma,Hyderabad,18,Male,Silver
C01745,Sai Verma,Mumbai,60,Female,Silver
C01746,Rahul Verma,Pune,37,Male,Bronze
C01747,Karthik Verma,Pune,57,Female,Silver
C01748,Surya Verma,Mumbai,20,Male,Silver
C01749,Vikram Verma,Pune,31,Male,Bronze
C01750,Rohan Verma,Hyderabad,31,Male,Bronze
C01751,Ananya Verma,Mumbai,60,Male,Bronze
C01752,Diya Verma,Hyderabad,20,Male,Bronze
C01753,Priya Verma,Bengaluru,46,Male,Silver
C01754,Meera Verma,Pune,40,Female,Bronze
C01755,Nisha Verma,Chennai,57,Male,Bronze
C01756,Sneha Verma,Chennai,56,Female,Gold
C01757,Aishwarya Verma,Hyderabad,55,Male,Gold
C01758,Kavya Verma,Chennai,54,Female,Silver
C01759,Harini Verma,Hyderabad,52,Female,Silver
C01760,Divya Verma,Chennai,48,Male,Gold
C01761,Aarav Gupta,Chennai,23,Male,Gold
C01762,Vivaan Gupta,Mumbai,23,Female,Silver
C01763,Aditya Gupta,Chennai,47,Female,Bronze
C01764,Arjun Gupta,Hyderabad,25,Female,Gold
C01765,Sai Gupta,Hyderabad,32,Male,Gold
C01766,Rahul Gupta,Chennai,50,Male,Gold
C01767,Karthik Gupta,Chennai,48,Female,Gold
C01768,Surya Gupta,Pune,38,Female,Gold
C01769,Vikram Gupta,Hyderabad,57,Female,Bronze
C01770,Rohan Gupta,Chennai,52,Female,Gold
C01771,Ananya Gupta,Bengaluru,27,Male,Gold
C01772,Diya Gupta,Bengaluru,18,Male,Bronze
C01773,Priya Gupta,Bengaluru,24,Female,Silver
C01774,Meera Gupta,Hyderabad,59,Male,Gold
C01775,Nisha Gupta,Hyderabad,37,Female,Bronze
C01776,Sneha Gupta,Mumbai,54,Female,Silver
C01777,Aishwarya Gupta,Mumbai,32,Female,Silver
C01778,Kavya Gupta,Chennai,42,Female,Gold
C01779,Harini Gupta,Mumbai,43,Male,Bronze
C01780,Divya Gupta,Bengaluru,48,Male,Silver
C01781,Aarav Rao,Mumbai,59,Male,Silver
C01782,Vivaan Rao,Hyderabad,21,Female,Gold
C01783,Aditya Rao,Pune,56,Female,Silver
C01784,Arjun Rao,Chennai,47,Female,Bronze
C01785,Sai Rao,Mumbai,43,Male,Gold
C01786,Rahul Rao,Pune,57,Male,Gold
C01787,Karthik Rao,Hyderabad,43,Female,Gold
C01788,Surya Rao,Pune,54,Male,Gold
C01789,Vikram Rao,Mumbai,56,Female,Silver
C01790,Rohan Rao,Pune,37,Female,Gold
C01791,Ananya Rao,Bengaluru,60,Female,Bronze
C01792,Diya Rao,Pune,40,Female,Bronze
C01793,Priya Rao,Bengaluru,55,Female,Silver
C01794,Meera Rao,Bengaluru,58,Male,Bronze
C01795,Nisha Rao,Pune,26,Male,Gold
C01796,Sneha Rao,Pune,55,Male,Silver
C01797,Aishwarya Rao,Hyderabad,18,Female,Gold
C01798,Kavya Rao,Chennai,41,Female,Gold
C01799,Harini Rao,Chennai,48,Female,Bronze
C01800,Divya Rao,Pune,26,Male,Silver
C01801,Aarav Sharma,Hyderabad,18,Male,Silver
C01802,Vivaan Sharma,Hyderabad,39,Female,Bronze
C01803,Aditya Sharma,Chennai,21,Female,Bronze
C01804,Arjun Sharma,Pune,48,Female,Bronze
C01805,Sai Sharma,Hyderabad,18,Female,Gold
C01806,Rahul Sharma,Hyderabad,50,Male,Gold
C01807,Karthik Sharma,Pune,20,Female,Gold
C01808,Surya Sharma,Bengaluru,49,Male,Bronze
C01809,Vikram Sharma,Chennai,29,Female,Bronze
C01810,Rohan Sharma,Hyderabad,44,Female,Bronze
C01811,Ananya Sharma,Mumbai,33,Male,Silver
C01812,Diya Sharma,Bengaluru,26,Female,Bronze
C01813,Priya Sharma,Mumbai,51,Male,Gold
C01814,Meera Sharma,Mumbai,28,Female,Gold
C01815,Nisha Sharma,Pune,25,Female,Bronze
C01816,Sneha Sharma,Hyderabad,32,Male,Silver
C01817,Aishwarya Sharma,Pune,37,Male,Gold
C01818,Kavya Sharma,Mumbai,55,Male,Silver
C01819,Harini Sharma,Pune,45,Female,Gold
C01820,Divya Sharma,Hyderabad,27,Female,Silver
C01821,Aarav Patel,Hyderabad,20,Female,Bronze
C01822,Vivaan Patel,Chennai,38,Female,Gold
C01823,Aditya Patel,Mumbai,22,Female,Silver
C01824,Arjun Patel,Hyderabad,40,Male,Bronze
C01825,Sai Patel,Chennai,46,Female,Bronze
C01826,Rahul Patel,Mumbai,21,Male,Bronze
C01827,Karthik Patel,Mumbai,56,Female,Bronze
C01828,Surya Patel,Pune,58,Female,Silver
C01829,Vikram Patel,Pune,31,Male,Silver
C01830,Rohan Patel,Hyderabad,56,Male,Bronze
C01831,Ananya Patel,Pune,33,Female,Silver
C01832,Diya Patel,Chennai,56,Female,Bronze
C01833,Priya Patel,Mumbai,47,Female,Bronze
C01834,Meera Patel,Pune,19,Female,Silver
C01835,Nisha Patel,Chennai,30,Female,Silver
C01836,Sneha Patel,Pune,20,Male,Bronze
C01837,Aishwarya Patel,Bengaluru,37,Male,Bronze
C01838,Kavya Patel,Pune,24,Female,Silver
C01839,Harini Patel,Bengaluru,25,Female,Bronze
C01840,Divya Patel,Hyderabad,44,Male,Silver
C01841,Aarav Reddy,Chennai,22,Female,Bronze
C01842,Vivaan Reddy,Chennai,33,Female,Bronze
C01843,Aditya Reddy,Bengaluru,22,Male,Silver
C01844,Arjun Reddy,Bengaluru,36,Male,Silver
C01845,Sai Reddy,Hyderabad,60,Female,Gold
C01846,Rahul Reddy,Hyderabad,24,Male,Silver
C01847,Karthik Reddy,Chennai,26,Male,Gold
C01848,Surya Reddy,Hyderabad,42,Male,Gold
C01849,Vikram Reddy,Hyderabad,56,Female,Gold
C01850,Rohan Reddy,Bengaluru,27,Male,Silver
C01851,Ananya Reddy,Bengaluru,24,Female,Silver
C01852,Diya Reddy,Mumbai,28,Male,Bronze
C01853,Priya Reddy,Chennai,42,Female,Silver
C01854,Meera Reddy,Pune,60,Female,Gold
C01855,Nisha Reddy,Hyderabad,33,Female,Bronze
C01856,Sneha Reddy,Bengaluru,43,Female,Gold
C01857,Aishwarya Reddy,Hyderabad,36,Male,Bronze
C01858,Kavya Reddy,Pune,25,Male,Bronze
C01859,Harini Reddy,Pune,41,Male,Bronze
C01860,Divya Reddy,Bengaluru,50,Male,Bronze
C01861,Aarav Kumar,Chennai,30,Female,Bronze
C01862,Vivaan Kumar,Chennai,47,Female,Bronze
C01863,Aditya Kumar,Mumbai,48,Female,Gold
C01864,Arjun Kumar,Mumbai,48,Female,Silver
C01865,Sai Kumar,Pune,42,Female,Silver
C01866,Rahul Kumar,Bengaluru,35,Female,Bronze
C01867,Karthik Kumar,Hyderabad,29,Female,Bronze
C01868,Surya Kumar,Chennai,59,Female,Silver
C01869,Vikram Kumar,Bengaluru,19,Male,Gold
C01870,Rohan Kumar,Hyderabad,19,Female,Silver
C01871,Ananya Kumar,Mumbai,52,Male,Bronze
C01872,Diya Kumar,Chennai,34,Female,Bronze
C01873,Priya Kumar,Mumbai,41,Male,Gold
C01874,Meera Kumar,Mumbai,36,Female,Silver
C01875,Nisha Kumar,Hyderabad,25,Female,Gold
C01876,Sneha Kumar,Hyderabad,50,Female,Silver
C01877,Aishwarya Kumar,Chennai,38,Male,Gold
C01878,Kavya Kumar,Mumbai,24,Female,Bronze
C01879,Harini Kumar,Bengaluru,40,Male,Gold
C01880,Divya Kumar,Chennai,37,Female,Silver
C01881,Aarav Singh,Bengaluru,60,Male,Bronze
C01882,Vivaan Singh,Pune,47,Female,Silver
C01883,Aditya Singh,Bengaluru,52,Female,Silver
C01884,Arjun Singh,Chennai,51,Male,Gold
C01885,Sai Singh,Bengaluru,20,Female,Silver
C01886,Rahul Singh,Pune,29,Female,Bronze
C01887,Karthik Singh,Bengaluru,49,Female,Gold
C01888,Surya Singh,Hyderabad,24,Female,Silver
C01889,Vikram Singh,Pune,51,Male,Gold
C01890,Rohan Singh,Mumbai,25,Male,Gold
C01891,Ananya Singh,Bengaluru,57,Male,Bronze
C01892,Diya Singh,Hyderabad,43,Male,Bronze
C01893,Priya Singh,Hyderabad,52,Female,Bronze
C01894,Meera Singh,Chennai,43,Female,Gold
C01895,Nisha Singh,Hyderabad,33,Female,Silver
C01896,Sneha Singh,Chennai,43,Male,Bronze
C01897,Aishwarya Singh,Pune,56,Male,Gold
C01898,Kavya Singh,Mumbai,40,Male,Gold
C01899,Harini Singh,Bengaluru,49,Female,Gold
C01900,Divya Singh,Chennai,37,Female,Gold
C01901,Aarav Iyer,Bengaluru,52,Female,Bronze
C01902,Vivaan Iyer,Hyderabad,45,Female,Silver
C01903,Aditya Iyer,Bengaluru,30,Male,Silver
C01904,Arjun Iyer,Pune,52,Male,Bronze
C01905,Sai Iyer,Pune,22,Female,Bronze
C01906,Rahul Iyer,Chennai,44,Male,Silver
C01907,Karthik Iyer,Bengaluru,23,Female,Gold
C01908,Surya Iyer,Hyderabad,38,Male,Silver
C01909,Vikram Iyer,Bengaluru,59,Female,Silver
C01910,Rohan Iyer,Hyderabad,19,Female,Gold
C01911,Ananya Iyer,Mumbai,45,Male,Silver
C01912,Diya Iyer,Hyderabad,43,Male,Bronze
C01913,Priya Iyer,Pune,39,Female,Gold
C01914,Meera Iyer,Pune,58,Female,Silver
C01915,Nisha Iyer,Bengaluru,56,Female,Gold
C01916,Sneha Iyer,Hyderabad,38,Male,Bronze
C01917,Aishwarya Iyer,Chennai,47,Female,Silver
C01918,Kavya Iyer,Pune,52,Male,Silver
C01919,Harini Iyer,Pune,43,Male,Gold
C01920,Divya Iyer,Chennai,50,Female,Bronze
C01921,Aarav Nair,Mumbai,49,Female,Bronze
C01922,Vivaan Nair,Chennai,47,Male,Silver
C01923,Aditya Nair,Hyderabad,60,Male,Gold
C01924,Arjun Nair,Bengaluru,48,Male,Gold
C01925,Sai Nair,Pune,60,Male,Gold
C01926,Rahul Nair,Bengaluru,37,Male,Gold
C01927,Karthik Nair,Bengaluru,56,Male,Bronze
C01928,Surya Nair,Hyderabad,53,Female,Silver
C01929,Vikram Nair,Chennai,45,Female,Bronze
C01930,Rohan Nair,Mumbai,39,Male,Silver
C01931,Ananya Nair,Chennai,30,Female,Bronze
C01932,Diya Nair,Mumbai,57,Female,Silver
C01933,Priya Nair,Pune,30,Male,Silver
C01934,Meera Nair,Pune,34,Female,Silver
C01935,Nisha Nair,Chennai,56,Female,Silver
C01936,Sneha Nair,Mumbai,47,Female,Gold
C01937,Aishwarya Nair,Bengaluru,21,Female,Gold
C01938,Kavya Nair,Mumbai,27,Male,Silver
C01939,Harini Nair,Mumbai,56,Female,Bronze
C01940,Divya Nair,Chennai,29,Male,Gold
C01941,Aarav Verma,Hyderabad,54,Female,Gold
C01942,Vivaan Verma,Mumbai,31,Female,Silver
C01943,Aditya Verma,Bengaluru,26,Male,Silver
C01944,Arjun Verma,Hyderabad,33,Female,Silver
C01945,Sai Verma,Hyderabad,59,Male,Silver
C01946,Rahul Verma,Bengaluru,26,Female,Silver
C01947,Karthik Verma,Mumbai,60,Female,Gold
C01948,Surya Verma,Chennai,45,Female,Silver
C01949,Vikram Verma,Mumbai,52,Male,Bronze
C01950,Rohan Verma,Bengaluru,26,Female,Silver
C01951,Ananya Verma,Bengaluru,31,Male,Silver
C01952,Diya Verma,Hyderabad,35,Male,Silver
C01953,Priya Verma,Bengaluru,37,Female,Bronze
C01954,Meera Verma,Bengaluru,59,Female,Gold
C01955,Nisha Verma,Mumbai,24,Male,Gold
C01956,Sneha Verma,Hyderabad,42,Female,Gold
C01957,Aishwarya Verma,Pune,60,Male,Bronze
C01958,Kavya Verma,Mumbai,47,Male,Bronze
C01959,Harini Verma,Chennai,26,Female,Bronze
C01960,Divya Verma,Chennai,41,Male,Gold
C01961,Aarav Gupta,Hyderabad,20,Male,Gold
C01962,Vivaan Gupta,Bengaluru,57,Male,Bronze
C01963,Aditya Gupta,Pune,23,Female,Bronze
C01964,Arjun Gupta,Chennai,49,Female,Bronze
C01965,Sai Gupta,Bengaluru,53,Male,Gold
C01966,Rahul Gupta,Bengaluru,36,Female,Bronze
C01967,Karthik Gupta,Mumbai,43,Female,Gold
C01968,Surya Gupta,Chennai,31,Male,Silver
C01969,Vikram Gupta,Chennai,51,Male,Bronze
C01970,Rohan Gupta,Mumbai,22,Female,Silver
C01971,Ananya Gupta,Chennai,54,Male,Silver
C01972,Diya Gupta,Pune,21,Male,Gold
C01973,Priya Gupta,Chennai,19,Male,Bronze
C01974,Meera Gupta,Hyderabad,59,Female,Bronze
C01975,Nisha Gupta,Mumbai,58,Male,Gold
C01976,Sneha Gupta,Hyderabad,25,Female,Silver
C01977,Aishwarya Gupta,Hyderabad,56,Male,Bronze
C01978,Kavya Gupta,Mumbai,29,Male,Gold
C01979,Harini Gupta,Chennai,42,Female,Bronze
C01980,Divya Gupta,Bengaluru,37,Male,Gold
C01981,Aarav Rao,Pune,55,Male,Bronze
C01982,Vivaan Rao,Mumbai,38,Female,Silver
C01983,Aditya Rao,Mumbai,53,Female,Silver
C01984,Arjun Rao,Pune,59,Female,Silver
C01985,Sai Rao,Hyderabad,60,Male,Silver
C01986,Rahul Rao,Pune,50,Female,Silver
C01987,Karthik Rao,Hyderabad,25,Female,Bronze
C01988,Surya Rao,Bengaluru,35,Female,Bronze
C01989,Vikram Rao,Bengaluru,23,Male,Silver
C01990,Rohan Rao,Mumbai,60,Male,Gold
C01991,Ananya Rao,Chennai,59,Female,Gold
C01992,Diya Rao,Pune,30,Female,Silver
C01993,Priya Rao,Pune,38,Female,Gold
C01994,Meera Rao,Mumbai,59,Female,Gold
C01995,Nisha Rao,Pune,31,Male,Gold
C01996,Sneha Rao,Pune,59,Female,Gold
C01997,Aishwarya Rao,Pune,20,Male,Silver
C01998,Kavya Rao,Mumbai,60,Female,Bronze
C01999,Harini Rao,Chennai,37,Male,Bronze
C02000,Divya Rao,Hyderabad,58,Male,Bronze
C02001,Aarav Sharma,Mumbai,58,Male,Gold
C02002,Vivaan Sharma,Chennai,58,Male,Bronze
C02003,Aditya Sharma,Mumbai,22,Male,Gold
C02004,Arjun Sharma,Hyderabad,31,Male,Silver
C02005,Sai Sharma,Chennai,29,Female,Bronze
C02006,Rahul Sharma,Chennai,45,Female,Gold
C02007,Karthik Sharma,Pune,26,Female,Bronze
C02008,Surya Sharma,Mumbai,26,Female,Silver
C02009,Vikram Sharma,Chennai,43,Female,Gold
C02010,Rohan Sharma,Chennai,21,Male,Gold
C02011,Ananya Sharma,Chennai,56,Female,Bronze
C02012,Diya Sharma,Pune,44,Male,Silver
C02013,Priya Sharma,Bengaluru,33,Male,Gold
C02014,Meera Sharma,Mumbai,58,Male,Silver
C02015,Nisha Sharma,Mumbai,35,Male,Gold
C02016,Sneha Sharma,Bengaluru,37,Female,Gold
C02017,Aishwarya Sharma,Bengaluru,31,Female,Bronze
C02018,Kavya Sharma,Mumbai,34,Female,Silver
C02019,Harini Sharma,Bengaluru,41,Female,Bronze
C02020,Divya Sharma,Chennai,41,Female,Gold
C02021,Aarav Patel,Chennai,37,Female,Bronze
C02022,Vivaan Patel,Chennai,40,Male,Gold
C02023,Aditya Patel,Chennai,37,Female,Bronze
C02024,Arjun Patel,Chennai,19,Male,Gold
C02025,Sai Patel,Bengaluru,33,Male,Gold
C02026,Rahul Patel,Hyderabad,39,Female,Silver
C02027,Karthik Patel,Bengaluru,41,Male,Bronze
C02028,Surya Patel,Bengaluru,26,Female,Bronze
C02029,Vikram Patel,Mumbai,20,Male,Silver
C02030,Rohan Patel,Bengaluru,41,Male,Silver
C02031,Ananya Patel,Chennai,23,Male,Bronze
C02032,Diya Patel,Pune,37,Female,Silver
C02033,Priya Patel,Pune,39,Male,Silver
C02034,Meera Patel,Hyderabad,20,Male,Bronze
C02035,Nisha Patel,Pune,28,Female,Gold
C02036,Sneha Patel,Hyderabad,22,Female,Bronze
C02037,Aishwarya Patel,Pune,28,Male,Bronze
C02038,Kavya Patel,Hyderabad,52,Female,Gold
C02039,Harini Patel,Mumbai,50,Female,Silver
C02040,Divya Patel,Chennai,29,Male,Gold
C02041,Aarav Reddy,Bengaluru,53,Male,Silver
C02042,Vivaan Reddy,Pune,22,Female,Gold
C02043,Aditya Reddy,Pune,44,Female,Silver
C02044,Arjun Reddy,Bengaluru,40,Male,Gold
C02045,Sai Reddy,Mumbai,23,Female,Gold
C02046,Rahul Reddy,Hyderabad,20,Male,Silver
C02047,Karthik Reddy,Mumbai,37,Male,Gold
C02048,Surya Reddy,Pune,47,Female,Gold
C02049,Vikram Reddy,Mumbai,56,Female,Gold
C02050,Rohan Reddy,Hyderabad,28,Male,Bronze
C02051,Ananya Reddy,Mumbai,55,Male,Silver
C02052,Diya Reddy,Bengaluru,56,Male,Bronze
C02053,Priya Reddy,Bengaluru,48,Female,Bronze
C02054,Meera Reddy,Chennai,51,Female,Bronze
C02055,Nisha Reddy,Mumbai,52,Male,Bronze
C02056,Sneha Reddy,Chennai,24,Female,Silver
C02057,Aishwarya Reddy,Chennai,41,Male,Silver
C02058,Kavya Reddy,Hyderabad,18,Female,Bronze
C02059,Harini Reddy,Bengaluru,27,Female,Bronze
C02060,Divya Reddy,Bengaluru,59,Male,Silver
C02061,Aarav Kumar,Chennai,28,Male,Gold
C02062,Vivaan Kumar,Bengaluru,31,Male,Silver
C02063,Aditya Kumar,Mumbai,33,Male,Gold
C02064,Arjun Kumar,Chennai,28,Female,Bronze
C02065,Sai Kumar,Hyderabad,52,Male,Silver
C02066,Rahul Kumar,Mumbai,19,Female,Silver
C02067,Karthik Kumar,Hyderabad,39,Female,Gold
C02068,Surya Kumar,Mumbai,33,Male,Bronze
C02069,Vikram Kumar,Mumbai,24,Female,Silver
C02070,Rohan Kumar,Chennai,36,Female,Silver
C02071,Ananya Kumar,Chennai,48,Female,Silver
C02072,Diya Kumar,Bengaluru,48,Female,Bronze
C02073,Priya Kumar,Hyderabad,55,Male,Silver
C02074,Meera Kumar,Bengaluru,30,Male,Bronze
C02075,Nisha Kumar,Bengaluru,38,Female,Silver
C02076,Sneha Kumar,Hyderabad,28,Female,Bronze
C02077,Aishwarya Kumar,Hyderabad,55,Female,Bronze
C02078,Kavya Kumar,Mumbai,24,Male,Bronze
C02079,Harini Kumar,Mumbai,37,Male,Gold
C02080,Divya Kumar,Hyderabad,18,Female,Bronze
C02081,Aarav Singh,Pune,50,Male,Gold
C02082,Vivaan Singh,Pune,42,Male,Silver
C02083,Aditya Singh,Bengaluru,41,Female,Silver
C02084,Arjun Singh,Chennai,21,Female,Gold
C02085,Sai Singh,Bengaluru,22,Female,Silver
C02086,Rahul Singh,Chennai,38,Male,Bronze
C02087,Karthik Singh,Pune,54,Male,Bronze
C02088,Surya Singh,Mumbai,51,Male,Bronze
C02089,Vikram Singh,Pune,53,Male,Silver
C02090,Rohan Singh,Mumbai,34,Female,Silver
C02091,Ananya Singh,Chennai,25,Female,Gold
C02092,Diya Singh,Chennai,56,Female,Silver
C02093,Priya Singh,Hyderabad,52,Male,Silver
C02094,Meera Singh,Bengaluru,42,Male,Bronze
C02095,Nisha Singh,Hyderabad,48,Female,Silver
C02096,Sneha Singh,Hyderabad,50,Male,Bronze
C02097,Aishwarya Singh,Hyderabad,46,Male,Silver
C02098,Kavya Singh,Bengaluru,41,Female,Gold
C02099,Harini Singh,Hyderabad,47,Female,Bronze
C02100,Divya Singh,Pune,54,Male,Gold
C02101,Aarav Iyer,Bengaluru,22,Female,Gold
C02102,Vivaan Iyer,Bengaluru,21,Male,Bronze
C02103,Aditya Iyer,Chennai,44,Male,Bronze
C02104,Arjun Iyer,Pune,23,Female,Gold
C02105,Sai Iyer,Bengaluru,34,Female,Gold
C02106,Rahul Iyer,Hyderabad,38,Male,Bronze
C02107,Karthik Iyer,Pune,37,Female,Bronze
C02108,Surya Iyer,Mumbai,37,Female,Gold
C02109,Vikram Iyer,Pune,37,Male,Bronze
C02110,Rohan Iyer,Mumbai,51,Male,Bronze
C02111,Ananya Iyer,Bengaluru,42,Male,Bronze
C02112,Diya Iyer,Chennai,59,Male,Silver
C02113,Priya Iyer,Hyderabad,49,Male,Silver
C02114,Meera Iyer,Hyderabad,32,Female,Silver
C02115,Nisha Iyer,Hyderabad,29,Female,Gold
C02116,Sneha Iyer,Mumbai,29,Female,Gold
C02117,Aishwarya Iyer,Chennai,41,Male,Gold
C02118,Kavya Iyer,Mumbai,22,Female,Gold
C02119,Harini Iyer,Pune,51,Male,Silver
C02120,Divya Iyer,Hyderabad,32,Male,Silver
C02121,Aarav Nair,Hyderabad,47,Male,Bronze
C02122,Vivaan Nair,Hyderabad,59,Female,Silver
C02123,Aditya Nair,Bengaluru,57,Male,Bronze
C02124,Arjun Nair,Mumbai,27,Male,Silver
C02125,Sai Nair,Hyderabad,34,Female,Silver
C02126,Rahul Nair,Chennai,50,Female,Gold
C02127,Karthik Nair,Hyderabad,40,Female,Silver
C02128,Surya Nair,Hyderabad,41,Female,Bronze
C02129,Vikram Nair,Pune,38,Male,Bronze
C02130,Rohan Nair,Hyderabad,29,Male,Bronze
C02131,Ananya Nair,Hyderabad,37,Female,Bronze
C02132,Diya Nair,Hyderabad,53,Male,Bronze
C02133,Priya Nair,Pune,33,Female,Bronze
C02134,Meera Nair,Bengaluru,53,Male,Bronze
C02135,Nisha Nair,Hyderabad,19,Male,Bronze
C02136,Sneha Nair,Pune,50,Male,Bronze
C02137,Aishwarya Nair,Hyderabad,56,Female,Bronze
C02138,Kavya Nair,Bengaluru,37,Female,Silver
C02139,Harini Nair,Pune,56,Female,Gold
C02140,Divya Nair,Pune,39,Female,Silver
C02141,Aarav Verma,Mumbai,30,Male,Bronze
C02142,Vivaan Verma,Hyderabad,50,Female,Silver
C02143,Aditya Verma,Bengaluru,46,Male,Bronze
C02144,Arjun Verma,Hyderabad,20,Female,Gold
C02145,Sai Verma,Chennai,39,Male,Bronze
C02146,Rahul Verma,Pune,35,Female,Bronze
C02147,Karthik Verma,Chennai,36,Female,Gold
C02148,Surya Verma,Pune,21,Female,Gold
C02149,Vikram Verma,Pune,54,Female,Gold
C02150,Rohan Verma,Chennai,31,Female,Gold
C02151,Ananya Verma,Chennai,26,Female,Silver
C02152,Diya Verma,Mumbai,43,Female,Gold
C02153,Priya Verma,Bengaluru,47,Male,Silver
C02154,Meera Verma,Bengaluru,51,Male,Silver
C02155,Nisha Verma,Mumbai,44,Male,Silver
C02156,Sneha Verma,Mumbai,25,Female,Bronze
C02157,Aishwarya Verma,Hyderabad,19,Male,Gold
C02158,Kavya Verma,Mumbai,51,Male,Bronze
C02159,Harini Verma,Mumbai,41,Male,Silver
C02160,Divya Verma,Chennai,21,Male,Bronze
C02161,Aarav Gupta,Pune,34,Female,Gold
C02162,Vivaan Gupta,Mumbai,33,Male,Silver
C02163,Aditya Gupta,Bengaluru,57,Male,Gold
C02164,Arjun Gupta,Hyderabad,37,Male,Silver
C02165,Sai Gupta,Hyderabad,49,Female,Bronze
C02166,Rahul Gupta,Hyderabad,40,Male,Gold
C02167,Karthik Gupta,Chennai,20,Male,Gold
C02168,Surya Gupta,Hyderabad,48,Male,Gold
C02169,Vikram Gupta,Hyderabad,18,Female,Silver
C02170,Rohan Gupta,Bengaluru,51,Female,Silver
C02171,Ananya Gupta,Hyderabad,47,Male,Gold
C02172,Diya Gupta,Bengaluru,37,Female,Silver
C02173,Priya Gupta,Bengaluru,22,Female,Gold
C02174,Meera Gupta,Bengaluru,24,Male,Bronze
C02175,Nisha Gupta,Pune,52,Female,Bronze
C02176,Sneha Gupta,Hyderabad,59,Female,Silver
C02177,Aishwarya Gupta,Chennai,48,Male,Bronze
C02178,Kavya Gupta,Mumbai,31,Male,Gold
C02179,Harini Gupta,Mumbai,51,Male,Bronze
C02180,Divya Gupta,Mumbai,56,Male,Silver
C02181,Aarav Rao,Bengaluru,45,Male,Silver
C02182,Vivaan Rao,Pune,44,Male,Bronze
C02183,Aditya Rao,Bengaluru,27,Male,Bronze
C02184,Arjun Rao,Mumbai,26,Male,Gold
C02185,Sai Rao,Mumbai,26,Female,Silver
C02186,Rahul Rao,Bengaluru,50,Female,Bronze
C02187,Karthik Rao,Chennai,41,Female,Silver
C02188,Surya Rao,Bengaluru,27,Female,Bronze
C02189,Vikram Rao,Mumbai,20,Male,Silver
C02190,Rohan Rao,Pune,26,Female,Bronze
C02191,Ananya Rao,Chennai,49,Female,Silver
C02192,Diya Rao,Hyderabad,41,Female,Silver
C02193,Priya Rao,Mumbai,29,Female,Bronze
C02194,Meera Rao,Chennai,58,Female,Gold
C02195,Nisha Rao,Chennai,22,Female,Gold
C02196,Sneha Rao,Chennai,24,Female,Gold
C02197,Aishwarya Rao,Mumbai,22,Male,Gold
C02198,Kavya Rao,Hyderabad,40,Male,Silver
C02199,Harini Rao,Hyderabad,54,Male,Bronze
C02200,Divya Rao,Pune,25,Female,Silver
C02201,Aarav Sharma,Pune,22,Male,Gold
C02202,Vivaan Sharma,Mumbai,30,Female,Silver
C02203,Aditya Sharma,Mumbai,35,Male,Bronze
C02204,Arjun Sharma,Bengaluru,48,Female,Bronze
C02205,Sai Sharma,Bengaluru,43,Female,Silver
C02206,Rahul Sharma,Hyderabad,34,Female,Silver
C02207,Karthik Sharma,Mumbai,29,Male,Bronze
C02208,Surya Sharma,Pune,36,Male,Gold
C02209,Vikram Sharma,Chennai,32,Male,Bronze
C02210,Rohan Sharma,Pune,35,Male,Gold
C02211,Ananya Sharma,Mumbai,23,Male,Bronze
C02212,Diya Sharma,Hyderabad,18,Female,Silver
C02213,Priya Sharma,Mumbai,48,Male,Bronze
C02214,Meera Sharma,Hyderabad,28,Male,Bronze
C02215,Nisha Sharma,Bengaluru,59,Male,Gold
C02216,Sneha Sharma,Mumbai,18,Female,Gold
C02217,Aishwarya Sharma,Hyderabad,26,Male,Silver
C02218,Kavya Sharma,Mumbai,51,Female,Silver
C02219,Harini Sharma,Chennai,42,Male,Silver
C02220,Divya Sharma,Chennai,34,Female,Gold
C02221,Aarav Patel,Pune,54,Male,Bronze
C02222,Vivaan Patel,Mumbai,19,Male,Gold
C02223,Aditya Patel,Hyderabad,54,Male,Silver
C02224,Arjun Patel,Bengaluru,26,Female,Silver
C02225,Sai Patel,Hyderabad,45,Male,Gold
C02226,Rahul Patel,Hyderabad,57,Female,Gold
C02227,Karthik Patel,Bengaluru,32,Female,Silver
C02228,Surya Patel,Hyderabad,26,Female,Silver
C02229,Vikram Patel,Chennai,36,Male,Gold
C02230,Rohan Patel,Mumbai,23,Male,Gold
C02231,Ananya Patel,Pune,20,Female,Bronze
C02232,Diya Patel,Hyderabad,42,Male,Silver
C02233,Priya Patel,Bengaluru,43,Female,Bronze
C02234,Meera Patel,Hyderabad,35,Male,Bronze
C02235,Nisha Patel,Chennai,41,Male,Silver
C02236,Sneha Patel,Chennai,51,Male,Bronze
C02237,Aishwarya Patel,Mumbai,25,Male,Gold
C02238,Kavya Patel,Bengaluru,33,Male,Gold
C02239,Harini Patel,Mumbai,29,Male,Bronze
C02240,Divya Patel,Bengaluru,58,Female,Bronze
C02241,Aarav Reddy,Chennai,44,Male,Gold
C02242,Vivaan Reddy,Bengaluru,47,Male,Silver
C02243,Aditya Reddy,Mumbai,30,Male,Bronze
C02244,Arjun Reddy,Hyderabad,55,Male,Silver
C02245,Sai Reddy,Bengaluru,50,Female,Bronze
C02246,Rahul Reddy,Mumbai,34,Female,Gold
C02247,Karthik Reddy,Pune,21,Female,Silver
C02248,Surya Reddy,Mumbai,46,Female,Silver
C02249,Vikram Reddy,Bengaluru,60,Male,Bronze
C02250,Rohan Reddy,Pune,58,Male,Gold
C02251,Ananya Reddy,Pune,23,Male,Bronze
C02252,Diya Reddy,Bengaluru,29,Male,Silver
C02253,Priya Reddy,Hyderabad,48,Male,Gold
C02254,Meera Reddy,Chennai,46,Male,Bronze
C02255,Nisha Reddy,Bengaluru,46,Female,Silver
C02256,Sneha Reddy,Chennai,34,Female,Gold
C02257,Aishwarya Reddy,Mumbai,28,Male,Silver
C02258,Kavya Reddy,Mumbai,44,Female,Gold
C02259,Harini Reddy,Mumbai,47,Male,Bronze
C02260,Divya Reddy,Hyderabad,35,Female,Bronze
C02261,Aarav Kumar,Bengaluru,55,Female,Gold
C02262,Vivaan Kumar,Mumbai,35,Female,Gold
C02263,Aditya Kumar,Pune,29,Male,Bronze
C02264,Arjun Kumar,Mumbai,23,Male,Bronze
C02265,Sai Kumar,Pune,18,Male,Gold
C02266,Rahul Kumar,Mumbai,50,Male,Silver
C02267,Karthik Kumar,Pune,51,Female,Gold
C02268,Surya Kumar,Mumbai,45,Female,Gold
C02269,Vikram Kumar,Pune,24,Male,Gold
C02270,Rohan Kumar,Chennai,30,Female,Gold
C02271,Ananya Kumar,Hyderabad,50,Male,Silver
C02272,Diya Kumar,Pune,33,Female,Bronze
C02273,Priya Kumar,Bengaluru,40,Female,Silver
C02274,Meera Kumar,Pune,27,Female,Gold
C02275,Nisha Kumar,Bengaluru,60,Female,Silver
C02276,Sneha Kumar,Hyderabad,53,Female,Silver
C02277,Aishwarya Kumar,Bengaluru,50,Female,Gold
C02278,Kavya Kumar,Hyderabad,54,Male,Silver
C02279,Harini Kumar,Bengaluru,58,Male,Gold
C02280,Divya Kumar,Mumbai,20,Female,Gold
C02281,Aarav Singh,Hyderabad,37,Male,Bronze
C02282,Vivaan Singh,Chennai,43,Female,Gold
C02283,Aditya Singh,Chennai,58,Male,Bronze
C02284,Arjun Singh,Pune,40,Female,Silver
C02285,Sai Singh,Mumbai,54,Male,Bronze
C02286,Rahul Singh,Hyderabad,55,Female,Gold
C02287,Karthik Singh,Chennai,34,Male,Bronze
C02288,Surya Singh,Bengaluru,33,Female,Gold
C02289,Vikram Singh,Hyderabad,60,Male,Gold
C02290,Rohan Singh,Hyderabad,33,Male,Bronze
C02291,Ananya Singh,Mumbai,47,Female,Gold
C02292,Diya Singh,Hyderabad,46,Male,Gold
C02293,Priya Singh,Pune,50,Male,Bronze
C02294,Meera Singh,Bengaluru,23,Male,Bronze
C02295,Nisha Singh,Pune,52,Female,Silver
C02296,Sneha Singh,Chennai,54,Male,Gold
C02297,Aishwarya Singh,Bengaluru,25,Male,Bronze
C02298,Kavya Singh,Bengaluru,47,Female,Gold
C02299,Harini Singh,Bengaluru,41,Female,Bronze
C02300,Divya Singh,Chennai,40,Male,Silver
C02301,Aarav Iyer,Mumbai,52,Male,Bronze
C02302,Vivaan Iyer,Bengaluru,48,Male,Silver
C02303,Aditya Iyer,Chennai,56,Female,Bronze
C02304,Arjun Iyer,Chennai,20,Female,Gold
C02305,Sai Iyer,Chennai,57,Female,Bronze
C02306,Rahul Iyer,Pune,47,Female,Bronze
C02307,Karthik Iyer,Bengaluru,49,Male,Silver
C02308,Surya Iyer,Mumbai,20,Female,Gold
C02309,Vikram Iyer,Pune,31,Female,Silver
C02310,Rohan Iyer,Mumbai,34,Female,Bronze
C02311,Ananya Iyer,Pune,56,Male,Bronze
C02312,Diya Iyer,Chennai,24,Female,Bronze
C02313,Priya Iyer,Mumbai,39,Male,Silver
C02314,Meera Iyer,Bengaluru,52,Male,Bronze
C02315,Nisha Iyer,Bengaluru,51,Male,Bronze
C02316,Sneha Iyer,Hyderabad,59,Female,Silver
C02317,Aishwarya Iyer,Hyderabad,22,Female,Gold
C02318,Kavya Iyer,Mumbai,43,Male,Bronze
C02319,Harini Iyer,Bengaluru,22,Male,Gold
C02320,Divya Iyer,Pune,51,Male,Gold
C02321,Aarav Nair,Bengaluru,30,Female,Silver
C02322,Vivaan Nair,Mumbai,24,Female,Gold
C02323,Aditya Nair,Pune,59,Male,Silver
C02324,Arjun Nair,Chennai,43,Female,Bronze
C02325,Sai Nair,Hyderabad,46,Female,Bronze
C02326,Rahul Nair,Mumbai,53,Male,Bronze
C02327,Karthik Nair,Hyderabad,50,Female,Gold
C02328,Surya Nair,Chennai,55,Female,Bronze
C02329,Vikram Nair,Bengaluru,34,Male,Gold
C02330,Rohan Nair,Bengaluru,39,Female,Bronze
C02331,Ananya Nair,Pune,22,Male,Silver
C02332,Diya Nair,Hyderabad,51,Female,Gold
C02333,Priya Nair,Chennai,51,Female,Bronze
C02334,Meera Nair,Chennai,53,Female,Gold
C02335,Nisha Nair,Chennai,48,Male,Bronze
C02336,Sneha Nair,Bengaluru,57,Female,Silver
C02337,Aishwarya Nair,Bengaluru,52,Male,Silver
C02338,Kavya Nair,Mumbai,41,Male,Gold
C02339,Harini Nair,Pune,41,Male,Bronze
C02340,Divya Nair,Mumbai,40,Female,Gold
C02341,Aarav Verma,Pune,21,Male,Gold
C02342,Vivaan Verma,Pune,22,Female,Silver
C02343,Aditya Verma,Hyderabad,44,Male,Gold
C02344,Arjun Verma,Hyderabad,28,Male,Gold
C02345,Sai Verma,Bengaluru,27,Male,Gold
C02346,Rahul Verma,Hyderabad,55,Female,Bronze
C02347,Karthik Verma,Chennai,60,Female,Silver
C02348,Surya Verma,Pune,54,Male,Bronze
C02349,Vikram Verma,Bengaluru,49,Male,Gold
C02350,Rohan Verma,Bengaluru,41,Female,Gold
C02351,Ananya Verma,Bengaluru,22,Male,Silver
C02352,Diya Verma,Mumbai,49,Male,Silver
C02353,Priya Verma,Hyderabad,51,Female,Bronze
C02354,Meera Verma,Chennai,23,Male,Gold
C02355,Nisha Verma,Pune,35,Female,Gold
C02356,Sneha Verma,Mumbai,52,Male,Bronze
C02357,Aishwarya Verma,Pune,57,Male,Bronze
C02358,Kavya Verma,Mumbai,23,Male,Silver
C02359,Harini Verma,Chennai,55,Female,Bronze
C02360,Divya Verma,Chennai,41,Male,Bronze
C02361,Aarav Gupta,Hyderabad,49,Male,Bronze
C02362,Vivaan Gupta,Pune,26,Female,Silver
C02363,Aditya Gupta,Bengaluru,21,Female,Gold
C02364,Arjun Gupta,Bengaluru,23,Female,Gold
C02365,Sai Gupta,Chennai,21,Male,Silver
C02366,Rahul Gupta,Pune,54,Male,Bronze
C02367,Karthik Gupta,Chennai,46,Male,Silver
C02368,Surya Gupta,Chennai,56,Male,Bronze
C02369,Vikram Gupta,Pune,38,Male,Gold
C02370,Rohan Gupta,Hyderabad,48,Male,Bronze
C02371,Ananya Gupta,Hyderabad,26,Female,Bronze
C02372,Diya Gupta,Hyderabad,44,Female,Bronze
C02373,Priya Gupta,Bengaluru,51,Female,Silver
C02374,Meera Gupta,Bengaluru,33,Female,Gold
C02375,Nisha Gupta,Mumbai,21,Male,Silver
C02376,Sneha Gupta,Hyderabad,39,Female,Bronze
C02377,Aishwarya Gupta,Hyderabad,52,Female,Gold
C02378,Kavya Gupta,Chennai,54,Male,Silver
C02379,Harini Gupta,Chennai,33,Male,Gold
C02380,Divya Gupta,Hyderabad,24,Male,Bronze
C02381,Aarav Rao,Pune,26,Male,Bronze
C02382,Vivaan Rao,Mumbai,19,Male,Gold
C02383,Aditya Rao,Bengaluru,45,Male,Silver
C02384,Arjun Rao,Chennai,55,Female,Silver
C02385,Sai Rao,Hyderabad,45,Female,Silver
C02386,Rahul Rao,Pune,58,Male,Silver
C02387,Karthik Rao,Bengaluru,55,Female,Bronze
C02388,Surya Rao,Bengaluru,52,Male,Silver
C02389,Vikram Rao,Bengaluru,38,Female,Bronze
C02390,Rohan Rao,Hyderabad,60,Female,Gold
C02391,Ananya Rao,Bengaluru,43,Male,Gold
C02392,Diya Rao,Chennai,27,Female,Bronze
C02393,Priya Rao,Pune,56,Female,Gold
C02394,Meera Rao,Chennai,49,Female,Bronze
C02395,Nisha Rao,Chennai,38,Male,Bronze
C02396,Sneha Rao,Bengaluru,32,Female,Silver
C02397,Aishwarya Rao,Chennai,19,Female,Gold
C02398,Kavya Rao,Chennai,30,Male,Gold
C02399,Harini Rao,Mumbai,28,Male,Bronze
C02400,Divya Rao,Mumbai,43,Female,Silver
C02401,Aarav Sharma,Pune,25,Male,Bronze
C02402,Vivaan Sharma,Mumbai,51,Male,Bronze
C02403,Aditya Sharma,Pune,33,Female,Silver
C02404,Arjun Sharma,Mumbai,20,Male,Gold
C02405,Sai Sharma,Bengaluru,31,Male,Bronze
C02406,Rahul Sharma,Chennai,42,Female,Silver
C02407,Karthik Sharma,Pune,22,Female,Silver
C02408,Surya Sharma,Mumbai,26,Male,Bronze
C02409,Vikram Sharma,Bengaluru,27,Male,Gold
C02410,Rohan Sharma,Bengaluru,29,Male,Silver
C02411,Ananya Sharma,Hyderabad,55,Male,Silver
C02412,Diya Sharma,Chennai,40,Male,Silver
C02413,Priya Sharma,Chennai,40,Male,Silver
C02414,Meera Sharma,Bengaluru,56,Female,Silver
C02415,Nisha Sharma,Chennai,38,Female,Silver
C02416,Sneha Sharma,Hyderabad,53,Female,Silver
C02417,Aishwarya Sharma,Pune,29,Male,Bronze
C02418,Kavya Sharma,Pune,23,Male,Silver
C02419,Harini Sharma,Hyderabad,44,Female,Bronze
C02420,Divya Sharma,Hyderabad,58,Male,Bronze
C02421,Aarav Patel,Mumbai,26,Male,Bronze
C02422,Vivaan Patel,Chennai,60,Female,Silver
C02423,Aditya Patel,Bengaluru,27,Female,Bronze
C02424,Arjun Patel,Hyderabad,28,Male,Silver
C02425,Sai Patel,Chennai,49,Male,Silver
C02426,Rahul Patel,Bengaluru,33,Female,Bronze
C02427,Karthik Patel,Bengaluru,47,Male,Silver
C02428,Surya Patel,Bengaluru,56,Female,Silver
C02429,Vikram Patel,Pune,52,Female,Bronze
C02430,Rohan Patel,Chennai,29,Female,Gold
C02431,Ananya Patel,Mumbai,47,Female,Bronze
C02432,Diya Patel,Chennai,18,Male,Silver
C02433,Priya Patel,Chennai,40,Female,Silver
C02434,Meera Patel,Mumbai,57,Male,Gold
C02435,Nisha Patel,Mumbai,47,Female,Gold
C02436,Sneha Patel,Chennai,27,Female,Bronze
C02437,Aishwarya Patel,Bengaluru,56,Female,Gold
C02438,Kavya Patel,Hyderabad,60,Female,Bronze
C02439,Harini Patel,Pune,58,Male,Bronze
C02440,Divya Patel,Mumbai,48,Female,Bronze
C02441,Aarav Reddy,Chennai,32,Female,Gold
C02442,Vivaan Reddy,Hyderabad,58,Male,Bronze
C02443,Aditya Reddy,Hyderabad,49,Female,Gold
C02444,Arjun Reddy,Chennai,35,Female,Silver
C02445,Sai Reddy,Pune,42,Male,Silver
C02446,Rahul Reddy,Bengaluru,57,Male,Bronze
C02447,Karthik Reddy,Chennai,36,Female,Silver
C02448,Surya Reddy,Chennai,21,Male,Gold
C02449,Vikram Reddy,Bengaluru,29,Female,Gold
C02450,Rohan Reddy,Mumbai,23,Female,Silver
C02451,Ananya Reddy,Chennai,41,Male,Bronze
C02452,Diya Reddy,Mumbai,58,Female,Silver
C02453,Priya Reddy,Pune,21,Female,Bronze
C02454,Meera Reddy,Pune,32,Female,Silver
C02455,Nisha Reddy,Hyderabad,18,Male,Silver
C02456,Sneha Reddy,Hyderabad,56,Female,Bronze
C02457,Aishwarya Reddy,Pune,57,Male,Bronze
C02458,Kavya Reddy,Mumbai,30,Male,Bronze
C02459,Harini Reddy,Chennai,51,Male,Gold
C02460,Divya Reddy,Mumbai,34,Male,Bronze
C02461,Aarav Kumar,Pune,48,Female,Silver
C02462,Vivaan Kumar,Mumbai,34,Female,Bronze
C02463,Aditya Kumar,Pune,44,Female,Silver
C02464,Arjun Kumar,Chennai,35,Male,Silver
C02465,Sai Kumar,Pune,46,Female,Bronze
C02466,Rahul Kumar,Chennai,49,Male,Silver
C02467,Karthik Kumar,Bengaluru,58,Male,Silver
C02468,Surya Kumar,Pune,34,Female,Silver
C02469,Vikram Kumar,Mumbai,51,Male,Silver
C02470,Rohan Kumar,Mumbai,29,Male,Gold
C02471,Ananya Kumar,Hyderabad,27,Male,Bronze
C02472,Diya Kumar,Bengaluru,47,Female,Silver
C02473,Priya Kumar,Mumbai,33,Male,Silver
C02474,Meera Kumar,Mumbai,54,Female,Bronze
C02475,Nisha Kumar,Hyderabad,26,Female,Gold
C02476,Sneha Kumar,Chennai,25,Female,Gold
C02477,Aishwarya Kumar,Bengaluru,47,Male,Gold
C02478,Kavya Kumar,Hyderabad,30,Female,Gold
C02479,Harini Kumar,Chennai,26,Male,Bronze
C02480,Divya Kumar,Hyderabad,36,Female,Bronze
C02481,Aarav Singh,Bengaluru,25,Male,Bronze
C02482,Vivaan Singh,Mumbai,56,Female,Silver
C02483,Aditya Singh,Chennai,27,Female,Bronze
C02484,Arjun Singh,Chennai,49,Male,Silver
C02485,Sai Singh,Bengaluru,36,Female,Bronze
C02486,Rahul Singh,Hyderabad,53,Male,Bronze
C02487,Karthik Singh,Bengaluru,41,Male,Gold
C02488,Surya Singh,Bengaluru,33,Male,Bronze
C02489,Vikram Singh,Pune,43,Female,Silver
C02490,Rohan Singh,Mumbai,46,Male,Gold
C02491,Ananya Singh,Pune,60,Female,Gold
C02492,Diya Singh,Pune,32,Male,Gold
C02493,Priya Singh,Hyderabad,27,Male,Silver
C02494,Meera Singh,Bengaluru,58,Female,Gold
C02495,Nisha Singh,Bengaluru,49,Female,Bronze
C02496,Sneha Singh,Mumbai,49,Male,Bronze
C02497,Aishwarya Singh,Bengaluru,21,Female,Gold
C02498,Kavya Singh,Mumbai,36,Female,Silver
C02499,Harini Singh,Chennai,49,Male,Silver
C02500,Divya Singh,Chennai,51,Female,Bronze
C02501,Aarav Iyer,Chennai,59,Female,Bronze
C02502,Vivaan Iyer,Hyderabad,36,Female,Gold
C02503,Aditya Iyer,Pune,54,Male,Silver
C02504,Arjun Iyer,Bengaluru,33,Male,Silver
C02505,Sai Iyer,Mumbai,34,Male,Gold
C02506,Rahul Iyer,Bengaluru,45,Female,Silver
C02507,Karthik Iyer,Chennai,33,Female,Gold
C02508,Surya Iyer,Pune,32,Male,Gold
C02509,Vikram Iyer,Bengaluru,28,Female,Bronze
C02510,Rohan Iyer,Mumbai,23,Male,Bronze
C02511,Ananya Iyer,Bengaluru,18,Female,Bronze
C02512,Diya Iyer,Mumbai,44,Female,Gold
C02513,Priya Iyer,Chennai,30,Female,Gold
C02514,Meera Iyer,Bengaluru,25,Female,Silver
C02515,Nisha Iyer,Pune,18,Male,Gold
C02516,Sneha Iyer,Chennai,28,Male,Bronze
C02517,Aishwarya Iyer,Bengaluru,59,Male,Gold
C02518,Kavya Iyer,Mumbai,57,Male,Bronze
C02519,Harini Iyer,Chennai,23,Male,Silver
C02520,Divya Iyer,Hyderabad,30,Male,Bronze
C02521,Aarav Nair,Bengaluru,57,Female,Gold
C02522,Vivaan Nair,Pune,34,Male,Gold
C02523,Aditya Nair,Chennai,42,Female,Silver
C02524,Arjun Nair,Pune,21,Male,Bronze
C02525,Sai Nair,Chennai,25,Female,Gold
C02526,Rahul Nair,Chennai,38,Female,Silver
C02527,Karthik Nair,Mumbai,40,Male,Bronze
C02528,Surya Nair,Mumbai,32,Female,Silver
C02529,Vikram Nair,Chennai,18,Female,Silver
C02530,Rohan Nair,Chennai,38,Female,Bronze
C02531,Ananya Nair,Bengaluru,47,Female,Bronze
C02532,Diya Nair,Pune,60,Female,Bronze
C02533,Priya Nair,Bengaluru,44,Female,Silver
C02534,Meera Nair,Mumbai,49,Female,Bronze
C02535,Nisha Nair,Pune,29,Male,Bronze
C02536,Sneha Nair,Pune,26,Male,Bronze
C02537,Aishwarya Nair,Chennai,26,Female,Gold
C02538,Kavya Nair,Mumbai,38,Male,Bronze
C02539,Harini Nair,Mumbai,20,Male,Gold
C02540,Divya Nair,Pune,35,Male,Bronze
C02541,Aarav Verma,Chennai,40,Female,Silver
C02542,Vivaan Verma,Bengaluru,49,Female,Bronze
C02543,Aditya Verma,Pune,46,Male,Silver
C02544,Arjun Verma,Bengaluru,52,Male,Silver
C02545,Sai Verma,Bengaluru,42,Male,Bronze
C02546,Rahul Verma,Bengaluru,46,Female,Gold
C02547,Karthik Verma,Pune,48,Male,Silver
C02548,Surya Verma,Pune,59,Male,Gold
C02549,Vikram Verma,Chennai,59,Male,Gold
C02550,Rohan Verma,Hyderabad,47,Female,Gold
C02551,Ananya Verma,Mumbai,34,Female,Bronze
C02552,Diya Verma,Pune,60,Male,Bronze
C02553,Priya Verma,Bengaluru,39,Male,Silver
C02554,Meera Verma,Pune,33,Female,Gold
C02555,Nisha Verma,Pune,45,Male,Silver
C02556,Sneha Verma,Pune,49,Male,Gold
C02557,Aishwarya Verma,Hyderabad,40,Male,Bronze
C02558,Kavya Verma,Hyderabad,43,Female,Bronze
C02559,Harini Verma,Bengaluru,41,Female,Bronze
C02560,Divya Verma,Bengaluru,25,Male,Bronze
C02561,Aarav Gupta,Hyderabad,43,Female,Silver
C02562,Vivaan Gupta,Pune,28,Male,Gold
C02563,Aditya Gupta,Mumbai,26,Female,Silver
C02564,Arjun Gupta,Pune,26,Female,Bronze
C02565,Sai Gupta,Mumbai,24,Male,Gold
C02566,Rahul Gupta,Chennai,31,Female,Bronze
C02567,Karthik Gupta,Hyderabad,50,Female,Bronze
C02568,Surya Gupta,Bengaluru,28,Female,Gold
C02569,Vikram Gupta,Hyderabad,35,Male,Silver
C02570,Rohan Gupta,Hyderabad,44,Female,Silver
C02571,Ananya Gupta,Hyderabad,39,Female,Gold
C02572,Diya Gupta,Chennai,60,Female,Gold
C02573,Priya Gupta,Hyderabad,38,Male,Silver
C02574,Meera Gupta,Mumbai,38,Male,Gold
C02575,Nisha Gupta,Pune,24,Female,Bronze
C02576,Sneha Gupta,Pune,54,Male,Gold
C02577,Aishwarya Gupta,Mumbai,42,Male,Silver
C02578,Kavya Gupta,Mumbai,53,Female,Gold
C02579,Harini Gupta,Hyderabad,34,Female,Silver
C02580,Divya Gupta,Bengaluru,50,Female,Gold
C02581,Aarav Rao,Mumbai,38,Male,Silver
C02582,Vivaan Rao,Mumbai,29,Female,Bronze
C02583,Aditya Rao,Hyderabad,40,Male,Gold
C02584,Arjun Rao,Hyderabad,56,Male,Gold
C02585,Sai Rao,Mumbai,54,Female,Gold
C02586,Rahul Rao,Mumbai,28,Male,Silver
C02587,Karthik Rao,Hyderabad,26,Male,Gold
C02588,Surya Rao,Bengaluru,58,Male,Silver
C02589,Vikram Rao,Mumbai,34,Female,Gold
C02590,Rohan Rao,Hyderabad,25,Female,Gold
C02591,Ananya Rao,Bengaluru,48,Male,Bronze
C02592,Diya Rao,Pune,54,Male,Bronze
C02593,Priya Rao,Bengaluru,24,Male,Gold
C02594,Meera Rao,Pune,42,Male,Gold
C02595,Nisha Rao,Mumbai,34,Female,Bronze
C02596,Sneha Rao,Bengaluru,54,Male,Silver
C02597,Aishwarya Rao,Hyderabad,56,Female,Silver
C02598,Kavya Rao,Mumbai,40,Female,Silver
C02599,Harini Rao,Bengaluru,18,Female,Silver
C02600,Divya Rao,Hyderabad,55,Female,Silver
C02601,Aarav Sharma,Pune,52,Male,Gold
C02602,Vivaan Sharma,Pune,42,Male,Silver
C02603,Aditya Sharma,Hyderabad,22,Male,Bronze
C02604,Arjun Sharma,Hyderabad,24,Male,Silver
C02605,Sai Sharma,Bengaluru,52,Female,Gold
C02606,Rahul Sharma,Pune,33,Female,Silver
C02607,Karthik Sharma,Chennai,29,Female,Gold
C02608,Surya Sharma,Mumbai,36,Male,Gold
C02609,Vikram Sharma,Mumbai,27,Female,Bronze
C02610,Rohan Sharma,Pune,47,Female,Silver
C02611,Ananya Sharma,Mumbai,50,Female,Gold
C02612,Diya Sharma,Hyderabad,41,Female,Bronze
C02613,Priya Sharma,Bengaluru,58,Female,Gold
C02614,Meera Sharma,Mumbai,50,Male,Bronze
C02615,Nisha Sharma,Hyderabad,44,Female,Silver
C02616,Sneha Sharma,Chennai,25,Female,Bronze
C02617,Aishwarya Sharma,Chennai,18,Female,Bronze
C02618,Kavya Sharma,Pune,60,Female,Gold
C02619,Harini Sharma,Hyderabad,37,Female,Gold
C02620,Divya Sharma,Chennai,60,Male,Gold
C02621,Aarav Patel,Bengaluru,24,Male,Silver
C02622,Vivaan Patel,Bengaluru,21,Male,Silver
C02623,Aditya Patel,Mumbai,46,Male,Bronze
C02624,Arjun Patel,Mumbai,18,Male,Silver
C02625,Sai Patel,Mumbai,31,Female,Silver
C02626,Rahul Patel,Pune,56,Male,Bronze
C02627,Karthik Patel,Mumbai,53,Male,Bronze
C02628,Surya Patel,Bengaluru,27,Male,Gold
C02629,Vikram Patel,Bengaluru,30,Female,Bronze
C02630,Rohan Patel,Pune,27,Female,Gold
C02631,Ananya Patel,Bengaluru,38,Male,Silver
C02632,Diya Patel,Chennai,57,Female,Bronze
C02633,Priya Patel,Hyderabad,47,Male,Gold
C02634,Meera Patel,Bengaluru,39,Male,Gold
C02635,Nisha Patel,Hyderabad,42,Female,Gold
C02636,Sneha Patel,Bengaluru,53,Male,Silver
C02637,Aishwarya Patel,Pune,43,Male,Bronze
C02638,Kavya Patel,Chennai,25,Male,Gold
C02639,Harini Patel,Chennai,47,Female,Gold
C02640,Divya Patel,Bengaluru,31,Female,Gold
C02641,Aarav Reddy,Bengaluru,36,Female,Silver
C02642,Vivaan Reddy,Mumbai,21,Female,Gold
C02643,Aditya Reddy,Mumbai,38,Female,Silver
C02644,Arjun Reddy,Pune,26,Female,Gold
C02645,Sai Reddy,Pune,24,Male,Bronze
C02646,Rahul Reddy,Bengaluru,35,Male,Silver
C02647,Karthik Reddy,Chennai,36,Male,Bronze
C02648,Surya Reddy,Bengaluru,41,Female,Bronze
C02649,Vikram Reddy,Bengaluru,28,Male,Silver
C02650,Rohan Reddy,Mumbai,29,Female,Silver
C02651,Ananya Reddy,Chennai,39,Male,Silver
C02652,Diya Reddy,Bengaluru,55,Female,Bronze
C02653,Priya Reddy,Mumbai,28,Female,Gold
C02654,Meera Reddy,Mumbai,29,Female,Gold
C02655,Nisha Reddy,Hyderabad,44,Male,Bronze
C02656,Sneha Reddy,Chennai,28,Male,Bronze
C02657,Aishwarya Reddy,Mumbai,21,Male,Silver
C02658,Kavya Reddy,Mumbai,55,Male,Bronze
C02659,Harini Reddy,Chennai,26,Female,Bronze
C02660,Divya Reddy,Bengaluru,26,Female,Bronze
C02661,Aarav Kumar,Mumbai,32,Female,Gold
C02662,Vivaan Kumar,Chennai,28,Female,Silver
C02663,Aditya Kumar,Pune,38,Female,Silver
C02664,Arjun Kumar,Mumbai,52,Male,Silver
C02665,Sai Kumar,Bengaluru,35,Female,Silver
C02666,Rahul Kumar,Chennai,58,Male,Bronze
C02667,Karthik Kumar,Hyderabad,43,Male,Gold
C02668,Surya Kumar,Hyderabad,24,Male,Silver
C02669,Vikram Kumar,Pune,37,Female,Bronze
C02670,Rohan Kumar,Pune,43,Male,Silver
C02671,Ananya Kumar,Chennai,52,Male,Gold
C02672,Diya Kumar,Hyderabad,55,Female,Silver
C02673,Priya Kumar,Bengaluru,57,Male,Bronze
C02674,Meera Kumar,Hyderabad,55,Male,Silver
C02675,Nisha Kumar,Chennai,18,Female,Silver
C02676,Sneha Kumar,Hyderabad,47,Male,Gold
C02677,Aishwarya Kumar,Mumbai,56,Female,Bronze
C02678,Kavya Kumar,Pune,27,Male,Bronze
C02679,Harini Kumar,Chennai,52,Male,Silver
C02680,Divya Kumar,Hyderabad,47,Female,Bronze
C02681,Aarav Singh,Pune,45,Female,Silver
C02682,Vivaan Singh,Mumbai,25,Male,Gold
C02683,Aditya Singh,Hyderabad,38,Male,Bronze
C02684,Arjun Singh,Bengaluru,23,Female,Gold
C02685,Sai Singh,Hyderabad,51,Male,Bronze
C02686,Rahul Singh,Hyderabad,35,Female,Bronze
C02687,Karthik Singh,Mumbai,40,Male,Silver
C02688,Surya Singh,Chennai,53,Female,Gold
C02689,Vikram Singh,Bengaluru,43,Female,Bronze
C02690,Rohan Singh,Bengaluru,18,Female,Bronze
C02691,Ananya Singh,Pune,37,Male,Gold
C02692,Diya Singh,Pune,26,Female,Silver
C02693,Priya Singh,Mumbai,22,Female,Gold
C02694,Meera Singh,Pune,58,Female,Silver
C02695,Nisha Singh,Mumbai,31,Female,Gold
C02696,Sneha Singh,Bengaluru,41,Male,Silver
C02697,Aishwarya Singh,Pune,54,Male,Bronze
C02698,Kavya Singh,Mumbai,24,Female,Silver
C02699,Harini Singh,Mumbai,19,Male,Gold
C02700,Divya Singh,Mumbai,26,Female,Silver
C02701,Aarav Iyer,Hyderabad,19,Female,Gold
C02702,Vivaan Iyer,Bengaluru,21,Male,Bronze
C02703,Aditya Iyer,Mumbai,41,Female,Gold
C02704,Arjun Iyer,Bengaluru,31,Male,Bronze
C02705,Sai Iyer,Chennai,30,Female,Silver
C02706,Rahul Iyer,Hyderabad,39,Male,Bronze
C02707,Karthik Iyer,Mumbai,30,Female,Gold
C02708,Surya Iyer,Mumbai,47,Male,Gold
C02709,Vikram Iyer,Mumbai,45,Male,Silver
C02710,Rohan Iyer,Hyderabad,29,Male,Gold
C02711,Ananya Iyer,Chennai,45,Female,Bronze
C02712,Diya Iyer,Pune,26,Female,Silver
C02713,Priya Iyer,Mumbai,35,Female,Bronze
C02714,Meera Iyer,Pune,30,Male,Bronze
C02715,Nisha Iyer,Mumbai,19,Female,Silver
C02716,Sneha Iyer,Pune,55,Male,Silver
C02717,Aishwarya Iyer,Pune,30,Female,Bronze
C02718,Kavya Iyer,Bengaluru,58,Male,Silver
C02719,Harini Iyer,Chennai,60,Male,Silver
C02720,Divya Iyer,Bengaluru,60,Female,Gold
C02721,Aarav Nair,Hyderabad,41,Male,Gold
C02722,Vivaan Nair,Bengaluru,21,Female,Bronze
C02723,Aditya Nair,Pune,55,Male,Silver
C02724,Arjun Nair,Bengaluru,19,Female,Gold
C02725,Sai Nair,Pune,32,Female,Gold
C02726,Rahul Nair,Hyderabad,52,Female,Bronze
C02727,Karthik Nair,Bengaluru,33,Female,Bronze
C02728,Surya Nair,Mumbai,40,Male,Silver
C02729,Vikram Nair,Pune,31,Female,Bronze
C02730,Rohan Nair,Pune,20,Male,Bronze
C02731,Ananya Nair,Pune,36,Male,Silver
C02732,Diya Nair,Mumbai,34,Female,Silver
C02733,Priya Nair,Hyderabad,29,Female,Silver
C02734,Meera Nair,Pune,46,Male,Silver
C02735,Nisha Nair,Pune,48,Female,Gold
C02736,Sneha Nair,Mumbai,54,Female,Silver
C02737,Aishwarya Nair,Pune,55,Male,Silver
C02738,Kavya Nair,Hyderabad,45,Female,Silver
C02739,Harini Nair,Bengaluru,37,Female,Bronze
C02740,Divya Nair,Chennai,46,Female,Gold
C02741,Aarav Verma,Mumbai,39,Female,Bronze
C02742,Vivaan Verma,Pune,48,Male,Gold
C02743,Aditya Verma,Pune,38,Female,Silver
C02744,Arjun Verma,Chennai,22,Male,Silver
C02745,Sai Verma,Hyderabad,33,Female,Gold
C02746,Rahul Verma,Hyderabad,52,Male,Bronze
C02747,Karthik Verma,Bengaluru,24,Male,Bronze
C02748,Surya Verma,Pune,21,Female,Silver
C02749,Vikram Verma,Bengaluru,20,Female,Gold
C02750,Rohan Verma,Mumbai,44,Female,Gold
C02751,Ananya Verma,Chennai,37,Female,Gold
C02752,Diya Verma,Bengaluru,41,Male,Bronze
C02753,Priya Verma,Pune,59,Female,Bronze
C02754,Meera Verma,Chennai,33,Female,Gold
C02755,Nisha Verma,Bengaluru,48,Female,Gold
C02756,Sneha Verma,Mumbai,18,Male,Gold
C02757,Aishwarya Verma,Hyderabad,50,Male,Gold
C02758,Kavya Verma,Hyderabad,56,Male,Bronze
C02759,Harini Verma,Bengaluru,40,Male,Gold
C02760,Divya Verma,Pune,26,Female,Bronze
C02761,Aarav Gupta,Pune,34,Male,Gold
C02762,Vivaan Gupta,Pune,29,Female,Gold
C02763,Aditya Gupta,Mumbai,21,Male,Bronze
C02764,Arjun Gupta,Bengaluru,40,Male,Bronze
C02765,Sai Gupta,Bengaluru,48,Male,Bronze
C02766,Rahul Gupta,Pune,35,Female,Gold
C02767,Karthik Gupta,Mumbai,29,Male,Gold
C02768,Surya Gupta,Pune,30,Male,Gold
C02769,Vikram Gupta,Chennai,38,Female,Silver
C02770,Rohan Gupta,Mumbai,39,Female,Silver
C02771,Ananya Gupta,Chennai,35,Female,Bronze
C02772,Diya Gupta,Mumbai,49,Male,Gold
C02773,Priya Gupta,Bengaluru,22,Female,Gold
C02774,Meera Gupta,Pune,37,Female,Gold
C02775,Nisha Gupta,Bengaluru,57,Male,Silver
C02776,Sneha Gupta,Bengaluru,38,Male,Bronze
C02777,Aishwarya Gupta,Hyderabad,31,Female,Silver
C02778,Kavya Gupta,Pune,48,Male,Silver
C02779,Harini Gupta,Hyderabad,57,Female,Bronze
C02780,Divya Gupta,Bengaluru,22,Female,Gold
C02781,Aarav Rao,Mumbai,40,Female,Silver
C02782,Vivaan Rao,Mumbai,18,Female,Bronze
C02783,Aditya Rao,Mumbai,49,Female,Bronze
C02784,Arjun Rao,Hyderabad,39,Female,Bronze
C02785,Sai Rao,Bengaluru,20,Female,Gold
C02786,Rahul Rao,Chennai,41,Male,Gold
C02787,Karthik Rao,Chennai,27,Male,Silver
C02788,Surya Rao,Hyderabad,42,Male,Bronze
C02789,Vikram Rao,Bengaluru,54,Female,Gold
C02790,Rohan Rao,Chennai,46,Male,Bronze
C02791,Ananya Rao,Bengaluru,58,Female,Silver
C02792,Diya Rao,Mumbai,39,Male,Silver
C02793,Priya Rao,Chennai,49,Female,Silver
C02794,Meera Rao,Hyderabad,47,Male,Gold
C02795,Nisha Rao,Bengaluru,34,Female,Silver
C02796,Sneha Rao,Mumbai,42,Female,Silver
C02797,Aishwarya Rao,Pune,24,Male,Silver
C02798,Kavya Rao,Hyderabad,37,Male,Bronze
C02799,Harini Rao,Hyderabad,47,Male,Silver
C02800,Divya Rao,Mumbai,56,Female,Silver
C02801,Aarav Sharma,Hyderabad,24,Female,Gold
C02802,Vivaan Sharma,Hyderabad,29,Female,Gold
C02803,Aditya Sharma,Mumbai,39,Female,Bronze
C02804,Arjun Sharma,Bengaluru,56,Female,Gold
C02805,Sai Sharma,Bengaluru,21,Female,Silver
C02806,Rahul Sharma,Mumbai,50,Male,Silver
C02807,Karthik Sharma,Bengaluru,25,Male,Gold
C02808,Surya Sharma,Hyderabad,57,Female,Gold
C02809,Vikram Sharma,Bengaluru,37,Male,Gold
C02810,Rohan Sharma,Hyderabad,57,Female,Bronze
C02811,Ananya Sharma,Hyderabad,47,Female,Gold
C02812,Diya Sharma,Pune,26,Male,Bronze
C02813,Priya Sharma,Chennai,32,Female,Bronze
C02814,Meera Sharma,Hyderabad,51,Female,Bronze
C02815,Nisha Sharma,Bengaluru,56,Male,Silver
C02816,Sneha Sharma,Bengaluru,36,Male,Gold
C02817,Aishwarya Sharma,Hyderabad,37,Female,Bronze
C02818,Kavya Sharma,Mumbai,30,Male,Bronze
C02819,Harini Sharma,Pune,40,Male,Gold
C02820,Divya Sharma,Hyderabad,50,Male,Bronze
C02821,Aarav Patel,Mumbai,46,Female,Gold
C02822,Vivaan Patel,Hyderabad,51,Male,Gold
C02823,Aditya Patel,Bengaluru,55,Male,Bronze
C02824,Arjun Patel,Hyderabad,49,Male,Silver
C02825,Sai Patel,Hyderabad,36,Female,Gold
C02826,Rahul Patel,Bengaluru,27,Female,Bronze
C02827,Karthik Patel,Pune,33,Male,Gold
C02828,Surya Patel,Chennai,33,Female,Bronze
C02829,Vikram Patel,Chennai,50,Male,Bronze
C02830,Rohan Patel,Pune,19,Female,Silver
C02831,Ananya Patel,Chennai,30,Female,Silver
C02832,Diya Patel,Chennai,36,Male,Bronze
C02833,Priya Patel,Mumbai,42,Male,Bronze
C02834,Meera Patel,Chennai,48,Male,Gold
C02835,Nisha Patel,Bengaluru,38,Male,Bronze
C02836,Sneha Patel,Pune,24,Male,Gold
C02837,Aishwarya Patel,Pune,36,Male,Gold
C02838,Kavya Patel,Hyderabad,29,Male,Gold
C02839,Harini Patel,Hyderabad,53,Female,Gold
C02840,Divya Patel,Pune,50,Male,Gold
C02841,Aarav Reddy,Mumbai,42,Male,Gold
C02842,Vivaan Reddy,Pune,52,Female,Bronze
C02843,Aditya Reddy,Pune,57,Female,Gold
C02844,Arjun Reddy,Hyderabad,56,Male,Silver
C02845,Sai Reddy,Mumbai,53,Male,Gold
C02846,Rahul Reddy,Pune,60,Male,Silver
C02847,Karthik Reddy,Pune,24,Female,Bronze
C02848,Surya Reddy,Hyderabad,19,Male,Bronze
C02849,Vikram Reddy,Hyderabad,25,Male,Gold
C02850,Rohan Reddy,Hyderabad,49,Male,Gold
C02851,Ananya Reddy,Pune,18,Female,Silver
C02852,Diya Reddy,Chennai,29,Female,Silver
C02853,Priya Reddy,Hyderabad,29,Female,Silver
C02854,Meera Reddy,Chennai,38,Male,Bronze
C02855,Nisha Reddy,Pune,42,Male,Bronze
C02856,Sneha Reddy,Hyderabad,50,Male,Gold
C02857,Aishwarya Reddy,Pune,38,Male,Gold
C02858,Kavya Reddy,Chennai,24,Female,Gold
C02859,Harini Reddy,Chennai,46,Male,Gold
C02860,Divya Reddy,Chennai,50,Male,Bronze
C02861,Aarav Kumar,Mumbai,35,Male,Silver
C02862,Vivaan Kumar,Pune,39,Female,Gold
C02863,Aditya Kumar,Pune,35,Female,Gold
C02864,Arjun Kumar,Bengaluru,55,Male,Bronze
C02865,Sai Kumar,Bengaluru,27,Female,Bronze
C02866,Rahul Kumar,Chennai,26,Male,Bronze
C02867,Karthik Kumar,Bengaluru,27,Female,Silver
C02868,Surya Kumar,Hyderabad,36,Male,Silver
C02869,Vikram Kumar,Pune,28,Female,Silver
C02870,Rohan Kumar,Mumbai,40,Male,Bronze
C02871,Ananya Kumar,Mumbai,23,Male,Bronze
C02872,Diya Kumar,Hyderabad,58,Male,Silver
C02873,Priya Kumar,Chennai,43,Male,Silver
C02874,Meera Kumar,Bengaluru,26,Male,Gold
C02875,Nisha Kumar,Pune,24,Female,Gold
C02876,Sneha Kumar,Mumbai,50,Male,Silver
C02877,Aishwarya Kumar,Pune,44,Male,Silver
C02878,Kavya Kumar,Chennai,19,Male,Silver
C02879,Harini Kumar,Hyderabad,38,Female,Bronze
C02880,Divya Kumar,Hyderabad,51,Male,Bronze
C02881,Aarav Singh,Pune,42,Male,Bronze
C02882,Vivaan Singh,Bengaluru,43,Female,Bronze
C02883,Aditya Singh,Pune,39,Male,Gold
C02884,Arjun Singh,Mumbai,22,Male,Gold
C02885,Sai Singh,Pune,28,Female,Silver
C02886,Rahul Singh,Mumbai,19,Female,Bronze
C02887,Karthik Singh,Pune,49,Male,Silver
C02888,Surya Singh,Bengaluru,33,Male,Bronze
C02889,Vikram Singh,Bengaluru,50,Female,Gold
C02890,Rohan Singh,Bengaluru,58,Male,Bronze
C02891,Ananya Singh,Chennai,55,Female,Silver
C02892,Diya Singh,Hyderabad,52,Male,Gold
C02893,Priya Singh,Pune,26,Male,Bronze
C02894,Meera Singh,Pune,27,Female,Silver
C02895,Nisha Singh,Mumbai,53,Male,Bronze
C02896,Sneha Singh,Chennai,28,Female,Bronze
C02897,Aishwarya Singh,Hyderabad,39,Female,Gold
C02898,Kavya Singh,Hyderabad,56,Female,Bronze
C02899,Harini Singh,Chennai,39,Male,Gold
C02900,Divya Singh,Hyderabad,51,Male,Bronze
C02901,Aarav Iyer,Hyderabad,26,Female,Bronze
C02902,Vivaan Iyer,Mumbai,29,Female,Silver
C02903,Aditya Iyer,Bengaluru,20,Female,Gold
C02904,Arjun Iyer,Mumbai,22,Female,Bronze
C02905,Sai Iyer,Chennai,43,Male,Bronze
C02906,Rahul Iyer,Hyderabad,19,Female,Gold
C02907,Karthik Iyer,Pune,24,Male,Bronze
C02908,Surya Iyer,Mumbai,40,Female,Gold
C02909,Vikram Iyer,Pune,23,Female,Gold
C02910,Rohan Iyer,Mumbai,43,Female,Gold
C02911,Ananya Iyer,Chennai,41,Female,Gold
C02912,Diya Iyer,Chennai,32,Female,Gold
C02913,Priya Iyer,Mumbai,22,Male,Silver
C02914,Meera Iyer,Bengaluru,41,Male,Gold
C02915,Nisha Iyer,Hyderabad,32,Male,Silver
C02916,Sneha Iyer,Pune,37,Female,Silver
C02917,Aishwarya Iyer,Hyderabad,30,Male,Gold
C02918,Kavya Iyer,Bengaluru,56,Male,Bronze
C02919,Harini Iyer,Chennai,39,Male,Bronze
C02920,Divya Iyer,Mumbai,55,Male,Bronze
C02921,Aarav Nair,Mumbai,30,Male,Bronze
C02922,Vivaan Nair,Pune,23,Female,Gold
C02923,Aditya Nair,Bengaluru,20,Female,Silver
C02924,Arjun Nair,Mumbai,24,Male,Bronze
C02925,Sai Nair,Bengaluru,50,Female,Bronze
C02926,Rahul Nair,Bengaluru,49,Male,Bronze
C02927,Karthik Nair,Mumbai,37,Female,Silver
C02928,Surya Nair,Mumbai,37,Female,Bronze
C02929,Vikram Nair,Mumbai,20,Female,Bronze
C02930,Rohan Nair,Hyderabad,59,Male,Gold
C02931,Ananya Nair,Chennai,42,Male,Gold
C02932,Diya Nair,Bengaluru,43,Male,Gold
C02933,Priya Nair,Bengaluru,38,Female,Gold
C02934,Meera Nair,Hyderabad,24,Female,Gold
C02935,Nisha Nair,Pune,49,Female,Bronze
C02936,Sneha Nair,Pune,49,Male,Silver
C02937,Aishwarya Nair,Bengaluru,38,Female,Silver
C02938,Kavya Nair,Bengaluru,53,Female,Bronze
C02939,Harini Nair,Hyderabad,60,Male,Silver
C02940,Divya Nair,Bengaluru,42,Female,Bronze
C02941,Aarav Verma,Mumbai,45,Female,Silver
C02942,Vivaan Verma,Pune,53,Female,Bronze
C02943,Aditya Verma,Bengaluru,26,Male,Gold
C02944,Arjun Verma,Chennai,49,Female,Silver
C02945,Sai Verma,Hyderabad,31,Female,Silver
C02946,Rahul Verma,Hyderabad,50,Male,Silver
C02947,Karthik Verma,Bengaluru,20,Female,Silver
C02948,Surya Verma,Mumbai,42,Male,Silver
C02949,Vikram Verma,Bengaluru,23,Female,Gold
C02950,Rohan Verma,Hyderabad,47,Female,Silver
C02951,Ananya Verma,Bengaluru,45,Female,Bronze
C02952,Diya Verma,Pune,32,Female,Silver
C02953,Priya Verma,Bengaluru,24,Female,Gold
C02954,Meera Verma,Mumbai,47,Female,Silver
C02955,Nisha Verma,Chennai,19,Female,Bronze
C02956,Sneha Verma,Chennai,26,Female,Bronze
C02957,Aishwarya Verma,Chennai,20,Male,Gold
C02958,Kavya Verma,Chennai,23,Female,Bronze
C02959,Harini Verma,Mumbai,43,Male,Silver
C02960,Divya Verma,Pune,28,Male,Bronze
C02961,Aarav Gupta,Bengaluru,21,Male,Silver
C02962,Vivaan Gupta,Chennai,39,Female,Gold
C02963,Aditya Gupta,Pune,54,Male,Silver
C02964,Arjun Gupta,Mumbai,42,Female,Silver
C02965,Sai Gupta,Bengaluru,51,Female,Silver
C02966,Rahul Gupta,Mumbai,48,Female,Gold
C02967,Karthik Gupta,Bengaluru,19,Female,Bronze
C02968,Surya Gupta,Pune,43,Male,Gold
C02969,Vikram Gupta,Chennai,23,Female,Gold
C02970,Rohan Gupta,Chennai,42,Male,Silver
C02971,Ananya Gupta,Hyderabad,47,Male,Gold
C02972,Diya Gupta,Chennai,45,Female,Silver
C02973,Priya Gupta,Chennai,34,Male,Bronze
C02974,Meera Gupta,Pune,47,Male,Gold
C02975,Nisha Gupta,Mumbai,56,Female,Bronze
C02976,Sneha Gupta,Bengaluru,31,Female,Silver
C02977,Aishwarya Gupta,Mumbai,31,Female,Gold
C02978,Kavya Gupta,Bengaluru,55,Female,Silver
C02979,Harini Gupta,Bengaluru,40,Female,Silver
C02980,Divya Gupta,Bengaluru,59,Female,Bronze
C02981,Aarav Rao,Pune,55,Female,Bronze
C02982,Vivaan Rao,Pune,26,Female,Bronze
C02983,Aditya Rao,Hyderabad,30,Female,Gold
C02984,Arjun Rao,Mumbai,60,Female,Silver
C02985,Sai Rao,Chennai,33,Female,Bronze
C02986,Rahul Rao,Pune,25,Male,Gold
C02987,Karthik Rao,Hyderabad,33,Female,Bronze
C02988,Surya Rao,Chennai,51,Female,Gold
C02989,Vikram Rao,Hyderabad,19,Female,Bronze
C02990,Rohan Rao,Mumbai,38,Male,Gold
C02991,Ananya Rao,Chennai,33,Female,Bronze
C02992,Diya Rao,Hyderabad,39,Male,Silver
C02993,Priya Rao,Mumbai,56,Male,Gold
C02994,Meera Rao,Chennai,36,Male,Gold
C02995,Nisha Rao,Mumbai,56,Female,Silver
C02996,Sneha Rao,Bengaluru,37,Male,Silver
C02997,Aishwarya Rao,Pune,47,Female,Silver
C02998,Kavya Rao,Chennai,51,Female,Gold
C02999,Harini Rao,Mumbai,42,Female,Silver
C03000,Divya Rao,Pune,28,Female,Gold
