OrderItemID,OrderID,MenuID,Quantity
OI000001,O008714,M118,2
OI000002,O018344,M136,2
OI000003,O016627,M194,1
OI000004,O007936,M190,3
OI000005,O004478,M104,2
OI000006,O005662,M190,2
OI000007,O016209,M196,3
OI000008,O001855,M024,2
OI000009,O003149,M098,2
OI000010,O001801,M208,3
OI000011,O014352,M165,2
OI000012,O009134,M085,2
OI000013,O018704,M066,3
OI000014,O006543,M177,2
OI000015,O004960,M228,1
OI000016,O012832,M004,3
OI000017,O009134,M178,3
OI000018,O002220,M067,1
OI000019,O018005,M105,1
OI000020,O010213,M190,1
OI000021,O010346,M027,2
OI000022,O004528,M097,2
OI000023,O009636,M209,3
OI000024,O004499,M085,1
OI000025,O013661,M224,1
OI000026,O006300,M163,2
OI000027,O006551,M112,1
OI000028,O007305,M240,3
OI000029,O004461,M012,3
OI000030,O002086,M149,3
OI000031,O016410,M087,1
OI000032,O011489,M014,1
OI000033,O002617,M053,3
OI000034,O001854,M097,3
OI000035,O004541,M169,1
OI000036,O007191,M194,2
OI000037,O010526,M027,1
OI000038,O016085,M076,1
OI000039,O018290,M067,1
OI000040,O006587,M145,3
OI000041,O014539,M184,3
OI000042,O001816,M224,1
OI000043,O002395,M068,1
OI000044,O002315,M028,3
OI000045,O018394,M242,3
OI000046,O002449,M123,2
OI000047,O002955,M093,2
OI000048,O014279,M098,2
OI000049,O017934,M133,1
OI000050,O014519,M179,1
OI000051,O017447,M146,2
OI000052,O008258,M224,1
OI000053,O016712,M207,1
OI000054,O015619,M240,3
OI000055,O016774,M136,1
OI000056,O017205,M065,2
OI000057,O000206,M042,3
OI000058,O016475,M155,2
OI000059,O001147,M160,2
OI000060,O007446,M088,2
OI000061,O018798,M157,3
OI000062,O003114,M104,3
OI000063,O004832,M176,2
OI000064,O010674,M200,2
OI000065,O016392,M072,3
OI000066,O015047,M113,2
OI000067,O006081,M131,3
OI000068,O014233,M195,3
OI000069,O016754,M084,2
OI000070,O000066,M104,3
OI000071,O009231,M242,2
OI000072,O011348,M102,1
OI000073,O005083,M146,2
OI000074,O007147,M162,2
OI000075,O007545,M034,3
OI000076,O016778,M119,3
OI000077,O018369,M107,2
OI000078,O015896,M062,1
OI000079,O010130,M027,3
OI000080,O000577,M174,2
OI000081,O000732,M147,2
OI000082,O002020,M110,1
OI000083,O002472,M045,2
OI000084,O010061,M061,2
OI000085,O006712,M130,1
OI000086,O004710,M215,3
OI000087,O010652,M104,1
OI000088,O016979,M149,3
OI000089,O002951,M130,3
OI000090,O012238,M166,1
OI000091,O017075,M167,3
OI000092,O008910,M104,1
OI000093,O019845,M210,3
OI000094,O009666,M213,1
OI000095,O009756,M095,3
OI000096,O003151,M231,1
OI000097,O003088,M237,3
OI000098,O012305,M130,1
OI000099,O013163,M166,1
OI000100,O009110,M135,1
OI000101,O019812,M073,1
OI000102,O014908,M191,3
OI000103,O001954,M031,1
OI000104,O005453,M118,1
OI000105,O013388,M214,2
OI000106,O015258,M188,2
OI000107,O001451,M187,3
OI000108,O012201,M246,3
OI000109,O019224,M247,2
OI000110,O009738,M049,3
OI000111,O013906,M163,3
OI000112,O000449,M160,1
OI000113,O014260,M193,1
OI000114,O001701,M004,2
OI000115,O000791,M215,3
OI000116,O013117,M037,3
OI000117,O013423,M026,2
OI000118,O018365,M222,1
OI000119,O004353,M193,3
OI000120,O000453,M128,2
OI000121,O003890,M170,2
OI000122,O015180,M047,1
OI000123,O009397,M138,3
OI000124,O017904,M185,2
OI000125,O003274,M239,2
OI000126,O017403,M172,1
OI000127,O003490,M101,2
OI000128,O012195,M011,1
OI000129,O007269,M092,3
OI000130,O002369,M211,2
OI000131,O013351,M229,2
OI000132,O014287,M126,3
OI000133,O019109,M100,3
OI000134,O003197,M143,2
OI000135,O009509,M066,2
OI000136,O016160,M181,1
OI000137,O017730,M240,2
OI000138,O012197,M009,1
OI000139,O001937,M054,2
OI000140,O004473,M044,1
OI000141,O006949,M044,2
OI000142,O017280,M034,2
OI000143,O006500,M142,2
OI000144,O010002,M190,1
OI000145,O003134,M107,3
OI000146,O001209,M150,3
OI000147,O006802,M151,1
OI000148,O015816,M027,1
OI000149,O014403,M089,3
OI000150,O013197,M141,1
OI000151,O011143,M062,3
OI000152,O017638,M234,1
OI000153,O019549,M062,1
OI000154,O015844,M054,3
OI000155,O016771,M022,3
OI000156,O018229,M128,3
OI000157,O016398,M071,3
OI000158,O016188,M031,3
OI000159,O001270,M207,1
OI000160,O002252,M154,3
OI000161,O000392,M134,3
OI000162,O019770,M031,2
OI000163,O004519,M038,3
OI000164,O002234,M113,3
OI000165,O003233,M103,2
OI000166,O013341,M193,1
OI000167,O002148,M096,1
OI000168,O012286,M018,2
OI000169,O006407,M061,3
OI000170,O011998,M048,3
OI000171,O015503,M223,1
OI000172,O007116,M236,2
OI000173,O015266,M084,2
OI000174,O013623,M124,2
OI000175,O005101,M174,2
OI000176,O019876,M056,2
OI000177,O000547,M163,3
OI000178,O019533,M003,2
OI000179,O010405,M218,1
OI000180,O015465,M095,1
OI000181,O016883,M053,3
OI000182,O003797,M245,2
OI000183,O013204,M146,3
OI000184,O013982,M223,2
OI000185,O015117,M136,2
OI000186,O008424,M012,3
OI000187,O006562,M131,1
OI000188,O008597,M109,1
OI000189,O019231,M163,1
OI000190,O006438,M198,3
OI000191,O019991,M195,3
OI000192,O009486,M125,1
OI000193,O001105,M138,2
OI000194,O007107,M170,3
OI000195,O016282,M119,3
OI000196,O019609,M157,1
OI000197,O009873,M238,1
OI000198,O019870,M100,2
OI000199,O011966,M108,2
OI000200,O018368,M143,3
OI000201,O018604,M015,2
OI000202,O003651,M065,2
OI000203,O019119,M160,3
OI000204,O014242,M031,1
OI000205,O019758,M083,1
OI000206,O014564,M160,2
OI000207,O007382,M154,1
OI000208,O011169,M099,2
OI000209,O012505,M131,2
OI000210,O010444,M224,2
OI000211,O000520,M006,1
OI000212,O008370,M052,2
OI000213,O005487,M012,2
OI000214,O004504,M067,3
OI000215,O010302,M135,1
OI000216,O003775,M244,1
OI000217,O009246,M226,2
OI000218,O009231,M155,2
OI000219,O005467,M138,2
OI000220,O012350,M049,3
OI000221,O011638,M195,2
OI000222,O006088,M223,3
OI000223,O008986,M145,3
OI000224,O003885,M048,2
OI000225,O014614,M184,2
OI000226,O018532,M045,3
OI000227,O001102,M025,2
OI000228,O017342,M012,1
OI000229,O002646,M071,3
OI000230,O018196,M026,2
OI000231,O015403,M051,1
OI000232,O011536,M136,2
OI000233,O013207,M166,1
OI000234,O018933,M062,1
OI000235,O010222,M105,3
OI000236,O018603,M098,3
OI000237,O007988,M013,2
OI000238,O012737,M137,3
OI000239,O003528,M245,1
OI000240,O007300,M186,3
OI000241,O016637,M087,2
OI000242,O006163,M052,2
OI000243,O017394,M070,2
OI000244,O008480,M160,3
OI000245,O014441,M107,2
OI000246,O013728,M173,1
OI000247,O011750,M250,1
OI000248,O017700,M121,1
OI000249,O002160,M070,1
OI000250,O001948,M242,2
OI000251,O002826,M161,1
OI000252,O003669,M226,2
OI000253,O005419,M011,2
OI000254,O018440,M009,3
OI000255,O018961,M161,3
OI000256,O005327,M019,2
OI000257,O001427,M022,2
OI000258,O014426,M223,2
OI000259,O012859,M093,3
OI000260,O019391,M194,3
OI000261,O007618,M121,2
OI000262,O016731,M032,3
OI000263,O006431,M119,2
OI000264,O015035,M069,1
OI000265,O001072,M237,3
OI000266,O010061,M141,2
OI000267,O019421,M054,3
OI000268,O002290,M028,1
OI000269,O008286,M146,3
OI000270,O006238,M072,1
OI000271,O004082,M041,3
OI000272,O007989,M108,2
OI000273,O000831,M105,1
OI000274,O001492,M022,2
OI000275,O010357,M133,2
OI000276,O003352,M047,2
OI000277,O017248,M154,1
OI000278,O005604,M179,3
OI000279,O014986,M031,1
OI000280,O000593,M008,2
OI000281,O009695,M149,3
OI000282,O000061,M231,3
OI000283,O001685,M247,1
OI000284,O017242,M088,3
OI000285,O002831,M224,3
OI000286,O019461,M165,3
OI000287,O004746,M208,2
OI000288,O007822,M104,2
OI000289,O018097,M209,3
OI000290,O019598,M020,3
OI000291,O001228,M224,2
OI000292,O012915,M054,3
OI000293,O015032,M179,2
OI000294,O019336,M148,3
OI000295,O001522,M044,3
OI000296,O007597,M099,2
OI000297,O008872,M023,1
OI000298,O011897,M054,3
OI000299,O018780,M225,3
OI000300,O000977,M250,2
OI000301,O011897,M068,1
OI000302,O017572,M048,1
OI000303,O000126,M127,2
OI000304,O004390,M110,1
OI000305,O007963,M192,3
OI000306,O006485,M237,2
OI000307,O014114,M226,2
OI000308,O001071,M200,3
OI000309,O012949,M039,1
OI000310,O003850,M082,2
OI000311,O003766,M246,2
OI000312,O005806,M229,1
OI000313,O014573,M017,3
OI000314,O012090,M107,2
OI000315,O014024,M025,2
OI000316,O000185,M205,1
OI000317,O005927,M049,1
OI000318,O007430,M066,3
OI000319,O008595,M025,2
OI000320,O006609,M074,1
OI000321,O002875,M101,3
OI000322,O017159,M128,3
OI000323,O014082,M144,2
OI000324,O018373,M153,3
OI000325,O014425,M028,1
OI000326,O019012,M160,1
OI000327,O014915,M143,1
OI000328,O000250,M235,3
OI000329,O014979,M115,1
OI000330,O004484,M128,1
OI000331,O009952,M170,2
OI000332,O019381,M132,2
OI000333,O015267,M152,1
OI000334,O005269,M198,2
OI000335,O001709,M010,3
OI000336,O013064,M169,1
OI000337,O003760,M030,1
OI000338,O015730,M107,1
OI000339,O007343,M226,3
OI000340,O006712,M129,2
OI000341,O003820,M119,2
OI000342,O003839,M058,1
OI000343,O008177,M097,1
OI000344,O003135,M118,3
OI000345,O018679,M174,1
OI000346,O006499,M067,3
OI000347,O001762,M082,2
OI000348,O017445,M001,2
OI000349,O013437,M041,3
OI000350,O013651,M159,2
OI000351,O002213,M239,3
OI000352,O017997,M144,2
OI000353,O007471,M153,3
OI000354,O017595,M151,2
OI000355,O003614,M242,3
OI000356,O011328,M080,3
OI000357,O017633,M127,2
OI000358,O014505,M015,2
OI000359,O005945,M237,1
OI000360,O012524,M149,3
OI000361,O008695,M166,3
OI000362,O001399,M138,3
OI000363,O009714,M211,2
OI000364,O014150,M130,2
OI000365,O006801,M084,1
OI000366,O002743,M178,3
OI000367,O009007,M117,2
OI000368,O019777,M018,3
OI000369,O010013,M011,2
OI000370,O018240,M192,1
OI000371,O009823,M133,2
OI000372,O007284,M018,2
OI000373,O009337,M068,3
OI000374,O011492,M103,1
OI000375,O015897,M006,2
OI000376,O007521,M144,3
OI000377,O002195,M106,1
OI000378,O017001,M138,1
OI000379,O002683,M165,1
OI000380,O013021,M178,1
OI000381,O018489,M218,3
OI000382,O008762,M129,3
OI000383,O010242,M233,1
OI000384,O003023,M072,3
OI000385,O009332,M227,1
OI000386,O003195,M203,2
OI000387,O017498,M095,3
OI000388,O005697,M134,1
OI000389,O006897,M140,1
OI000390,O013358,M177,3
OI000391,O019318,M049,2
OI000392,O013780,M028,2
OI000393,O012143,M090,3
OI000394,O014918,M077,3
OI000395,O002475,M112,2
OI000396,O012310,M138,1
OI000397,O014015,M175,1
OI000398,O008799,M114,3
OI000399,O014599,M085,1
OI000400,O008039,M136,3
OI000401,O008886,M105,3
OI000402,O019121,M213,1
OI000403,O000610,M036,2
OI000404,O019149,M151,1
OI000405,O010892,M076,1
OI000406,O007908,M062,1
OI000407,O016081,M046,1
OI000408,O007123,M127,1
OI000409,O017934,M170,3
OI000410,O005785,M036,3
OI000411,O012174,M105,1
OI000412,O001634,M110,3
OI000413,O010960,M198,1
OI000414,O017972,M020,2
OI000415,O017555,M171,1
OI000416,O009386,M238,3
OI000417,O014791,M049,1
OI000418,O012380,M121,2
OI000419,O011975,M157,2
OI000420,O011551,M194,2
OI000421,O008198,M092,3
OI000422,O010786,M042,3
OI000423,O000832,M105,3
OI000424,O002288,M067,3
OI000425,O018053,M146,3
OI000426,O011059,M055,1
OI000427,O012983,M056,1
OI000428,O003511,M041,1
OI000429,O006851,M143,2
OI000430,O010652,M227,3
OI000431,O001616,M242,2
OI000432,O018361,M164,3
OI000433,O005627,M163,3
OI000434,O019055,M152,1
OI000435,O017889,M034,2
OI000436,O003483,M177,2
OI000437,O004920,M153,2
OI000438,O009287,M217,1
OI000439,O006280,M171,3
OI000440,O016033,M093,3
OI000441,O002447,M151,2
OI000442,O019742,M032,2
OI000443,O005869,M106,2
OI000444,O015609,M150,2
OI000445,O015875,M174,3
OI000446,O015738,M148,3
OI000447,O008368,M078,2
OI000448,O014750,M063,2
OI000449,O001126,M049,2
OI000450,O008994,M007,1
OI000451,O001304,M229,3
OI000452,O001320,M003,3
OI000453,O012878,M188,1
OI000454,O012247,M062,1
OI000455,O018310,M157,2
OI000456,O004381,M028,3
OI000457,O007934,M110,1
OI000458,O018626,M139,3
OI000459,O014835,M200,1
OI000460,O016849,M005,2
OI000461,O005256,M241,1
OI000462,O015164,M147,2
OI000463,O006832,M147,3
OI000464,O006554,M069,2
OI000465,O003026,M209,1
OI000466,O006707,M002,1
OI000467,O005471,M090,3
OI000468,O012768,M016,1
OI000469,O002370,M166,2
OI000470,O019913,M079,3
OI000471,O000990,M053,2
OI000472,O000336,M108,2
OI000473,O012414,M126,1
OI000474,O013718,M177,1
OI000475,O019377,M243,1
OI000476,O009522,M042,1
OI000477,O003419,M144,1
OI000478,O017904,M009,1
OI000479,O016555,M199,3
OI000480,O014150,M219,1
OI000481,O007793,M176,2
OI000482,O004993,M055,2
OI000483,O000643,M142,2
OI000484,O000996,M054,1
OI000485,O008733,M153,1
OI000486,O000845,M121,3
OI000487,O015583,M085,1
OI000488,O010539,M230,3
OI000489,O015292,M231,1
OI000490,O004496,M221,3
OI000491,O014144,M218,3
OI000492,O006746,M218,3
OI000493,O010357,M201,1
OI000494,O012832,M092,1
OI000495,O000409,M057,3
OI000496,O002494,M150,3
OI000497,O008861,M165,1
OI000498,O013271,M243,3
OI000499,O002206,M110,1
OI000500,O017006,M175,2
OI000501,O007390,M164,3
OI000502,O000810,M141,1
OI000503,O008793,M056,3
OI000504,O001269,M105,1
OI000505,O004553,M040,1
OI000506,O010271,M209,3
OI000507,O005217,M155,2
OI000508,O003751,M017,3
OI000509,O003081,M112,1
OI000510,O013742,M216,1
OI000511,O016402,M088,3
OI000512,O010910,M214,2
OI000513,O015493,M123,1
OI000514,O017296,M129,3
OI000515,O009715,M215,1
OI000516,O004775,M026,2
OI000517,O000311,M212,1
OI000518,O009191,M087,3
OI000519,O003866,M036,1
OI000520,O013259,M147,3
OI000521,O015020,M034,1
OI000522,O008626,M022,2
OI000523,O002621,M007,3
OI000524,O009251,M076,1
OI000525,O013002,M194,1
OI000526,O010478,M052,2
OI000527,O011473,M020,2
OI000528,O005110,M158,1
OI000529,O015213,M009,3
OI000530,O012229,M188,1
OI000531,O012523,M001,1
OI000532,O016935,M249,2
OI000533,O012290,M025,2
OI000534,O005688,M216,1
OI000535,O013799,M025,1
OI000536,O008517,M216,2
OI000537,O018551,M074,1
OI000538,O005696,M141,1
OI000539,O005049,M159,2
OI000540,O007987,M055,2
OI000541,O002405,M153,2
OI000542,O001887,M226,1
OI000543,O005291,M137,3
OI000544,O007020,M250,1
OI000545,O003407,M081,2
OI000546,O007668,M021,1
OI000547,O018692,M026,1
OI000548,O008110,M239,1
OI000549,O001971,M095,3
OI000550,O001474,M076,1
OI000551,O002879,M179,2
OI000552,O014011,M125,1
OI000553,O019506,M031,2
OI000554,O012260,M175,2
OI000555,O012584,M165,3
OI000556,O006185,M010,1
OI000557,O016367,M150,1
OI000558,O006196,M061,3
OI000559,O006827,M037,2
OI000560,O001855,M197,1
OI000561,O001852,M193,2
OI000562,O007076,M043,2
OI000563,O013761,M149,1
OI000564,O001705,M110,3
OI000565,O009425,M003,2
OI000566,O015816,M067,3
OI000567,O004132,M109,2
OI000568,O006389,M002,2
OI000569,O008111,M041,3
OI000570,O009583,M234,3
OI000571,O000838,M023,3
OI000572,O005042,M230,1
OI000573,O014563,M224,2
OI000574,O002773,M061,3
OI000575,O001096,M088,1
OI000576,O019757,M026,2
OI000577,O011300,M052,3
OI000578,O015655,M104,1
OI000579,O002749,M070,3
OI000580,O008465,M098,1
OI000581,O001372,M028,2
OI000582,O015022,M007,1
OI000583,O015776,M146,1
OI000584,O008594,M145,2
OI000585,O019043,M153,2
OI000586,O000872,M155,3
OI000587,O011987,M164,1
OI000588,O013853,M143,2
OI000589,O017518,M196,3
OI000590,O007633,M246,1
OI000591,O015387,M028,3
OI000592,O015559,M161,2
OI000593,O015318,M113,2
OI000594,O004487,M058,1
OI000595,O019228,M139,2
OI000596,O001887,M103,3
OI000597,O017538,M178,1
OI000598,O014701,M119,2
OI000599,O014977,M120,2
OI000600,O006207,M115,3
OI000601,O019696,M222,2
OI000602,O011870,M046,3
OI000603,O000821,M104,3
OI000604,O000896,M168,1
OI000605,O010613,M151,2
OI000606,O007195,M176,3
OI000607,O017870,M053,2
OI000608,O008662,M131,3
OI000609,O006673,M047,2
OI000610,O005213,M040,2
OI000611,O004883,M130,3
OI000612,O009548,M043,3
OI000613,O008450,M105,2
OI000614,O012200,M098,3
OI000615,O003321,M199,2
OI000616,O016463,M204,1
OI000617,O000327,M187,3
OI000618,O003364,M012,1
OI000619,O017016,M042,1
OI000620,O015572,M119,1
OI000621,O000604,M182,3
OI000622,O007775,M068,1
OI000623,O003612,M231,3
OI000624,O017220,M096,3
OI000625,O015215,M206,1
OI000626,O001460,M156,2
OI000627,O016443,M106,3
OI000628,O002938,M219,3
OI000629,O005980,M079,3
OI000630,O015688,M077,2
OI000631,O017925,M218,1
OI000632,O018019,M127,3
OI000633,O003141,M249,2
OI000634,O006008,M203,3
OI000635,O004970,M215,1
OI000636,O018426,M243,3
OI000637,O017449,M014,2
OI000638,O002750,M207,2
OI000639,O013272,M097,1
OI000640,O010604,M170,3
OI000641,O009259,M187,1
OI000642,O008129,M027,2
OI000643,O008711,M149,3
OI000644,O000789,M137,1
OI000645,O014850,M061,2
OI000646,O004500,M116,1
OI000647,O016206,M182,2
OI000648,O016308,M191,2
OI000649,O009442,M018,2
OI000650,O005491,M085,2
OI000651,O001083,M141,1
OI000652,O016459,M020,3
OI000653,O019437,M014,2
OI000654,O003085,M147,2
OI000655,O002235,M075,3
OI000656,O015548,M191,1
OI000657,O013693,M139,3
OI000658,O007325,M095,3
OI000659,O000569,M079,2
OI000660,O009139,M134,2
OI000661,O017019,M053,1
OI000662,O013193,M104,3
OI000663,O017120,M060,2
OI000664,O016586,M193,1
OI000665,O012370,M049,1
OI000666,O012069,M113,1
OI000667,O011462,M155,1
OI000668,O013631,M122,3
OI000669,O002583,M007,3
OI000670,O016081,M243,1
OI000671,O012163,M150,2
OI000672,O019012,M067,2
OI000673,O007392,M181,1
OI000674,O012753,M213,3
OI000675,O001137,M180,2
OI000676,O009311,M112,2
OI000677,O002666,M215,2
OI000678,O006457,M233,3
OI000679,O010213,M123,3
OI000680,O004114,M089,1
OI000681,O007364,M217,2
OI000682,O009697,M074,1
OI000683,O017512,M104,2
OI000684,O008886,M156,2
OI000685,O008079,M100,2
OI000686,O010758,M132,2
OI000687,O007043,M226,1
OI000688,O007518,M082,1
OI000689,O010822,M158,1
OI000690,O004141,M111,2
OI000691,O011645,M010,2
OI000692,O013316,M191,1
OI000693,O005363,M158,3
OI000694,O004606,M044,1
OI000695,O003423,M224,2
OI000696,O019370,M153,3
OI000697,O016575,M043,2
OI000698,O005495,M136,2
OI000699,O014724,M211,2
OI000700,O011535,M047,3
OI000701,O005512,M232,3
OI000702,O014784,M005,2
OI000703,O000540,M093,2
OI000704,O002591,M123,1
OI000705,O006132,M206,1
OI000706,O009279,M078,1
OI000707,O018955,M191,2
OI000708,O018696,M055,2
OI000709,O005673,M209,2
OI000710,O007546,M035,1
OI000711,O005524,M218,2
OI000712,O019382,M213,3
OI000713,O019500,M149,2
OI000714,O000653,M071,1
OI000715,O019948,M045,3
OI000716,O007471,M053,2
OI000717,O008526,M243,2
OI000718,O008791,M155,1
OI000719,O011158,M080,2
OI000720,O013712,M004,1
OI000721,O012487,M103,2
OI000722,O009845,M213,2
OI000723,O005879,M067,1
OI000724,O004502,M145,3
OI000725,O004100,M150,3
OI000726,O006405,M057,2
OI000727,O008339,M100,1
OI000728,O013182,M069,2
OI000729,O009219,M079,3
OI000730,O001713,M190,2
OI000731,O011293,M111,3
OI000732,O009614,M228,1
OI000733,O015120,M039,3
OI000734,O008264,M178,3
OI000735,O006926,M035,3
OI000736,O000967,M248,1
OI000737,O009240,M098,1
OI000738,O005370,M228,2
OI000739,O006674,M085,1
OI000740,O017201,M224,3
OI000741,O000876,M154,2
OI000742,O016025,M164,3
OI000743,O003739,M122,3
OI000744,O013162,M149,3
OI000745,O000674,M097,1
OI000746,O007197,M027,3
OI000747,O013554,M112,3
OI000748,O014496,M212,2
OI000749,O010876,M206,2
OI000750,O015683,M168,2
OI000751,O015526,M215,3
OI000752,O004794,M108,2
OI000753,O007899,M100,2
OI000754,O014310,M231,2
OI000755,O019810,M178,1
OI000756,O006725,M126,3
OI000757,O001172,M015,2
OI000758,O005011,M167,3
OI000759,O009943,M061,3
OI000760,O013740,M109,3
OI000761,O003532,M017,3
OI000762,O017233,M128,3
OI000763,O005970,M110,3
OI000764,O008496,M234,1
OI000765,O018546,M082,3
OI000766,O017341,M065,3
OI000767,O003929,M215,1
OI000768,O006354,M152,2
OI000769,O011969,M090,3
OI000770,O018584,M019,3
OI000771,O010447,M196,3
OI000772,O016624,M137,1
OI000773,O012539,M122,1
OI000774,O014832,M074,3
OI000775,O010215,M057,2
OI000776,O002445,M222,2
OI000777,O003149,M174,3
OI000778,O008860,M206,1
OI000779,O005801,M110,3
OI000780,O011849,M212,3
OI000781,O004342,M191,3
OI000782,O003583,M069,1
OI000783,O014034,M230,2
OI000784,O000801,M208,3
OI000785,O009756,M069,1
OI000786,O011401,M076,2
OI000787,O008409,M187,1
OI000788,O002732,M114,2
OI000789,O018190,M212,1
OI000790,O014506,M066,2
OI000791,O019519,M236,1
OI000792,O017624,M192,2
OI000793,O008013,M246,2
OI000794,O005844,M247,3
OI000795,O016744,M120,1
OI000796,O011919,M038,1
OI000797,O012176,M104,3
OI000798,O006930,M131,1
OI000799,O018092,M073,2
OI000800,O004371,M136,1
OI000801,O010334,M152,3
OI000802,O015181,M023,3
OI000803,O017450,M025,1
OI000804,O000952,M175,2
OI000805,O017542,M009,2
OI000806,O004451,M060,3
OI000807,O008021,M108,1
OI000808,O005759,M044,1
OI000809,O015475,M016,1
OI000810,O002416,M137,3
OI000811,O009871,M023,1
OI000812,O005007,M187,3
OI000813,O011098,M113,3
OI000814,O003769,M249,2
OI000815,O014285,M068,3
OI000816,O018362,M105,3
OI000817,O014211,M079,3
OI000818,O015007,M222,3
OI000819,O012321,M105,3
OI000820,O001120,M234,1
OI000821,O018549,M124,3
OI000822,O006178,M126,2
OI000823,O017620,M195,2
OI000824,O005986,M201,1
OI000825,O009001,M213,1
OI000826,O015829,M238,3
OI000827,O018275,M069,1
OI000828,O019050,M058,2
OI000829,O017918,M175,2
OI000830,O003114,M057,1
OI000831,O018888,M099,3
OI000832,O016356,M240,2
OI000833,O011184,M035,2
OI000834,O009128,M106,2
OI000835,O011335,M189,2
OI000836,O002284,M174,3
OI000837,O008403,M055,3
OI000838,O016746,M041,1
OI000839,O009460,M109,3
OI000840,O000114,M006,1
OI000841,O018652,M134,3
OI000842,O018873,M015,3
OI000843,O011338,M018,3
OI000844,O019109,M119,3
OI000845,O002170,M023,2
OI000846,O000215,M247,2
OI000847,O012618,M214,2
OI000848,O001493,M202,3
OI000849,O001911,M218,2
OI000850,O005339,M171,2
OI000851,O000255,M179,2
OI000852,O000396,M114,2
OI000853,O011469,M211,3
OI000854,O005308,M098,1
OI000855,O000606,M211,3
OI000856,O008831,M104,2
OI000857,O011689,M111,3
OI000858,O003246,M189,3
OI000859,O018398,M003,3
OI000860,O002013,M079,1
OI000861,O000076,M162,3
OI000862,O010847,M219,3
OI000863,O005406,M027,1
OI000864,O012043,M055,1
OI000865,O003260,M028,2
OI000866,O010250,M031,2
OI000867,O006308,M028,2
OI000868,O011105,M243,2
OI000869,O009602,M109,1
OI000870,O007050,M141,1
OI000871,O007630,M237,2
OI000872,O016425,M191,2
OI000873,O011486,M134,1
OI000874,O013551,M086,2
OI000875,O005952,M177,1
OI000876,O019983,M002,1
OI000877,O018205,M067,3
OI000878,O009060,M084,2
OI000879,O000107,M026,3
OI000880,O019764,M224,1
OI000881,O016966,M199,3
OI000882,O015838,M167,3
OI000883,O014972,M205,2
OI000884,O003480,M166,2
OI000885,O018339,M174,2
OI000886,O005394,M201,2
OI000887,O013551,M046,1
OI000888,O008130,M101,2
OI000889,O012255,M007,2
OI000890,O006435,M204,3
OI000891,O005875,M130,2
OI000892,O011804,M036,1
OI000893,O010172,M225,2
OI000894,O013059,M229,2
OI000895,O016496,M066,2
OI000896,O008392,M012,2
OI000897,O000775,M144,2
OI000898,O010634,M216,2
OI000899,O017997,M188,3
OI000900,O018792,M001,1
OI000901,O005280,M227,2
OI000902,O011575,M248,1
OI000903,O011007,M236,1
OI000904,O010206,M099,1
OI000905,O015457,M061,3
OI000906,O019623,M147,2
OI000907,O002815,M218,3
OI000908,O011723,M105,1
OI000909,O010173,M112,2
OI000910,O009511,M088,1
OI000911,O006857,M142,3
OI000912,O008324,M238,2
OI000913,O009384,M222,1
OI000914,O009189,M033,1
OI000915,O015818,M010,2
OI000916,O010890,M095,1
OI000917,O001681,M043,1
OI000918,O001771,M007,1
OI000919,O002362,M160,3
OI000920,O002354,M161,1
OI000921,O003248,M033,1
OI000922,O011323,M207,1
OI000923,O015735,M234,2
OI000924,O001457,M072,2
OI000925,O012397,M145,1
OI000926,O001246,M155,3
OI000927,O005412,M162,3
OI000928,O013173,M169,1
OI000929,O001979,M165,2
OI000930,O019029,M229,1
OI000931,O001729,M063,3
OI000932,O004949,M167,2
OI000933,O002313,M078,1
OI000934,O018053,M202,2
OI000935,O012209,M176,3
OI000936,O010274,M114,1
OI000937,O011692,M201,1
OI000938,O018821,M240,3
OI000939,O010312,M201,1
OI000940,O001669,M152,3
OI000941,O011120,M114,1
OI000942,O014593,M016,3
OI000943,O019461,M044,1
OI000944,O005437,M049,3
OI000945,O001747,M051,1
OI000946,O007484,M008,2
OI000947,O004289,M085,3
OI000948,O011484,M029,3
OI000949,O000263,M022,2
OI000950,O013627,M105,2
OI000951,O002888,M157,3
OI000952,O013135,M037,1
OI000953,O016366,M163,1
OI000954,O008916,M158,2
OI000955,O012152,M121,3
OI000956,O006636,M228,3
OI000957,O009520,M023,1
OI000958,O017363,M086,3
OI000959,O006030,M007,2
OI000960,O006755,M089,2
OI000961,O018008,M203,3
OI000962,O001980,M158,2
OI000963,O009377,M118,1
OI000964,O017974,M209,2
OI000965,O016456,M023,1
OI000966,O008296,M172,1
OI000967,O013312,M060,3
OI000968,O017811,M160,3
OI000969,O000227,M097,3
OI000970,O011253,M219,3
OI000971,O003600,M139,3
OI000972,O019274,M123,2
OI000973,O012372,M158,2
OI000974,O006799,M167,3
OI000975,O000644,M055,3
OI000976,O017952,M185,2
OI000977,O008687,M041,1
OI000978,O001531,M102,1
OI000979,O019050,M215,1
OI000980,O006106,M249,1
OI000981,O011484,M240,2
OI000982,O002364,M095,2
OI000983,O017071,M106,2
OI000984,O007227,M085,2
OI000985,O012851,M064,3
OI000986,O014101,M193,1
OI000987,O016031,M157,2
OI000988,O010987,M145,3
OI000989,O002043,M131,1
OI000990,O007337,M184,3
OI000991,O011932,M149,1
OI000992,O016196,M118,1
OI000993,O011117,M226,3
OI000994,O015478,M077,2
OI000995,O015494,M101,2
OI000996,O009732,M036,2
OI000997,O013430,M125,1
OI000998,O008627,M056,2
OI000999,O005511,M048,2
OI001000,O002554,M236,3
OI001001,O013861,M126,2
OI001002,O002662,M071,1
OI001003,O001019,M188,1
OI001004,O017864,M220,3
OI001005,O010466,M133,2
OI001006,O017273,M019,1
OI001007,O013167,M180,1
OI001008,O012017,M038,3
OI001009,O017487,M215,3
OI001010,O015014,M005,2
OI001011,O006598,M135,3
OI001012,O006826,M183,1
OI001013,O007534,M134,2
OI001014,O014830,M051,3
OI001015,O011839,M195,3
OI001016,O001062,M243,2
OI001017,O005228,M241,1
OI001018,O014506,M033,2
OI001019,O006770,M116,1
OI001020,O007579,M050,2
OI001021,O016309,M057,2
OI001022,O005197,M179,1
OI001023,O016877,M092,1
OI001024,O006304,M218,2
OI001025,O014142,M072,3
OI001026,O009303,M205,1
OI001027,O010584,M042,1
OI001028,O007501,M007,1
OI001029,O017319,M203,2
OI001030,O002059,M079,1
OI001031,O013680,M235,2
OI001032,O010171,M145,1
OI001033,O002077,M123,1
OI001034,O012294,M105,2
OI001035,O005735,M008,2
OI001036,O009487,M067,3
OI001037,O004958,M007,2
OI001038,O007857,M153,2
OI001039,O018612,M001,3
OI001040,O019264,M198,2
OI001041,O017157,M100,2
OI001042,O010365,M217,2
OI001043,O018968,M078,3
OI001044,O011896,M211,3
OI001045,O007931,M047,3
OI001046,O005644,M088,3
OI001047,O002438,M031,2
OI001048,O017782,M141,1
OI001049,O006910,M196,3
OI001050,O005366,M030,3
OI001051,O004211,M225,3
OI001052,O015184,M136,1
OI001053,O002663,M114,2
OI001054,O004827,M241,3
OI001055,O005376,M232,2
OI001056,O010487,M227,1
OI001057,O016653,M140,2
OI001058,O006211,M132,3
OI001059,O003296,M130,3
OI001060,O013326,M156,3
OI001061,O003747,M175,3
OI001062,O000429,M216,2
OI001063,O006748,M167,2
OI001064,O013595,M225,2
OI001065,O007988,M225,3
OI001066,O019628,M002,3
OI001067,O013313,M184,1
OI001068,O006828,M233,1
OI001069,O009007,M215,2
OI001070,O004681,M193,3
OI001071,O015948,M036,2
OI001072,O001840,M093,2
OI001073,O016013,M100,3
OI001074,O018081,M073,1
OI001075,O017583,M065,2
OI001076,O008876,M109,1
OI001077,O005800,M175,1
OI001078,O010191,M040,1
OI001079,O013172,M162,1
OI001080,O007127,M137,3
OI001081,O016939,M177,2
OI001082,O013360,M177,2
OI001083,O001416,M114,1
OI001084,O005252,M034,3
OI001085,O002259,M186,2
OI001086,O013591,M218,2
OI001087,O000552,M127,1
OI001088,O014999,M017,2
OI001089,O009282,M248,3
OI001090,O005376,M033,3
OI001091,O017841,M053,1
OI001092,O010046,M240,2
OI001093,O015421,M102,2
OI001094,O000020,M027,3
OI001095,O007738,M068,1
OI001096,O011913,M045,2
OI001097,O011131,M214,3
OI001098,O006415,M113,3
OI001099,O018838,M168,1
OI001100,O019910,M033,2
OI001101,O005363,M007,2
OI001102,O003027,M066,1
OI001103,O000897,M144,2
OI001104,O006273,M240,1
OI001105,O008640,M081,3
OI001106,O008586,M223,1
OI001107,O015776,M113,1
OI001108,O009619,M183,3
OI001109,O010056,M048,2
OI001110,O001929,M068,3
OI001111,O008508,M062,1
OI001112,O016407,M241,3
OI001113,O010538,M087,2
OI001114,O015643,M194,3
OI001115,O008329,M116,2
OI001116,O004081,M223,3
OI001117,O004873,M208,2
OI001118,O013483,M071,3
OI001119,O001294,M021,3
OI001120,O017486,M223,3
OI001121,O008199,M199,2
OI001122,O003816,M179,3
OI001123,O009367,M018,2
OI001124,O018586,M191,1
OI001125,O003421,M140,2
OI001126,O015140,M230,3
OI001127,O015167,M235,2
OI001128,O007577,M041,3
OI001129,O003290,M136,1
OI001130,O008915,M250,1
OI001131,O013586,M246,2
OI001132,O018039,M175,2
OI001133,O018979,M046,3
OI001134,O018104,M197,3
OI001135,O004135,M085,2
OI001136,O003335,M218,1
OI001137,O005950,M136,1
OI001138,O012702,M007,1
OI001139,O000052,M092,3
OI001140,O009748,M007,3
OI001141,O015509,M193,1
OI001142,O009599,M198,1
OI001143,O014238,M159,1
OI001144,O000722,M103,3
OI001145,O010053,M119,1
OI001146,O005850,M058,2
OI001147,O018385,M095,2
OI001148,O012904,M222,2
OI001149,O015035,M173,2
OI001150,O008391,M235,2
OI001151,O005063,M230,2
OI001152,O016745,M109,2
OI001153,O016457,M085,3
OI001154,O012248,M119,1
OI001155,O015045,M006,3
OI001156,O000649,M216,1
OI001157,O010277,M097,2
OI001158,O017314,M148,1
OI001159,O014573,M057,2
OI001160,O009269,M201,2
OI001161,O008687,M194,1
OI001162,O000436,M027,3
OI001163,O009197,M212,2
OI001164,O013226,M086,1
OI001165,O013231,M038,2
OI001166,O010760,M098,1
OI001167,O011604,M215,1
OI001168,O000354,M143,3
OI001169,O001752,M096,3
OI001170,O004182,M074,2
OI001171,O006499,M238,1
OI001172,O010742,M097,2
OI001173,O000368,M237,2
OI001174,O009629,M041,2
OI001175,O009490,M234,3
OI001176,O010341,M215,3
OI001177,O011437,M139,3
OI001178,O019635,M228,3
OI001179,O001857,M131,1
OI001180,O016525,M168,2
OI001181,O004397,M091,3
OI001182,O013817,M102,3
OI001183,O002276,M194,3
OI001184,O014322,M023,3
OI001185,O011330,M001,3
OI001186,O018859,M189,3
OI001187,O004069,M064,1
OI001188,O003583,M123,1
OI001189,O000949,M081,1
OI001190,O018234,M229,3
OI001191,O012280,M142,2
OI001192,O010599,M097,1
OI001193,O016651,M066,1
OI001194,O004773,M183,3
OI001195,O018341,M150,1
OI001196,O012996,M138,2
OI001197,O009748,M071,1
OI001198,O014621,M034,2
OI001199,O009947,M102,2
OI001200,O015374,M089,1
OI001201,O019148,M012,1
OI001202,O001090,M012,1
OI001203,O019596,M001,1
OI001204,O012888,M089,2
OI001205,O005596,M053,2
OI001206,O019507,M248,3
OI001207,O002016,M064,2
OI001208,O012156,M101,1
OI001209,O016644,M125,1
OI001210,O013015,M116,3
OI001211,O013309,M063,2
OI001212,O011663,M201,1
OI001213,O014556,M155,3
OI001214,O019876,M207,3
OI001215,O019965,M208,3
OI001216,O015799,M112,2
OI001217,O000110,M042,3
OI001218,O001117,M072,1
OI001219,O016028,M090,2
OI001220,O000179,M150,3
OI001221,O018747,M080,2
OI001222,O002220,M139,1
OI001223,O004048,M188,3
OI001224,O017021,M022,3
OI001225,O005737,M083,3
OI001226,O000622,M041,1
OI001227,O003773,M215,1
OI001228,O010135,M017,3
OI001229,O004934,M235,3
OI001230,O009434,M118,1
OI001231,O007216,M022,2
OI001232,O017249,M249,2
OI001233,O002726,M220,2
OI001234,O000792,M096,3
OI001235,O018588,M015,3
OI001236,O004698,M037,1
OI001237,O003269,M081,3
OI001238,O019144,M075,1
OI001239,O014498,M104,3
OI001240,O003398,M076,1
OI001241,O003680,M039,3
OI001242,O011453,M083,1
OI001243,O019375,M146,3
OI001244,O007909,M038,3
OI001245,O012781,M147,1
OI001246,O015280,M167,3
OI001247,O008416,M215,3
OI001248,O007863,M214,3
OI001249,O014866,M150,3
OI001250,O019395,M012,1
OI001251,O018148,M147,1
OI001252,O001482,M115,3
OI001253,O016980,M073,3
OI001254,O007959,M133,3
OI001255,O000683,M028,3
OI001256,O018303,M071,2
OI001257,O001408,M018,2
OI001258,O012186,M101,2
OI001259,O006083,M152,3
OI001260,O018592,M146,1
OI001261,O011470,M229,2
OI001262,O013665,M222,2
OI001263,O015337,M162,1
OI001264,O010907,M154,1
OI001265,O015504,M005,3
OI001266,O004291,M159,3
OI001267,O006462,M134,3
OI001268,O006374,M046,1
OI001269,O006379,M038,1
OI001270,O019905,M175,3
OI001271,O017887,M071,1
OI001272,O003703,M193,3
OI001273,O006837,M043,1
OI001274,O000076,M078,1
OI001275,O007610,M183,3
OI001276,O002165,M059,2
OI001277,O003425,M002,3
OI001278,O018027,M021,2
OI001279,O014830,M012,1
OI001280,O007680,M072,1
OI001281,O007646,M137,1
OI001282,O000643,M014,1
OI001283,O012445,M186,1
OI001284,O007027,M124,2
OI001285,O003951,M129,1
OI001286,O003512,M173,1
OI001287,O010223,M071,1
OI001288,O017654,M022,3
OI001289,O013539,M098,2
OI001290,O016591,M210,1
OI001291,O007216,M118,2
OI001292,O014810,M004,1
OI001293,O005866,M223,2
OI001294,O006975,M032,2
OI001295,O018935,M044,1
OI001296,O010415,M084,2
OI001297,O013175,M183,2
OI001298,O008347,M003,2
OI001299,O018081,M180,3
OI001300,O019564,M227,3
OI001301,O019350,M018,3
OI001302,O019868,M027,1
OI001303,O007067,M018,3
OI001304,O008246,M149,3
OI001305,O009516,M026,2
OI001306,O012445,M112,1
OI001307,O019684,M132,3
OI001308,O001853,M119,1
OI001309,O014929,M097,2
OI001310,O011584,M191,1
OI001311,O014809,M041,1
OI001312,O017413,M181,1
OI001313,O001889,M148,1
OI001314,O002337,M179,1
OI001315,O012321,M047,3
OI001316,O014793,M198,1
OI001317,O016113,M163,1
OI001318,O008110,M122,3
OI001319,O018962,M091,1
OI001320,O001713,M008,1
OI001321,O019314,M092,3
OI001322,O015128,M235,1
OI001323,O013482,M201,2
OI001324,O013276,M147,2
OI001325,O016899,M029,1
OI001326,O019104,M218,2
OI001327,O002630,M225,3
OI001328,O011799,M153,1
OI001329,O016661,M074,2
OI001330,O000158,M196,2
OI001331,O008272,M218,3
OI001332,O014058,M113,3
OI001333,O001605,M200,1
OI001334,O008400,M179,1
OI001335,O005848,M108,3
OI001336,O010210,M111,2
OI001337,O014644,M190,3
OI001338,O019115,M129,1
OI001339,O000502,M043,1
OI001340,O005673,M250,2
OI001341,O004959,M155,2
OI001342,O007816,M163,2
OI001343,O002783,M111,3
OI001344,O008996,M162,1
OI001345,O003808,M111,1
OI001346,O006253,M127,3
OI001347,O001901,M098,3
OI001348,O013448,M185,3
OI001349,O003680,M246,1
OI001350,O016529,M167,1
OI001351,O009887,M210,1
OI001352,O014583,M243,2
OI001353,O006391,M041,2
OI001354,O017813,M021,2
OI001355,O000445,M106,2
OI001356,O003680,M193,2
OI001357,O011206,M150,3
OI001358,O008133,M167,1
OI001359,O003038,M207,1
OI001360,O011635,M124,3
OI001361,O007196,M144,2
OI001362,O010581,M001,2
OI001363,O014101,M026,3
OI001364,O019277,M195,3
OI001365,O006947,M149,3
OI001366,O005641,M164,3
OI001367,O009897,M031,3
OI001368,O011494,M015,3
OI001369,O016177,M002,3
OI001370,O010183,M039,2
OI001371,O006830,M047,3
OI001372,O014083,M003,2
OI001373,O017462,M185,2
OI001374,O015362,M137,3
OI001375,O012490,M070,1
OI001376,O019916,M059,3
OI001377,O003898,M087,3
OI001378,O011577,M003,3
OI001379,O000596,M047,3
OI001380,O017071,M201,2
OI001381,O013171,M107,1
OI001382,O000669,M042,2
OI001383,O001990,M133,1
OI001384,O017869,M122,1
OI001385,O019387,M145,1
OI001386,O015322,M250,1
OI001387,O014194,M070,1
OI001388,O001897,M061,3
OI001389,O007991,M163,2
OI001390,O012998,M180,3
OI001391,O004860,M132,3
OI001392,O006976,M112,2
OI001393,O002823,M197,1
OI001394,O006718,M064,3
OI001395,O007506,M071,2
OI001396,O005527,M044,1
OI001397,O002449,M035,1
OI001398,O005169,M210,1
OI001399,O000648,M097,1
OI001400,O002650,M142,1
OI001401,O008800,M215,1
OI001402,O008482,M163,2
OI001403,O006908,M025,3
OI001404,O004565,M246,1
OI001405,O018790,M055,2
OI001406,O013046,M235,1
OI001407,O006118,M249,1
OI001408,O008179,M096,3
OI001409,O011397,M164,2
OI001410,O001491,M133,2
OI001411,O016073,M055,1
OI001412,O015757,M043,3
OI001413,O015637,M124,2
OI001414,O012092,M126,3
OI001415,O006726,M053,1
OI001416,O006209,M071,3
OI001417,O008128,M081,2
OI001418,O017804,M173,2
OI001419,O013869,M093,3
OI001420,O005303,M171,2
OI001421,O018137,M060,3
OI001422,O014500,M067,1
OI001423,O004508,M160,1
OI001424,O008748,M177,1
OI001425,O017932,M005,2
OI001426,O002532,M056,3
OI001427,O010430,M085,1
OI001428,O016419,M150,1
OI001429,O001156,M035,3
OI001430,O006929,M014,3
OI001431,O008167,M106,1
OI001432,O009926,M190,1
OI001433,O003230,M152,2
OI001434,O017516,M131,3
OI001435,O019613,M179,1
OI001436,O009384,M102,2
OI001437,O009832,M217,1
OI001438,O003817,M038,1
OI001439,O015710,M188,3
OI001440,O013120,M058,2
OI001441,O014961,M218,2
OI001442,O008545,M003,1
OI001443,O019437,M210,2
OI001444,O000345,M226,3
OI001445,O019655,M112,3
OI001446,O017895,M185,2
OI001447,O018605,M077,2
OI001448,O014816,M097,2
OI001449,O012050,M189,3
OI001450,O007872,M212,3
OI001451,O017078,M015,3
OI001452,O009801,M027,2
OI001453,O012817,M171,3
OI001454,O005192,M093,1
OI001455,O003579,M051,1
OI001456,O011670,M217,2
OI001457,O011652,M199,2
OI001458,O018056,M032,3
OI001459,O004521,M068,1
OI001460,O009882,M146,3
OI001461,O015414,M001,1
OI001462,O004564,M100,1
OI001463,O018947,M127,1
OI001464,O017885,M088,3
OI001465,O013588,M188,2
OI001466,O001388,M146,3
OI001467,O018203,M161,1
OI001468,O007128,M197,1
OI001469,O007262,M222,1
OI001470,O000401,M187,1
OI001471,O019672,M242,1
OI001472,O009491,M124,1
OI001473,O011291,M007,3
OI001474,O011366,M050,2
OI001475,O016144,M218,2
OI001476,O003695,M045,2
OI001477,O007197,M090,2
OI001478,O005259,M239,3
OI001479,O019436,M116,3
OI001480,O005652,M233,2
OI001481,O010747,M075,2
OI001482,O011066,M109,2
OI001483,O016035,M210,2
OI001484,O013852,M191,3
OI001485,O006895,M112,3
OI001486,O013005,M154,2
OI001487,O018364,M202,3
OI001488,O010476,M219,1
OI001489,O013509,M088,2
OI001490,O006221,M100,3
OI001491,O014328,M073,3
OI001492,O000403,M065,1
OI001493,O017611,M200,2
OI001494,O002864,M208,1
OI001495,O015411,M044,2
OI001496,O010707,M039,3
OI001497,O011571,M209,3
OI001498,O018920,M061,3
OI001499,O008889,M019,2
OI001500,O009039,M226,1
OI001501,O002293,M222,1
OI001502,O013940,M099,3
OI001503,O011045,M099,1
OI001504,O018708,M143,1
OI001505,O018442,M208,3
OI001506,O011778,M175,2
OI001507,O010237,M129,1
OI001508,O012392,M002,1
OI001509,O014935,M209,1
OI001510,O017894,M224,1
OI001511,O006104,M009,1
OI001512,O001373,M233,2
OI001513,O014423,M188,1
OI001514,O017449,M150,1
OI001515,O004957,M184,2
OI001516,O006838,M084,2
OI001517,O018466,M236,1
OI001518,O003873,M070,2
OI001519,O014200,M070,2
OI001520,O007939,M065,1
OI001521,O016366,M201,3
OI001522,O004936,M146,1
OI001523,O017449,M152,3
OI001524,O005644,M011,3
OI001525,O017968,M060,1
OI001526,O001526,M160,2
OI001527,O018071,M226,3
OI001528,O019053,M028,1
OI001529,O010163,M196,2
OI001530,O015212,M172,1
OI001531,O007871,M201,2
OI001532,O006266,M222,2
OI001533,O017197,M042,2
OI001534,O007796,M088,2
OI001535,O001670,M023,2
OI001536,O019206,M069,2
OI001537,O003273,M132,3
OI001538,O017126,M194,3
OI001539,O006223,M017,3
OI001540,O016951,M031,3
OI001541,O015553,M019,3
OI001542,O019710,M157,3
OI001543,O003975,M012,1
OI001544,O002197,M197,2
OI001545,O015151,M106,1
OI001546,O016074,M023,3
OI001547,O019226,M103,2
OI001548,O012214,M154,3
OI001549,O017436,M203,2
OI001550,O011795,M019,3
OI001551,O019974,M202,2
OI001552,O003944,M012,2
OI001553,O011644,M158,2
OI001554,O010501,M195,1
OI001555,O015753,M142,3
OI001556,O006366,M090,1
OI001557,O012838,M124,2
OI001558,O005200,M174,2
OI001559,O011050,M049,2
OI001560,O017527,M173,1
OI001561,O003172,M233,1
OI001562,O013603,M042,2
OI001563,O005057,M027,3
OI001564,O008291,M050,2
OI001565,O016318,M140,3
OI001566,O017521,M002,3
OI001567,O019635,M173,2
OI001568,O006476,M197,3
OI001569,O015161,M042,1
OI001570,O005855,M152,3
OI001571,O007750,M222,1
OI001572,O013264,M003,1
OI001573,O005199,M217,2
OI001574,O019087,M116,1
OI001575,O007673,M094,2
OI001576,O013868,M194,1
OI001577,O003928,M214,3
OI001578,O004660,M129,3
OI001579,O006699,M045,3
OI001580,O019563,M141,3
OI001581,O009617,M043,2
OI001582,O002034,M087,1
OI001583,O002004,M186,3
OI001584,O013606,M048,3
OI001585,O018956,M050,2
OI001586,O017058,M117,1
OI001587,O006317,M019,1
OI001588,O017434,M154,2
OI001589,O007301,M173,3
OI001590,O013223,M031,1
OI001591,O003974,M107,1
OI001592,O009909,M025,3
OI001593,O018935,M192,3
OI001594,O011945,M011,1
OI001595,O012165,M238,2
OI001596,O006038,M065,2
OI001597,O015800,M142,3
OI001598,O016422,M043,2
OI001599,O014020,M133,3
OI001600,O002930,M035,2
OI001601,O018178,M132,2
OI001602,O000880,M035,1
OI001603,O006207,M242,3
OI001604,O000744,M063,1
OI001605,O017294,M139,3
OI001606,O006457,M053,1
OI001607,O019646,M149,2
OI001608,O001445,M029,3
OI001609,O015357,M160,1
OI001610,O013046,M163,1
OI001611,O000745,M192,3
OI001612,O004188,M237,1
OI001613,O012438,M104,2
OI001614,O016117,M178,3
OI001615,O015387,M054,1
OI001616,O017178,M062,3
OI001617,O004822,M062,2
OI001618,O001709,M205,2
OI001619,O008946,M128,2
OI001620,O002295,M056,3
OI001621,O006810,M227,1
OI001622,O005361,M246,2
OI001623,O008192,M173,1
OI001624,O015380,M204,2
OI001625,O008506,M163,2
OI001626,O015615,M045,2
OI001627,O003778,M239,3
OI001628,O014696,M183,1
OI001629,O019519,M233,3
OI001630,O011427,M156,1
OI001631,O017700,M222,3
OI001632,O004462,M108,1
OI001633,O006058,M212,1
OI001634,O006911,M053,2
OI001635,O001324,M087,1
OI001636,O000891,M075,3
OI001637,O008592,M041,3
OI001638,O011141,M069,2
OI001639,O014022,M086,2
OI001640,O018695,M224,1
OI001641,O004361,M248,3
OI001642,O014878,M073,2
OI001643,O007370,M234,3
OI001644,O016246,M195,3
OI001645,O009622,M230,1
OI001646,O016924,M086,1
OI001647,O014483,M128,3
OI001648,O003493,M250,1
OI001649,O005870,M194,3
OI001650,O014656,M170,1
OI001651,O005413,M242,2
OI001652,O004619,M130,3
OI001653,O011137,M046,3
OI001654,O016597,M231,2
OI001655,O004700,M147,2
OI001656,O010337,M037,2
OI001657,O010892,M229,3
OI001658,O005984,M173,1
OI001659,O008853,M026,2
OI001660,O003244,M164,1
OI001661,O007840,M170,3
OI001662,O017099,M182,2
OI001663,O006518,M116,1
OI001664,O010726,M239,2
OI001665,O018942,M018,1
OI001666,O018823,M184,2
OI001667,O006632,M241,1
OI001668,O010672,M116,1
OI001669,O001313,M213,3
OI001670,O009898,M170,1
OI001671,O018390,M069,1
OI001672,O001055,M241,1
OI001673,O011387,M215,3
OI001674,O017329,M202,3
OI001675,O016222,M241,1
OI001676,O017710,M060,2
OI001677,O014287,M114,2
OI001678,O019821,M032,3
OI001679,O009688,M018,3
OI001680,O019296,M215,3
OI001681,O007541,M085,2
OI001682,O000293,M202,2
OI001683,O009800,M161,1
OI001684,O004599,M238,1
OI001685,O002033,M211,2
OI001686,O016832,M135,1
OI001687,O006898,M106,3
OI001688,O001867,M058,2
OI001689,O015712,M063,2
OI001690,O018431,M021,2
OI001691,O016566,M106,3
OI001692,O010276,M124,1
OI001693,O005966,M192,1
OI001694,O011250,M093,1
OI001695,O019137,M039,2
OI001696,O019733,M244,1
OI001697,O019449,M108,1
OI001698,O003076,M235,2
OI001699,O005178,M048,1
OI001700,O011659,M106,3
OI001701,O014595,M191,2
OI001702,O001598,M119,1
OI001703,O013559,M136,1
OI001704,O006859,M098,1
OI001705,O015289,M132,2
OI001706,O007647,M054,2
OI001707,O002309,M107,3
OI001708,O014323,M050,2
OI001709,O000135,M038,3
OI001710,O000477,M140,3
OI001711,O010039,M152,3
OI001712,O008954,M181,1
OI001713,O011754,M011,1
OI001714,O012390,M076,1
OI001715,O016295,M002,2
OI001716,O017979,M074,1
OI001717,O013095,M181,3
OI001718,O003358,M009,1
OI001719,O014748,M230,3
OI001720,O009829,M034,1
OI001721,O004160,M104,1
OI001722,O015359,M214,2
OI001723,O006295,M105,1
OI001724,O012776,M220,3
OI001725,O009768,M202,2
OI001726,O012163,M045,1
OI001727,O008097,M052,3
OI001728,O012047,M161,1
OI001729,O009331,M214,2
OI001730,O011447,M043,1
OI001731,O013493,M180,2
OI001732,O013300,M170,3
OI001733,O000932,M234,1
OI001734,O017977,M194,2
OI001735,O000761,M090,3
OI001736,O004770,M176,1
OI001737,O015506,M185,3
OI001738,O007686,M034,3
OI001739,O018573,M042,1
OI001740,O009804,M078,1
OI001741,O006604,M090,3
OI001742,O003220,M100,3
OI001743,O001895,M165,1
OI001744,O002745,M077,3
OI001745,O008689,M185,1
OI001746,O013118,M051,2
OI001747,O010623,M223,2
OI001748,O013860,M075,1
OI001749,O012285,M002,3
OI001750,O006099,M213,2
OI001751,O003216,M190,3
OI001752,O010407,M146,3
OI001753,O012630,M042,2
OI001754,O016179,M024,3
OI001755,O019616,M112,3
OI001756,O018045,M198,3
OI001757,O001734,M053,1
OI001758,O002392,M122,3
OI001759,O015957,M033,3
OI001760,O019572,M056,2
OI001761,O001838,M002,3
OI001762,O009786,M230,2
OI001763,O006228,M024,3
OI001764,O010978,M124,1
OI001765,O015057,M112,1
OI001766,O015947,M135,3
OI001767,O009661,M237,1
OI001768,O009442,M116,3
OI001769,O010944,M144,1
OI001770,O017649,M208,2
OI001771,O008275,M147,3
OI001772,O002931,M196,3
OI001773,O008191,M185,2
OI001774,O003120,M013,1
OI001775,O009837,M244,1
OI001776,O012002,M072,2
OI001777,O003820,M195,1
OI001778,O013000,M193,3
OI001779,O015395,M249,1
OI001780,O004727,M013,3
OI001781,O008834,M137,2
OI001782,O005565,M172,1
OI001783,O000871,M118,2
OI001784,O019524,M152,2
OI001785,O012205,M051,2
OI001786,O001753,M189,2
OI001787,O010911,M242,1
OI001788,O013633,M057,3
OI001789,O008050,M219,3
OI001790,O015076,M169,2
OI001791,O010525,M215,3
OI001792,O017690,M133,3
OI001793,O018523,M032,2
OI001794,O018506,M055,3
OI001795,O013003,M019,2
OI001796,O008967,M011,3
OI001797,O000695,M147,2
OI001798,O007998,M136,1
OI001799,O008009,M114,1
OI001800,O009808,M076,3
OI001801,O006842,M138,2
OI001802,O015284,M194,2
OI001803,O007772,M039,2
OI001804,O009620,M041,1
OI001805,O001760,M210,2
OI001806,O011389,M146,3
OI001807,O001274,M155,2
OI001808,O016795,M058,1
OI001809,O004541,M248,2
OI001810,O001325,M120,2
OI001811,O011133,M240,3
OI001812,O003571,M108,2
OI001813,O017904,M071,3
OI001814,O011501,M174,1
OI001815,O002125,M032,1
OI001816,O001571,M024,1
OI001817,O008046,M078,2
OI001818,O003897,M070,3
OI001819,O013289,M152,3
OI001820,O008489,M048,2
OI001821,O003794,M212,2
OI001822,O012823,M003,1
OI001823,O005672,M027,2
OI001824,O010425,M249,3
OI001825,O016787,M044,2
OI001826,O009541,M180,1
OI001827,O009273,M068,1
OI001828,O018712,M106,1
OI001829,O000137,M004,1
OI001830,O015714,M053,2
OI001831,O004690,M166,2
OI001832,O007081,M106,2
OI001833,O000323,M238,3
OI001834,O011908,M005,3
OI001835,O004308,M144,3
OI001836,O012270,M006,1
OI001837,O002710,M080,1
OI001838,O016487,M012,2
OI001839,O017926,M038,2
OI001840,O005680,M123,3
OI001841,O005180,M061,2
OI001842,O008037,M057,2
OI001843,O004754,M044,1
OI001844,O001701,M176,2
OI001845,O003039,M065,2
OI001846,O002353,M017,1
OI001847,O006822,M210,3
OI001848,O000766,M041,1
OI001849,O005901,M077,3
OI001850,O000095,M083,3
OI001851,O001009,M153,2
OI001852,O004644,M152,1
OI001853,O006109,M207,2
OI001854,O008800,M174,3
OI001855,O015849,M167,3
OI001856,O014631,M027,1
OI001857,O004032,M191,3
OI001858,O017904,M231,3
OI001859,O010489,M044,2
OI001860,O001349,M070,3
OI001861,O002331,M083,2
OI001862,O009670,M230,2
OI001863,O001658,M247,3
OI001864,O003485,M204,2
OI001865,O010374,M116,1
OI001866,O015085,M037,3
OI001867,O000232,M182,1
OI001868,O010885,M001,3
OI001869,O008615,M075,1
OI001870,O014937,M126,3
OI001871,O007545,M081,1
OI001872,O016251,M209,2
OI001873,O001454,M232,2
OI001874,O005849,M244,2
OI001875,O004437,M207,3
OI001876,O007605,M193,1
OI001877,O007571,M136,1
OI001878,O009369,M086,3
OI001879,O011948,M081,2
OI001880,O015351,M220,3
OI001881,O001841,M168,2
OI001882,O004400,M213,3
OI001883,O007810,M245,1
OI001884,O014437,M150,3
OI001885,O004498,M245,1
OI001886,O014957,M216,3
OI001887,O016065,M230,2
OI001888,O010998,M157,1
OI001889,O010279,M148,2
OI001890,O000850,M089,1
OI001891,O001334,M106,1
OI001892,O013577,M133,3
OI001893,O011851,M007,3
OI001894,O019753,M180,3
OI001895,O019919,M214,2
OI001896,O015331,M018,2
OI001897,O004320,M153,2
OI001898,O006293,M244,2
OI001899,O000179,M187,3
OI001900,O013838,M056,3
OI001901,O000272,M116,3
OI001902,O001652,M230,3
OI001903,O006894,M171,1
OI001904,O015961,M056,2
OI001905,O005657,M038,2
OI001906,O002602,M007,3
OI001907,O008490,M166,2
OI001908,O003069,M053,1
OI001909,O008317,M240,3
OI001910,O005545,M120,2
OI001911,O013805,M203,2
OI001912,O005968,M241,2
OI001913,O012780,M151,1
OI001914,O009002,M142,2
OI001915,O017706,M146,1
OI001916,O011932,M086,3
OI001917,O011583,M067,3
OI001918,O001979,M053,2
OI001919,O018511,M097,1
OI001920,O016423,M242,2
OI001921,O004492,M110,1
OI001922,O016505,M092,3
OI001923,O011567,M239,2
OI001924,O016848,M244,1
OI001925,O018100,M235,3
OI001926,O009630,M215,2
OI001927,O005557,M046,2
OI001928,O003175,M214,2
OI001929,O011902,M017,3
OI001930,O012339,M090,3
OI001931,O016712,M182,3
OI001932,O018012,M050,3
OI001933,O018058,M186,1
OI001934,O006180,M237,2
OI001935,O018707,M169,1
OI001936,O019390,M049,2
OI001937,O016059,M173,3
OI001938,O005417,M161,1
OI001939,O011073,M187,1
OI001940,O013952,M009,1
OI001941,O009504,M118,1
OI001942,O007468,M192,2
OI001943,O008011,M085,2
OI001944,O018907,M009,1
OI001945,O004566,M035,2
OI001946,O014190,M034,2
OI001947,O017830,M063,2
OI001948,O006601,M213,3
OI001949,O006368,M067,1
OI001950,O000222,M167,1
OI001951,O018840,M076,1
OI001952,O003147,M047,2
OI001953,O016254,M059,1
OI001954,O005208,M105,2
OI001955,O004424,M136,2
OI001956,O008416,M148,1
OI001957,O012947,M240,2
OI001958,O004194,M193,3
OI001959,O010025,M048,2
OI001960,O003972,M200,1
OI001961,O003349,M159,1
OI001962,O012404,M086,1
OI001963,O019993,M158,1
OI001964,O017551,M023,3
OI001965,O015442,M169,1
OI001966,O010606,M246,1
OI001967,O011761,M122,2
OI001968,O004326,M066,1
OI001969,O010932,M128,3
OI001970,O019060,M059,2
OI001971,O014515,M112,3
OI001972,O002848,M045,2
OI001973,O012227,M171,2
OI001974,O006260,M223,1
OI001975,O000713,M058,1
OI001976,O000347,M161,1
OI001977,O000407,M141,1
OI001978,O019225,M095,2
OI001979,O006185,M152,1
OI001980,O002748,M004,2
OI001981,O018542,M188,1
OI001982,O008954,M159,2
OI001983,O012383,M106,2
OI001984,O011684,M216,1
OI001985,O018971,M072,3
OI001986,O004073,M159,3
OI001987,O000672,M175,1
OI001988,O000443,M120,3
OI001989,O014205,M072,1
OI001990,O006728,M136,3
OI001991,O014664,M245,1
OI001992,O015211,M098,3
OI001993,O000004,M116,1
OI001994,O004633,M225,1
OI001995,O003762,M029,3
OI001996,O011509,M069,3
OI001997,O018370,M107,3
OI001998,O006497,M239,1
OI001999,O014883,M139,3
OI002000,O019875,M088,1
OI002001,O016464,M061,2
OI002002,O016185,M031,1
OI002003,O017636,M224,1
OI002004,O002663,M168,1
OI002005,O011444,M072,2
OI002006,O019009,M247,3
OI002007,O016220,M245,3
OI002008,O008383,M002,2
OI002009,O016126,M103,1
OI002010,O009973,M239,2
OI002011,O011197,M037,3
OI002012,O019203,M168,3
OI002013,O011916,M077,3
OI002014,O013361,M186,3
OI002015,O016307,M078,3
OI002016,O017104,M091,3
OI002017,O012073,M224,3
OI002018,O010347,M149,3
OI002019,O018631,M223,3
OI002020,O008515,M190,3
OI002021,O010220,M013,1
OI002022,O000370,M134,1
OI002023,O007228,M138,2
OI002024,O007882,M202,3
OI002025,O010670,M238,3
OI002026,O019213,M112,1
OI002027,O017279,M092,1
OI002028,O010527,M218,2
OI002029,O015994,M007,3
OI002030,O002676,M213,2
OI002031,O015580,M039,1
OI002032,O004170,M017,2
OI002033,O012724,M081,2
OI002034,O018449,M027,1
OI002035,O018971,M063,3
OI002036,O013767,M019,2
OI002037,O002550,M218,3
OI002038,O010057,M070,3
OI002039,O011682,M235,3
OI002040,O019258,M194,3
OI002041,O005577,M049,3
OI002042,O002448,M177,2
OI002043,O002706,M022,1
OI002044,O018010,M073,3
OI002045,O018219,M107,3
OI002046,O014020,M182,3
OI002047,O009024,M106,3
OI002048,O009147,M186,1
OI002049,O004383,M146,3
OI002050,O018722,M072,3
OI002051,O013973,M090,3
OI002052,O014730,M163,1
OI002053,O002010,M147,2
OI002054,O002697,M101,3
OI002055,O019748,M100,2
OI002056,O007902,M048,3
OI002057,O018669,M168,1
OI002058,O004184,M227,2
OI002059,O000087,M219,3
OI002060,O000767,M120,1
OI002061,O009351,M207,3
OI002062,O010342,M159,1
OI002063,O000368,M037,3
OI002064,O015606,M143,3
OI002065,O002738,M075,1
OI002066,O006868,M122,2
OI002067,O006263,M178,3
OI002068,O007414,M092,1
OI002069,O014328,M074,3
OI002070,O007611,M146,1
OI002071,O003760,M171,2
OI002072,O013103,M064,2
OI002073,O013007,M150,3
OI002074,O006290,M007,3
OI002075,O013741,M085,2
OI002076,O015876,M127,3
OI002077,O013826,M052,3
OI002078,O012714,M034,1
OI002079,O018975,M159,3
OI002080,O005949,M096,3
OI002081,O014759,M213,1
OI002082,O014416,M101,1
OI002083,O013463,M189,1
OI002084,O018579,M205,3
OI002085,O011528,M018,1
OI002086,O010929,M196,1
OI002087,O001827,M214,2
OI002088,O014096,M123,1
OI002089,O003497,M028,1
OI002090,O017518,M041,3
OI002091,O014527,M192,3
OI002092,O009189,M027,1
OI002093,O000572,M158,1
OI002094,O009950,M183,2
OI002095,O005018,M226,1
OI002096,O006449,M233,2
OI002097,O006926,M178,3
OI002098,O019887,M085,3
OI002099,O012947,M016,3
OI002100,O009657,M008,3
OI002101,O017370,M152,2
OI002102,O007850,M127,1
OI002103,O001865,M073,2
OI002104,O018987,M149,1
OI002105,O007129,M106,3
OI002106,O018715,M227,1
OI002107,O007458,M216,2
OI002108,O002881,M168,2
OI002109,O009183,M015,3
OI002110,O002406,M078,2
OI002111,O019695,M100,3
OI002112,O011189,M048,2
OI002113,O009061,M161,1
OI002114,O002601,M232,3
OI002115,O017234,M147,2
OI002116,O003114,M249,1
OI002117,O010380,M210,3
OI002118,O016294,M008,2
OI002119,O000116,M056,1
OI002120,O011502,M223,1
OI002121,O016505,M223,2
OI002122,O007045,M040,3
OI002123,O006465,M116,2
OI002124,O018954,M039,1
OI002125,O003751,M071,1
OI002126,O004796,M246,2
OI002127,O003630,M139,2
OI002128,O011297,M010,2
OI002129,O018618,M137,2
OI002130,O006621,M083,2
OI002131,O009465,M097,2
OI002132,O011824,M110,1
OI002133,O000453,M122,3
OI002134,O010529,M166,1
OI002135,O018354,M104,2
OI002136,O001016,M085,1
OI002137,O013643,M017,2
OI002138,O006216,M234,2
OI002139,O018077,M171,2
OI002140,O001328,M227,1
OI002141,O016350,M094,2
OI002142,O001036,M059,3
OI002143,O016938,M077,3
OI002144,O014345,M224,1
OI002145,O003504,M050,3
OI002146,O007402,M236,1
OI002147,O017673,M025,3
OI002148,O018585,M222,2
OI002149,O019881,M191,3
OI002150,O010068,M109,2
OI002151,O012533,M185,3
OI002152,O006631,M239,2
OI002153,O008901,M027,3
OI002154,O018211,M014,3
OI002155,O011095,M051,2
OI002156,O007491,M204,2
OI002157,O019376,M198,3
OI002158,O017426,M152,1
OI002159,O004226,M030,1
OI002160,O011156,M136,3
OI002161,O003336,M063,2
OI002162,O013554,M055,1
OI002163,O014589,M239,2
OI002164,O001230,M213,1
OI002165,O004247,M057,1
OI002166,O005563,M134,1
OI002167,O011401,M088,2
OI002168,O009953,M167,1
OI002169,O004298,M147,2
OI002170,O017254,M238,3
OI002171,O019362,M120,2
OI002172,O006685,M206,2
OI002173,O019449,M017,2
OI002174,O010425,M169,1
OI002175,O012237,M111,1
OI002176,O007173,M233,3
OI002177,O004925,M067,1
OI002178,O012346,M196,3
OI002179,O012040,M215,2
OI002180,O008349,M064,3
OI002181,O017494,M114,3
OI002182,O001706,M129,2
OI002183,O013898,M129,2
OI002184,O005327,M236,1
OI002185,O002733,M073,1
OI002186,O009943,M169,1
OI002187,O010535,M241,3
OI002188,O014902,M228,1
OI002189,O014402,M100,3
OI002190,O017100,M223,2
OI002191,O008029,M014,2
OI002192,O004241,M146,3
OI002193,O014841,M039,1
OI002194,O007383,M203,1
OI002195,O015881,M157,1
OI002196,O012384,M072,2
OI002197,O018511,M037,2
OI002198,O009370,M142,1
OI002199,O007365,M097,3
OI002200,O013785,M107,3
OI002201,O016748,M233,1
OI002202,O009137,M202,2
OI002203,O012153,M099,2
OI002204,O018038,M239,2
OI002205,O002713,M175,1
OI002206,O018076,M004,1
OI002207,O014301,M085,2
OI002208,O015597,M036,1
OI002209,O002261,M198,1
OI002210,O013670,M232,1
OI002211,O016522,M151,2
OI002212,O013803,M112,3
OI002213,O019614,M081,1
OI002214,O002057,M102,1
OI002215,O018129,M133,2
OI002216,O006809,M116,3
OI002217,O011393,M236,2
OI002218,O012570,M064,3
OI002219,O015198,M156,2
OI002220,O017522,M123,3
OI002221,O013900,M226,1
OI002222,O013494,M174,1
OI002223,O008016,M066,1
OI002224,O013761,M024,3
OI002225,O012519,M205,2
OI002226,O019424,M241,2
OI002227,O013899,M090,1
OI002228,O004794,M170,2
OI002229,O011486,M085,3
OI002230,O000421,M164,3
OI002231,O001203,M074,2
OI002232,O006717,M142,2
OI002233,O014043,M120,2
OI002234,O014951,M040,1
OI002235,O014854,M247,2
OI002236,O002544,M182,1
OI002237,O001652,M195,1
OI002238,O005774,M070,3
OI002239,O007673,M001,1
OI002240,O007844,M013,2
OI002241,O001559,M241,1
OI002242,O003523,M202,2
OI002243,O019195,M141,2
OI002244,O009389,M045,1
OI002245,O013993,M243,3
OI002246,O004285,M244,3
OI002247,O002446,M135,3
OI002248,O010160,M158,2
OI002249,O015428,M206,3
OI002250,O000021,M125,2
OI002251,O013264,M195,3
OI002252,O016660,M087,2
OI002253,O015470,M172,1
OI002254,O010249,M115,2
OI002255,O000157,M075,2
OI002256,O007141,M008,2
OI002257,O013031,M143,2
OI002258,O013696,M234,2
OI002259,O008341,M002,3
OI002260,O001899,M165,3
OI002261,O005569,M088,3
OI002262,O000245,M016,2
OI002263,O019438,M054,2
OI002264,O005714,M093,1
OI002265,O017249,M054,3
OI002266,O013549,M020,2
OI002267,O000521,M039,3
OI002268,O017349,M046,2
OI002269,O003293,M050,2
OI002270,O011882,M076,2
OI002271,O007351,M217,3
OI002272,O002787,M096,2
OI002273,O005798,M047,2
OI002274,O018189,M008,3
OI002275,O017417,M115,1
OI002276,O006488,M184,2
OI002277,O013624,M232,1
OI002278,O016411,M123,1
OI002279,O015750,M008,2
OI002280,O012897,M228,3
OI002281,O006653,M055,3
OI002282,O012663,M224,2
OI002283,O011543,M115,3
OI002284,O010017,M164,3
OI002285,O014071,M106,3
OI002286,O015574,M122,1
OI002287,O010998,M096,3
OI002288,O006383,M093,2
OI002289,O016021,M066,1
OI002290,O019184,M011,2
OI002291,O017169,M087,3
OI002292,O019230,M107,2
OI002293,O018404,M123,3
OI002294,O000288,M055,2
OI002295,O014684,M071,1
OI002296,O003907,M041,2
OI002297,O006356,M103,3
OI002298,O005174,M188,3
OI002299,O004115,M023,1
OI002300,O009216,M142,3
OI002301,O015617,M173,2
OI002302,O008989,M113,2
OI002303,O018239,M038,1
OI002304,O011739,M207,3
OI002305,O012291,M239,2
OI002306,O003487,M128,3
OI002307,O013985,M168,3
OI002308,O010242,M210,1
OI002309,O000176,M220,3
OI002310,O018767,M146,3
OI002311,O009494,M180,2
OI002312,O000707,M193,3
OI002313,O009510,M214,1
OI002314,O008011,M078,3
OI002315,O000561,M247,2
OI002316,O016549,M113,2
OI002317,O002668,M132,2
OI002318,O016433,M245,3
OI002319,O012640,M217,1
OI002320,O014690,M077,2
OI002321,O013508,M092,3
OI002322,O014591,M247,1
OI002323,O006539,M069,1
OI002324,O017610,M023,3
OI002325,O018684,M210,3
OI002326,O015136,M248,3
OI002327,O013875,M100,2
OI002328,O006133,M235,2
OI002329,O016068,M213,2
OI002330,O014457,M111,3
OI002331,O003788,M190,1
OI002332,O003302,M111,1
OI002333,O019808,M140,2
OI002334,O014549,M064,3
OI002335,O016388,M086,3
OI002336,O014645,M216,3
OI002337,O019574,M062,1
OI002338,O007632,M001,2
OI002339,O013844,M009,1
OI002340,O008438,M020,3
OI002341,O016340,M110,2
OI002342,O000591,M072,1
OI002343,O005603,M155,1
OI002344,O004425,M111,3
OI002345,O009286,M024,2
OI002346,O005041,M172,3
OI002347,O016539,M210,2
OI002348,O007243,M047,3
OI002349,O016176,M042,2
OI002350,O012930,M223,1
OI002351,O001873,M155,2
OI002352,O013848,M195,1
OI002353,O015882,M080,2
OI002354,O014506,M174,3
OI002355,O014545,M029,3
OI002356,O001021,M048,2
OI002357,O010732,M142,1
OI002358,O014417,M225,1
OI002359,O010380,M041,1
OI002360,O004578,M200,3
OI002361,O007126,M129,3
OI002362,O014848,M196,3
OI002363,O016195,M205,3
OI002364,O019485,M126,1
OI002365,O013002,M134,2
OI002366,O006387,M126,1
OI002367,O012155,M179,2
OI002368,O012126,M004,2
OI002369,O009503,M150,1
OI002370,O007923,M199,2
OI002371,O004821,M098,1
OI002372,O014680,M078,1
OI002373,O003186,M235,1
OI002374,O004286,M100,1
OI002375,O010035,M046,3
OI002376,O004587,M159,3
OI002377,O002626,M183,3
OI002378,O001840,M167,1
OI002379,O002707,M158,3
OI002380,O002779,M069,3
OI002381,O018149,M104,2
OI002382,O004353,M123,2
OI002383,O007112,M200,3
OI002384,O002586,M178,3
OI002385,O014417,M024,3
OI002386,O004174,M234,1
OI002387,O010797,M177,3
OI002388,O018477,M055,1
OI002389,O012082,M009,3
OI002390,O007052,M034,3
OI002391,O013061,M108,1
OI002392,O006092,M113,2
OI002393,O009548,M091,2
OI002394,O004689,M052,2
OI002395,O017739,M105,3
OI002396,O009113,M029,2
OI002397,O003626,M181,1
OI002398,O008008,M061,3
OI002399,O012091,M130,3
OI002400,O013782,M177,3
OI002401,O001871,M106,2
OI002402,O002087,M099,1
OI002403,O017151,M121,3
OI002404,O016663,M133,2
OI002405,O004223,M137,3
OI002406,O013079,M064,1
OI002407,O005603,M188,3
OI002408,O018916,M245,1
OI002409,O012771,M175,2
OI002410,O012836,M119,2
OI002411,O018064,M181,3
OI002412,O015017,M239,3
OI002413,O005075,M103,2
OI002414,O002049,M226,1
OI002415,O011606,M172,1
OI002416,O005239,M235,1
OI002417,O008467,M176,1
OI002418,O004032,M104,3
OI002419,O006145,M081,2
OI002420,O000956,M186,2
OI002421,O001562,M231,3
OI002422,O010349,M231,3
OI002423,O008894,M181,3
OI002424,O003588,M163,2
OI002425,O015641,M211,1
OI002426,O015093,M045,2
OI002427,O005637,M105,1
OI002428,O017027,M199,1
OI002429,O007333,M162,1
OI002430,O016182,M143,2
OI002431,O003886,M026,2
OI002432,O001314,M242,2
OI002433,O010981,M066,1
OI002434,O019573,M231,3
OI002435,O011157,M096,1
OI002436,O006620,M121,2
OI002437,O004892,M220,3
OI002438,O002973,M012,1
OI002439,O011792,M213,3
OI002440,O011277,M036,3
OI002441,O000189,M041,3
OI002442,O007300,M013,2
OI002443,O006708,M005,3
OI002444,O009203,M123,2
OI002445,O006262,M046,1
OI002446,O012860,M091,3
OI002447,O015131,M001,1
OI002448,O008572,M219,1
OI002449,O019738,M053,1
OI002450,O008445,M090,3
OI002451,O013404,M089,2
OI002452,O006434,M111,1
OI002453,O013838,M090,3
OI002454,O010123,M066,3
OI002455,O005669,M108,3
OI002456,O007583,M055,1
OI002457,O005475,M086,2
OI002458,O004327,M136,1
OI002459,O019276,M227,3
OI002460,O018976,M044,2
OI002461,O003138,M138,2
OI002462,O006901,M025,3
OI002463,O015763,M191,3
OI002464,O009924,M114,3
OI002465,O011602,M236,2
OI002466,O007651,M020,3
OI002467,O017152,M230,3
OI002468,O012424,M037,2
OI002469,O000985,M130,2
OI002470,O013689,M006,1
OI002471,O019646,M031,3
OI002472,O007590,M245,2
OI002473,O003795,M057,2
OI002474,O015492,M182,2
OI002475,O016835,M220,1
OI002476,O006146,M154,2
OI002477,O009723,M045,1
OI002478,O006223,M110,3
OI002479,O000151,M034,2
OI002480,O014345,M147,3
OI002481,O015669,M246,2
OI002482,O019656,M079,2
OI002483,O006410,M231,2
OI002484,O005521,M225,3
OI002485,O003265,M109,3
OI002486,O018086,M052,2
OI002487,O005730,M174,2
OI002488,O015864,M176,2
OI002489,O008096,M227,2
OI002490,O014949,M043,2
OI002491,O011635,M061,2
OI002492,O017678,M159,3
OI002493,O013784,M028,2
OI002494,O007286,M004,2
OI002495,O002288,M173,1
OI002496,O018106,M106,1
OI002497,O001245,M142,3
OI002498,O018051,M247,2
OI002499,O006204,M198,1
OI002500,O010481,M112,3
OI002501,O016268,M209,2
OI002502,O017154,M149,1
OI002503,O018669,M233,1
OI002504,O016815,M157,1
OI002505,O007311,M013,1
OI002506,O004933,M202,2
OI002507,O016353,M181,2
OI002508,O001828,M079,2
OI002509,O016810,M233,3
OI002510,O008352,M137,2
OI002511,O009303,M072,1
OI002512,O003342,M011,1
OI002513,O001329,M152,2
OI002514,O010702,M141,2
OI002515,O006535,M063,3
OI002516,O006210,M065,1
OI002517,O004645,M058,2
OI002518,O007021,M222,3
OI002519,O008762,M204,2
OI002520,O005044,M136,2
OI002521,O003765,M036,1
OI002522,O012557,M011,1
OI002523,O001497,M139,1
OI002524,O018216,M143,1
OI002525,O003121,M110,2
OI002526,O011630,M154,3
OI002527,O010690,M044,3
OI002528,O014062,M040,2
OI002529,O017487,M164,2
OI002530,O009722,M218,3
OI002531,O015731,M200,3
OI002532,O006166,M048,3
OI002533,O003369,M202,2
OI002534,O006079,M072,1
OI002535,O000632,M154,3
OI002536,O011172,M018,2
OI002537,O007167,M072,2
OI002538,O010007,M161,3
OI002539,O003946,M076,3
OI002540,O019553,M006,2
OI002541,O001300,M180,2
OI002542,O014571,M226,3
OI002543,O015392,M240,2
OI002544,O015460,M096,1
OI002545,O019402,M233,1
OI002546,O019928,M172,3
OI002547,O000308,M048,2
OI002548,O017875,M125,1
OI002549,O002097,M209,2
OI002550,O014975,M027,1
OI002551,O002889,M043,2
OI002552,O008625,M248,2
OI002553,O009102,M191,2
OI002554,O006693,M124,2
OI002555,O015707,M019,1
OI002556,O015903,M009,1
OI002557,O004150,M215,1
OI002558,O013317,M235,1
OI002559,O003729,M141,3
OI002560,O002437,M078,1
OI002561,O011326,M177,2
OI002562,O012062,M083,1
OI002563,O013467,M161,2
OI002564,O002814,M040,2
OI002565,O008016,M201,1
OI002566,O006128,M160,1
OI002567,O001180,M054,1
OI002568,O008393,M064,2
OI002569,O019724,M054,2
OI002570,O019029,M017,3
OI002571,O002585,M162,3
OI002572,O015709,M148,2
OI002573,O010311,M019,2
OI002574,O019923,M006,2
OI002575,O010100,M055,1
OI002576,O009299,M156,2
OI002577,O016992,M189,2
OI002578,O009751,M158,1
OI002579,O018782,M024,3
OI002580,O002238,M242,1
OI002581,O000887,M111,2
OI002582,O012774,M204,2
OI002583,O010984,M186,2
OI002584,O010269,M104,3
OI002585,O006971,M224,2
OI002586,O019624,M101,3
OI002587,O009512,M116,3
OI002588,O014275,M214,2
OI002589,O007396,M030,1
OI002590,O004594,M176,1
OI002591,O017694,M194,3
OI002592,O003337,M106,2
OI002593,O012128,M198,2
OI002594,O015800,M245,2
OI002595,O003268,M206,1
OI002596,O006611,M079,1
OI002597,O001528,M096,3
OI002598,O000647,M160,1
OI002599,O010485,M248,1
OI002600,O002521,M178,1
OI002601,O017264,M067,1
OI002602,O018233,M201,1
OI002603,O015759,M237,1
OI002604,O002114,M101,3
OI002605,O003249,M017,3
OI002606,O007403,M221,2
OI002607,O011607,M218,1
OI002608,O016883,M243,1
OI002609,O019076,M182,1
OI002610,O019204,M106,2
OI002611,O009851,M245,2
OI002612,O006457,M179,1
OI002613,O008698,M145,2
OI002614,O006227,M132,2
OI002615,O009838,M022,2
OI002616,O011881,M211,1
OI002617,O007353,M240,2
OI002618,O010410,M146,2
OI002619,O011343,M043,1
OI002620,O004009,M145,1
OI002621,O013670,M070,1
OI002622,O017870,M058,1
OI002623,O017717,M006,2
OI002624,O008588,M091,2
OI002625,O002196,M179,2
OI002626,O014755,M020,3
OI002627,O010864,M143,2
OI002628,O006578,M119,2
OI002629,O005058,M034,3
OI002630,O015011,M132,1
OI002631,O015945,M209,3
OI002632,O011829,M028,3
OI002633,O004671,M102,2
OI002634,O015911,M041,3
OI002635,O000236,M108,2
OI002636,O007851,M080,1
OI002637,O019706,M190,2
OI002638,O018557,M025,1
OI002639,O007034,M018,1
OI002640,O005228,M149,1
OI002641,O002677,M222,3
OI002642,O000654,M060,3
OI002643,O004163,M227,1
OI002644,O008513,M126,3
OI002645,O011649,M082,2
OI002646,O007712,M223,1
OI002647,O006549,M197,2
OI002648,O011639,M184,1
OI002649,O005945,M107,3
OI002650,O001824,M222,2
OI002651,O009964,M108,1
OI002652,O008314,M161,3
OI002653,O017143,M170,1
OI002654,O007186,M201,2
OI002655,O015495,M055,2
OI002656,O015470,M144,2
OI002657,O014139,M018,3
OI002658,O004637,M186,2
OI002659,O008920,M113,3
OI002660,O004627,M217,3
OI002661,O013242,M039,2
OI002662,O011428,M111,2
OI002663,O014709,M082,2
OI002664,O000293,M148,1
OI002665,O013624,M040,1
OI002666,O016568,M180,1
OI002667,O001946,M039,3
OI002668,O005422,M068,3
OI002669,O007793,M233,2
OI002670,O010566,M133,1
OI002671,O011785,M004,1
OI002672,O009489,M241,3
OI002673,O011391,M155,1
OI002674,O004593,M034,3
OI002675,O018451,M018,3
OI002676,O006768,M042,2
OI002677,O004764,M010,3
OI002678,O000143,M067,3
OI002679,O001164,M247,2
OI002680,O003327,M198,2
OI002681,O007315,M190,3
OI002682,O006323,M184,1
OI002683,O012580,M101,1
OI002684,O009540,M036,1
OI002685,O018269,M243,2
OI002686,O017503,M113,1
OI002687,O012063,M154,2
OI002688,O009576,M147,2
OI002689,O001520,M083,3
OI002690,O019766,M232,2
OI002691,O017454,M069,3
OI002692,O017223,M182,2
OI002693,O014258,M094,1
OI002694,O012233,M193,3
OI002695,O012735,M013,1
OI002696,O011919,M022,1
OI002697,O016583,M014,2
OI002698,O016023,M048,3
OI002699,O016077,M093,1
OI002700,O003106,M194,2
OI002701,O016213,M227,3
OI002702,O009779,M139,3
OI002703,O003149,M202,2
OI002704,O015332,M108,3
OI002705,O002755,M229,2
OI002706,O002639,M115,3
OI002707,O001729,M032,3
OI002708,O008489,M149,3
OI002709,O013476,M024,1
OI002710,O019449,M226,2
OI002711,O004956,M212,2
OI002712,O001205,M212,2
OI002713,O014534,M225,3
OI002714,O006572,M135,2
OI002715,O003661,M200,3
OI002716,O004677,M053,1
OI002717,O001167,M154,2
OI002718,O016581,M153,1
OI002719,O010821,M031,2
OI002720,O013542,M101,3
OI002721,O012404,M083,1
OI002722,O007744,M236,2
OI002723,O018546,M082,2
OI002724,O011786,M053,2
OI002725,O018490,M141,2
OI002726,O011227,M201,2
OI002727,O018295,M032,1
OI002728,O007841,M053,2
OI002729,O009067,M057,2
OI002730,O000413,M195,1
OI002731,O014420,M020,3
OI002732,O018007,M028,1
OI002733,O015741,M028,3
OI002734,O002560,M037,1
OI002735,O018253,M085,1
OI002736,O003454,M187,1
OI002737,O001365,M074,2
OI002738,O007684,M048,3
OI002739,O007300,M060,2
OI002740,O019912,M119,1
OI002741,O019640,M147,1
OI002742,O013489,M215,3
OI002743,O001469,M054,2
OI002744,O001111,M004,2
OI002745,O007103,M237,2
OI002746,O005819,M097,2
OI002747,O013419,M089,1
OI002748,O000651,M165,1
OI002749,O019462,M053,2
OI002750,O011924,M169,3
OI002751,O003216,M093,2
OI002752,O014141,M060,3
OI002753,O009932,M138,2
OI002754,O015524,M189,3
OI002755,O010076,M197,1
OI002756,O013445,M237,1
OI002757,O010307,M091,2
OI002758,O016835,M198,2
OI002759,O014987,M216,2
OI002760,O011874,M199,1
OI002761,O010365,M193,3
OI002762,O010861,M105,2
OI002763,O000088,M249,2
OI002764,O003352,M122,3
OI002765,O000867,M203,1
OI002766,O017252,M013,1
OI002767,O017624,M074,1
OI002768,O002921,M105,3
OI002769,O014289,M196,1
OI002770,O001667,M003,2
OI002771,O001800,M180,2
OI002772,O017504,M155,3
OI002773,O009442,M131,2
OI002774,O014199,M181,1
OI002775,O006570,M196,1
OI002776,O001269,M155,1
OI002777,O000435,M063,3
OI002778,O007252,M099,1
OI002779,O010575,M072,1
OI002780,O019074,M221,2
OI002781,O005512,M011,1
OI002782,O007709,M064,1
OI002783,O018572,M125,1
OI002784,O016037,M134,2
OI002785,O011782,M066,3
OI002786,O006762,M090,1
OI002787,O005823,M246,2
OI002788,O007009,M091,3
OI002789,O019942,M066,3
OI002790,O002725,M194,2
OI002791,O000285,M193,2
OI002792,O012276,M105,2
OI002793,O016987,M120,3
OI002794,O002809,M152,1
OI002795,O012670,M075,2
OI002796,O017058,M022,1
OI002797,O005350,M195,1
OI002798,O013912,M212,3
OI002799,O000287,M191,2
OI002800,O009053,M014,3
OI002801,O004778,M216,2
OI002802,O019926,M015,3
OI002803,O008413,M140,2
OI002804,O000164,M100,1
OI002805,O010949,M071,3
OI002806,O016698,M029,1
OI002807,O003975,M125,2
OI002808,O005089,M231,1
OI002809,O017929,M236,1
OI002810,O010169,M142,2
OI002811,O012794,M117,1
OI002812,O012913,M076,1
OI002813,O004979,M009,2
OI002814,O010216,M011,2
OI002815,O011954,M188,2
OI002816,O013696,M047,2
OI002817,O012037,M131,3
OI002818,O007842,M014,3
OI002819,O014501,M185,3
OI002820,O000895,M213,1
OI002821,O013405,M164,3
OI002822,O003262,M076,2
OI002823,O002246,M201,3
OI002824,O015099,M200,2
OI002825,O000004,M072,3
OI002826,O010712,M135,2
OI002827,O010626,M206,1
OI002828,O003298,M092,2
OI002829,O000950,M063,3
OI002830,O005731,M086,2
OI002831,O012450,M172,2
OI002832,O016961,M069,1
OI002833,O000215,M238,2
OI002834,O013809,M061,1
OI002835,O018370,M140,1
OI002836,O000972,M089,3
OI002837,O019024,M117,3
OI002838,O017430,M065,3
OI002839,O014326,M152,1
OI002840,O016950,M148,3
OI002841,O006460,M161,1
OI002842,O006912,M149,1
OI002843,O008321,M143,2
OI002844,O012569,M061,1
OI002845,O004573,M210,2
OI002846,O007486,M075,3
OI002847,O015270,M176,1
OI002848,O019111,M249,3
OI002849,O009458,M130,3
OI002850,O002842,M246,1
OI002851,O009525,M003,2
OI002852,O001937,M159,1
OI002853,O012742,M115,2
OI002854,O008090,M148,2
OI002855,O016561,M088,1
OI002856,O005968,M209,3
OI002857,O009137,M112,1
OI002858,O015486,M210,2
OI002859,O019374,M052,3
OI002860,O016160,M197,2
OI002861,O004021,M037,3
OI002862,O016251,M024,3
OI002863,O017677,M031,3
OI002864,O007883,M180,2
OI002865,O006748,M226,2
OI002866,O017179,M159,2
OI002867,O017037,M052,2
OI002868,O008552,M123,1
OI002869,O009928,M133,2
OI002870,O006599,M232,2
OI002871,O017961,M098,2
OI002872,O002300,M012,2
OI002873,O013243,M178,3
OI002874,O012344,M161,2
OI002875,O012094,M040,1
OI002876,O001357,M136,2
OI002877,O011989,M006,1
OI002878,O015887,M199,2
OI002879,O005396,M115,3
OI002880,O010426,M082,2
OI002881,O006349,M228,1
OI002882,O014471,M087,1
OI002883,O016328,M223,2
OI002884,O001258,M236,1
OI002885,O000629,M027,2
OI002886,O008651,M192,2
OI002887,O013618,M088,1
OI002888,O004423,M119,1
OI002889,O012481,M132,2
OI002890,O000007,M108,2
OI002891,O010335,M064,1
OI002892,O012071,M084,1
OI002893,O001974,M071,2
OI002894,O010846,M079,1
OI002895,O001422,M018,1
OI002896,O005070,M122,2
OI002897,O013426,M104,1
OI002898,O002360,M077,1
OI002899,O007858,M233,3
OI002900,O016997,M176,1
OI002901,O010183,M132,1
OI002902,O006768,M247,1
OI002903,O015614,M105,3
OI002904,O016749,M120,1
OI002905,O003275,M011,3
OI002906,O012528,M217,2
OI002907,O008126,M137,1
OI002908,O005764,M246,2
OI002909,O017911,M227,1
OI002910,O012795,M035,3
OI002911,O003170,M113,2
OI002912,O000331,M078,3
OI002913,O006258,M158,3
OI002914,O002531,M073,3
OI002915,O002575,M157,3
OI002916,O001040,M238,1
OI002917,O001617,M049,1
OI002918,O010310,M066,1
OI002919,O017925,M068,2
OI002920,O017676,M089,1
OI002921,O011627,M066,3
OI002922,O004638,M162,2
OI002923,O001078,M145,1
OI002924,O005270,M044,3
OI002925,O017728,M204,3
OI002926,O005642,M227,1
OI002927,O007750,M113,3
OI002928,O015069,M095,1
OI002929,O001241,M170,1
OI002930,O001858,M116,1
OI002931,O007044,M098,1
OI002932,O006564,M081,2
OI002933,O000569,M088,1
OI002934,O006490,M249,3
OI002935,O013066,M123,3
OI002936,O003657,M016,3
OI002937,O011998,M129,2
OI002938,O000957,M188,1
OI002939,O004365,M030,1
OI002940,O005475,M183,3
OI002941,O006991,M163,3
OI002942,O011044,M122,3
OI002943,O000391,M215,1
OI002944,O009302,M120,2
OI002945,O005389,M156,3
OI002946,O015636,M222,3
OI002947,O015808,M121,1
OI002948,O016572,M021,1
OI002949,O005292,M209,2
OI002950,O005618,M100,3
OI002951,O004042,M224,2
OI002952,O018152,M185,3
OI002953,O010260,M220,2
OI002954,O015970,M065,3
OI002955,O013019,M247,1
OI002956,O007504,M196,3
OI002957,O015584,M037,3
OI002958,O003531,M037,3
OI002959,O015079,M112,2
OI002960,O013889,M048,3
OI002961,O000787,M097,3
OI002962,O010829,M038,1
OI002963,O002137,M230,1
OI002964,O010662,M166,1
OI002965,O007933,M024,1
OI002966,O017753,M049,1
OI002967,O005040,M129,3
OI002968,O011608,M083,3
OI002969,O015758,M013,3
OI002970,O014694,M161,3
OI002971,O002374,M064,2
OI002972,O007462,M041,3
OI002973,O017869,M142,2
OI002974,O003670,M043,2
OI002975,O011827,M179,2
OI002976,O010886,M170,1
OI002977,O018556,M217,2
OI002978,O011259,M149,3
OI002979,O012757,M239,1
OI002980,O018974,M064,1
OI002981,O014421,M180,3
OI002982,O009333,M089,2
OI002983,O009037,M121,2
OI002984,O017226,M156,3
OI002985,O001680,M187,1
OI002986,O002598,M013,2
OI002987,O006944,M187,1
OI002988,O008078,M099,3
OI002989,O019247,M133,3
OI002990,O018142,M245,3
OI002991,O006721,M241,2
OI002992,O008431,M224,3
OI002993,O003053,M125,3
OI002994,O003819,M133,3
OI002995,O019375,M135,3
OI002996,O011331,M205,2
OI002997,O008727,M155,2
OI002998,O006508,M095,2
OI002999,O006302,M149,2
OI003000,O016500,M126,2
OI003001,O001128,M242,1
OI003002,O009587,M216,1
OI003003,O004330,M161,1
OI003004,O001151,M159,1
OI003005,O010984,M215,1
OI003006,O010617,M131,3
OI003007,O000675,M041,3
OI003008,O019441,M141,3
OI003009,O016445,M018,3
OI003010,O005834,M109,2
OI003011,O017994,M151,3
OI003012,O007329,M097,2
OI003013,O018841,M066,2
OI003014,O010249,M232,1
OI003015,O001407,M154,1
OI003016,O005711,M122,3
OI003017,O005749,M192,3
OI003018,O016488,M063,1
OI003019,O006257,M229,2
OI003020,O009703,M230,1
OI003021,O018154,M217,2
OI003022,O010564,M138,3
OI003023,O012554,M067,3
OI003024,O018290,M067,1
OI003025,O003087,M096,1
OI003026,O005479,M047,2
OI003027,O013585,M089,1
OI003028,O008776,M070,2
OI003029,O001113,M220,3
OI003030,O009874,M059,2
OI003031,O017465,M186,1
OI003032,O014600,M249,3
OI003033,O001125,M085,2
OI003034,O017354,M189,3
OI003035,O019615,M080,1
OI003036,O009829,M117,1
OI003037,O005990,M105,2
OI003038,O018026,M131,3
OI003039,O012538,M165,2
OI003040,O003911,M240,1
OI003041,O016863,M186,2
OI003042,O015154,M093,3
OI003043,O000969,M082,3
OI003044,O018955,M167,2
OI003045,O000468,M014,2
OI003046,O005865,M234,1
OI003047,O002634,M222,2
OI003048,O011119,M180,1
OI003049,O002174,M202,2
OI003050,O012264,M194,2
OI003051,O015037,M067,2
OI003052,O018440,M069,2
OI003053,O002991,M033,2
OI003054,O010627,M058,3
OI003055,O006832,M212,2
OI003056,O001687,M116,2
OI003057,O010651,M071,2
OI003058,O015244,M138,2
OI003059,O010132,M149,1
OI003060,O008582,M069,2
OI003061,O001160,M018,2
OI003062,O012169,M146,2
OI003063,O010968,M015,2
OI003064,O006099,M076,1
OI003065,O009485,M164,1
OI003066,O003062,M068,2
OI003067,O004181,M066,2
OI003068,O007405,M061,2
OI003069,O006044,M219,1
OI003070,O009041,M239,1
OI003071,O010742,M156,1
OI003072,O009459,M009,3
OI003073,O004243,M018,3
OI003074,O000167,M100,3
OI003075,O002012,M181,3
OI003076,O004127,M068,3
OI003077,O006299,M043,2
OI003078,O002448,M206,1
OI003079,O004178,M232,1
OI003080,O012122,M108,1
OI003081,O008142,M181,1
OI003082,O000248,M145,2
OI003083,O004866,M165,3
OI003084,O003849,M067,2
OI003085,O006786,M216,2
OI003086,O007060,M078,3
OI003087,O017826,M207,3
OI003088,O013536,M028,3
OI003089,O010843,M097,2
OI003090,O000312,M233,3
OI003091,O013618,M193,3
OI003092,O001169,M020,3
OI003093,O013697,M068,3
OI003094,O010994,M184,3
OI003095,O009632,M114,2
OI003096,O012242,M161,2
OI003097,O015903,M010,2
OI003098,O011337,M213,2
OI003099,O013294,M207,2
OI003100,O010094,M110,2
OI003101,O012037,M051,1
OI003102,O017123,M041,1
OI003103,O001373,M110,1
OI003104,O011191,M159,2
OI003105,O018305,M175,1
OI003106,O018427,M105,2
OI003107,O009151,M176,3
OI003108,O015628,M085,2
OI003109,O008865,M156,1
OI003110,O017636,M050,3
OI003111,O001754,M220,2
OI003112,O005857,M086,1
OI003113,O012566,M219,3
OI003114,O018953,M185,1
OI003115,O019370,M114,2
OI003116,O010690,M118,2
OI003117,O004513,M153,1
OI003118,O000553,M210,2
OI003119,O012057,M138,3
OI003120,O018280,M052,1
OI003121,O006827,M102,1
OI003122,O002574,M057,1
OI003123,O009248,M219,1
OI003124,O016631,M120,1
OI003125,O016534,M232,1
OI003126,O007873,M155,1
OI003127,O006648,M232,3
OI003128,O009399,M038,1
OI003129,O016192,M216,1
OI003130,O001564,M140,1
OI003131,O006944,M194,2
OI003132,O007629,M245,3
OI003133,O017731,M079,2
OI003134,O004741,M084,1
OI003135,O019842,M029,3
OI003136,O007041,M248,1
OI003137,O001179,M019,1
OI003138,O014876,M239,2
OI003139,O009835,M020,1
OI003140,O013904,M133,1
OI003141,O012331,M010,3
OI003142,O018486,M124,1
OI003143,O002776,M092,1
OI003144,O013886,M105,1
OI003145,O008318,M247,2
OI003146,O016642,M223,3
OI003147,O007662,M078,2
OI003148,O018571,M062,1
OI003149,O016569,M089,2
OI003150,O019653,M123,3
OI003151,O004817,M193,3
OI003152,O011824,M226,3
OI003153,O014661,M132,3
OI003154,O005305,M013,3
OI003155,O017240,M053,2
OI003156,O005302,M009,2
OI003157,O016894,M002,2
OI003158,O008770,M197,3
OI003159,O019736,M079,1
OI003160,O003470,M098,2
OI003161,O015696,M203,2
OI003162,O007412,M108,2
OI003163,O013423,M143,3
OI003164,O011148,M081,2
OI003165,O013080,M089,1
OI003166,O018100,M241,3
OI003167,O011355,M230,3
OI003168,O014772,M016,1
OI003169,O009999,M050,2
OI003170,O019933,M201,1
OI003171,O011354,M161,3
OI003172,O000827,M118,2
OI003173,O018119,M061,1
OI003174,O006674,M054,2
OI003175,O016951,M022,1
OI003176,O014104,M033,2
OI003177,O010757,M140,3
OI003178,O014865,M176,1
OI003179,O017800,M249,1
OI003180,O006581,M242,2
OI003181,O012787,M242,1
OI003182,O017528,M048,2
OI003183,O011645,M229,3
OI003184,O007240,M192,2
OI003185,O016286,M126,1
OI003186,O018775,M084,2
OI003187,O004767,M036,2
OI003188,O016340,M139,3
OI003189,O010968,M091,3
OI003190,O007088,M229,3
OI003191,O000288,M111,1
OI003192,O013884,M138,1
OI003193,O019346,M045,3
OI003194,O008063,M206,3
OI003195,O010882,M233,1
OI003196,O004581,M163,3
OI003197,O009372,M133,1
OI003198,O004068,M066,1
OI003199,O014528,M249,2
OI003200,O010014,M213,3
OI003201,O016428,M110,3
OI003202,O017193,M088,3
OI003203,O002874,M150,1
OI003204,O015466,M094,3
OI003205,O000766,M250,2
OI003206,O002898,M063,3
OI003207,O018245,M112,3
OI003208,O013015,M196,3
OI003209,O013198,M216,3
OI003210,O010570,M145,1
OI003211,O005744,M199,1
OI003212,O012689,M037,1
OI003213,O017874,M021,1
OI003214,O003257,M088,2
OI003215,O004334,M109,2
OI003216,O007306,M093,1
OI003217,O011289,M242,3
OI003218,O016625,M094,3
OI003219,O004931,M196,2
OI003220,O013998,M049,3
OI003221,O018389,M097,1
OI003222,O014361,M200,2
OI003223,O014222,M096,1
OI003224,O006580,M129,1
OI003225,O004070,M219,3
OI003226,O018796,M006,3
OI003227,O019118,M067,2
OI003228,O007081,M062,1
OI003229,O015596,M108,3
OI003230,O007084,M214,3
OI003231,O002445,M229,1
OI003232,O019627,M086,1
OI003233,O004005,M058,2
OI003234,O001669,M025,2
OI003235,O003260,M190,3
OI003236,O002849,M138,1
OI003237,O019686,M008,1
OI003238,O011716,M183,1
OI003239,O012168,M213,1
OI003240,O002145,M203,3
OI003241,O018481,M144,2
OI003242,O004134,M197,3
OI003243,O017857,M130,1
OI003244,O011304,M124,1
OI003245,O007540,M141,3
OI003246,O016485,M099,1
OI003247,O003657,M015,2
OI003248,O004245,M113,3
OI003249,O002178,M156,1
OI003250,O010038,M142,2
OI003251,O005895,M066,3
OI003252,O008128,M082,3
OI003253,O013107,M157,3
OI003254,O003401,M156,3
OI003255,O001146,M075,3
OI003256,O018758,M132,1
OI003257,O001504,M003,2
OI003258,O002000,M003,1
OI003259,O014260,M116,1
OI003260,O017446,M172,3
OI003261,O004854,M193,2
OI003262,O003533,M233,1
OI003263,O013764,M178,1
OI003264,O000379,M131,3
OI003265,O016837,M052,2
OI003266,O014549,M148,1
OI003267,O014641,M210,3
OI003268,O015443,M233,2
OI003269,O000599,M120,3
OI003270,O017302,M209,3
OI003271,O006417,M203,2
OI003272,O005545,M055,2
OI003273,O009349,M103,3
OI003274,O017436,M193,1
OI003275,O007247,M091,3
OI003276,O004843,M107,1
OI003277,O000807,M132,3
OI003278,O013101,M140,1
OI003279,O007611,M099,3
OI003280,O007376,M199,2
OI003281,O000289,M171,1
OI003282,O007277,M216,2
OI003283,O014349,M044,2
OI003284,O005532,M161,1
OI003285,O012700,M209,1
OI003286,O000939,M185,3
OI003287,O012816,M071,1
OI003288,O005878,M246,3
OI003289,O012600,M237,3
OI003290,O010123,M001,3
OI003291,O001010,M115,2
OI003292,O019678,M113,1
OI003293,O003540,M053,2
OI003294,O016816,M179,2
OI003295,O015633,M065,2
OI003296,O001512,M009,1
OI003297,O009970,M144,3
OI003298,O014488,M180,3
OI003299,O010783,M077,3
OI003300,O018796,M031,2
OI003301,O005434,M060,1
OI003302,O011131,M222,2
OI003303,O012542,M188,1
OI003304,O001613,M131,2
OI003305,O015905,M098,1
OI003306,O007904,M080,1
OI003307,O008707,M144,3
OI003308,O003339,M164,3
OI003309,O019040,M132,2
OI003310,O018662,M101,3
OI003311,O015927,M181,2
OI003312,O000410,M020,1
OI003313,O006378,M017,2
OI003314,O014133,M023,1
OI003315,O009317,M088,1
OI003316,O006005,M006,3
OI003317,O019319,M096,2
OI003318,O007794,M058,1
OI003319,O007238,M104,2
OI003320,O012555,M148,3
OI003321,O012183,M237,3
OI003322,O017840,M051,2
OI003323,O016856,M127,2
OI003324,O010274,M165,1
OI003325,O001511,M067,2
OI003326,O012650,M019,1
OI003327,O004714,M030,3
OI003328,O008842,M167,3
OI003329,O004716,M160,3
OI003330,O009283,M205,3
OI003331,O013288,M037,2
OI003332,O011637,M204,1
OI003333,O018753,M215,3
OI003334,O014586,M242,1
OI003335,O006346,M165,3
OI003336,O008778,M036,1
OI003337,O005760,M097,3
OI003338,O012640,M172,1
OI003339,O003256,M188,3
OI003340,O014261,M075,1
OI003341,O001497,M225,1
OI003342,O014668,M021,2
OI003343,O010396,M208,3
OI003344,O008330,M117,2
OI003345,O002639,M249,1
OI003346,O000536,M114,3
OI003347,O016028,M228,1
OI003348,O006287,M220,2
OI003349,O000494,M195,1
OI003350,O012387,M089,1
OI003351,O012412,M156,2
OI003352,O007390,M071,3
OI003353,O001546,M146,3
OI003354,O011707,M147,1
OI003355,O018744,M244,1
OI003356,O002285,M243,3
OI003357,O003728,M244,2
OI003358,O013395,M028,1
OI003359,O002680,M138,3
OI003360,O013740,M120,3
OI003361,O010277,M164,1
OI003362,O011711,M135,1
OI003363,O019985,M041,3
OI003364,O003729,M060,3
OI003365,O002659,M115,1
OI003366,O009582,M102,3
OI003367,O018302,M203,3
OI003368,O004476,M206,1
OI003369,O000574,M123,3
OI003370,O010256,M200,1
OI003371,O017037,M140,2
OI003372,O014943,M119,3
OI003373,O001707,M087,1
OI003374,O010817,M114,1
OI003375,O006999,M163,1
OI003376,O010268,M104,2
OI003377,O006176,M129,1
OI003378,O018188,M227,1
OI003379,O016065,M249,1
OI003380,O019909,M005,2
OI003381,O005381,M214,2
OI003382,O007795,M019,2
OI003383,O003164,M180,2
OI003384,O007321,M103,1
OI003385,O009972,M033,2
OI003386,O009911,M042,3
OI003387,O019837,M100,3
OI003388,O011032,M049,1
OI003389,O016540,M220,1
OI003390,O008902,M046,1
OI003391,O016077,M148,2
OI003392,O003156,M216,1
OI003393,O005372,M222,3
OI003394,O002915,M145,2
OI003395,O016479,M014,1
OI003396,O015090,M160,2
OI003397,O010903,M095,2
OI003398,O011486,M238,1
OI003399,O002605,M016,3
OI003400,O010114,M206,2
OI003401,O007514,M087,3
OI003402,O005362,M229,2
OI003403,O004349,M105,1
OI003404,O005217,M033,2
OI003405,O009131,M183,3
OI003406,O014334,M156,1
OI003407,O015602,M218,3
OI003408,O009542,M158,2
OI003409,O017644,M080,3
OI003410,O017675,M015,2
OI003411,O009433,M099,2
OI003412,O012408,M008,2
OI003413,O000397,M140,3
OI003414,O019358,M123,2
OI003415,O001087,M004,2
OI003416,O001737,M166,2
OI003417,O002781,M123,2
OI003418,O018184,M064,1
OI003419,O018087,M151,3
OI003420,O012707,M060,2
OI003421,O006994,M250,1
OI003422,O008365,M227,2
OI003423,O012267,M161,2
OI003424,O011863,M008,3
OI003425,O009792,M217,3
OI003426,O012415,M083,3
OI003427,O006035,M053,1
OI003428,O011133,M157,1
OI003429,O010020,M065,1
OI003430,O006272,M031,3
OI003431,O010120,M089,1
OI003432,O019904,M149,3
OI003433,O002569,M174,1
OI003434,O011985,M109,2
OI003435,O011413,M236,3
OI003436,O012136,M010,3
OI003437,O014492,M219,1
OI003438,O001353,M202,2
OI003439,O013915,M113,3
OI003440,O011957,M075,1
OI003441,O003554,M191,1
OI003442,O001930,M062,1
OI003443,O011093,M122,3
OI003444,O018957,M232,3
OI003445,O013826,M010,3
OI003446,O003064,M226,2
OI003447,O000622,M029,2
OI003448,O015170,M169,2
OI003449,O006518,M209,1
OI003450,O005632,M226,2
OI003451,O009386,M064,3
OI003452,O004325,M073,3
OI003453,O000275,M009,2
OI003454,O010583,M146,3
OI003455,O017555,M036,2
OI003456,O005249,M053,1
OI003457,O005449,M074,3
OI003458,O008572,M059,1
OI003459,O013251,M206,1
OI003460,O006698,M010,2
OI003461,O013781,M183,1
OI003462,O001461,M172,1
OI003463,O017262,M150,2
OI003464,O008125,M034,1
OI003465,O019357,M198,2
OI003466,O007837,M117,1
OI003467,O018012,M030,3
OI003468,O019320,M094,2
OI003469,O007816,M047,2
OI003470,O011695,M071,3
OI003471,O013567,M053,3
OI003472,O004255,M095,1
OI003473,O001683,M198,3
OI003474,O001638,M014,3
OI003475,O002022,M083,1
OI003476,O013695,M144,1
OI003477,O018291,M058,2
OI003478,O002094,M239,3
OI003479,O013134,M081,1
OI003480,O001141,M250,1
OI003481,O017486,M183,1
OI003482,O019199,M190,1
OI003483,O008834,M198,1
OI003484,O006488,M026,1
OI003485,O016099,M082,2
OI003486,O016469,M185,1
OI003487,O012734,M018,1
OI003488,O013288,M020,1
OI003489,O008063,M172,1
OI003490,O010575,M213,3
OI003491,O000716,M217,3
OI003492,O004640,M129,3
OI003493,O003054,M063,1
OI003494,O001979,M209,1
OI003495,O003174,M082,2
OI003496,O004662,M175,1
OI003497,O012080,M089,3
OI003498,O011133,M241,2
OI003499,O002431,M250,1
OI003500,O000309,M213,3
OI003501,O019900,M005,3
OI003502,O017395,M250,1
OI003503,O014916,M214,2
OI003504,O001641,M168,2
OI003505,O011466,M210,1
OI003506,O014066,M054,1
OI003507,O006471,M134,2
OI003508,O006453,M064,1
OI003509,O001542,M093,3
OI003510,O001370,M005,3
OI003511,O002537,M177,2
OI003512,O005919,M126,3
OI003513,O006368,M064,3
OI003514,O008823,M004,1
OI003515,O014392,M058,2
OI003516,O007623,M173,1
OI003517,O009675,M211,2
OI003518,O011044,M200,1
OI003519,O000463,M235,3
OI003520,O017337,M180,3
OI003521,O017610,M227,3
OI003522,O006662,M069,3
OI003523,O006192,M180,3
OI003524,O009526,M195,1
OI003525,O001145,M028,1
OI003526,O001728,M026,3
OI003527,O019173,M153,1
OI003528,O017234,M164,3
OI003529,O008769,M134,3
OI003530,O016970,M179,1
OI003531,O018075,M008,2
OI003532,O004847,M202,2
OI003533,O000541,M067,3
OI003534,O002912,M174,2
OI003535,O019427,M017,1
OI003536,O008928,M074,1
OI003537,O018553,M076,3
OI003538,O014527,M219,2
OI003539,O011911,M215,2
OI003540,O007898,M248,1
OI003541,O019676,M154,2
OI003542,O010522,M124,1
OI003543,O007460,M222,3
OI003544,O019109,M053,2
OI003545,O011921,M045,3
OI003546,O000918,M122,3
OI003547,O000632,M166,2
OI003548,O010884,M175,1
OI003549,O017754,M212,3
OI003550,O019838,M080,1
OI003551,O015547,M159,1
OI003552,O004233,M152,3
OI003553,O003859,M084,3
OI003554,O011025,M239,3
OI003555,O001935,M022,3
OI003556,O015081,M190,3
OI003557,O013922,M222,2
OI003558,O011009,M228,1
OI003559,O003204,M178,3
OI003560,O003231,M194,3
OI003561,O001202,M024,3
OI003562,O019698,M204,2
OI003563,O008434,M218,3
OI003564,O003201,M067,3
OI003565,O016458,M212,1
OI003566,O014486,M225,1
OI003567,O006605,M229,2
OI003568,O012272,M088,1
OI003569,O006009,M116,3
OI003570,O003034,M128,3
OI003571,O019850,M193,2
OI003572,O006392,M119,2
OI003573,O011526,M028,2
OI003574,O012624,M239,2
OI003575,O015869,M149,3
OI003576,O018555,M149,1
OI003577,O000244,M202,1
OI003578,O009702,M213,1
OI003579,O014318,M033,2
OI003580,O013448,M189,2
OI003581,O008358,M117,2
OI003582,O002053,M136,2
OI003583,O007020,M103,1
OI003584,O011149,M118,1
OI003585,O007747,M074,2
OI003586,O017947,M174,3
OI003587,O000870,M161,3
OI003588,O008784,M161,3
OI003589,O017265,M076,3
OI003590,O014946,M246,3
OI003591,O013008,M170,1
OI003592,O013521,M089,1
OI003593,O012621,M113,3
OI003594,O001893,M239,1
OI003595,O019275,M094,3
OI003596,O011530,M187,1
OI003597,O004450,M220,3
OI003598,O007414,M078,2
OI003599,O006928,M178,2
OI003600,O009725,M078,1
OI003601,O010026,M067,3
OI003602,O002111,M158,3
OI003603,O008180,M062,1
OI003604,O015142,M069,3
OI003605,O019266,M201,2
OI003606,O012342,M033,1
OI003607,O016967,M222,2
OI003608,O009649,M156,3
OI003609,O003626,M190,1
OI003610,O008271,M152,2
OI003611,O001626,M197,2
OI003612,O016505,M221,1
OI003613,O008815,M050,2
OI003614,O013131,M187,1
OI003615,O006195,M156,1
OI003616,O007899,M154,3
OI003617,O002990,M249,1
OI003618,O006980,M144,1
OI003619,O003009,M095,1
OI003620,O008631,M158,3
OI003621,O002928,M161,1
OI003622,O011774,M108,3
OI003623,O005710,M090,1
OI003624,O000912,M064,2
OI003625,O016005,M046,2
OI003626,O003957,M242,2
OI003627,O018703,M222,1
OI003628,O019145,M190,3
OI003629,O011771,M161,1
OI003630,O001788,M135,3
OI003631,O012514,M179,1
OI003632,O001236,M044,2
OI003633,O018355,M088,2
OI003634,O011320,M155,1
OI003635,O016507,M186,1
OI003636,O010933,M206,1
OI003637,O004580,M136,3
OI003638,O004199,M116,3
OI003639,O004219,M219,2
OI003640,O000338,M200,2
OI003641,O016734,M248,3
OI003642,O007835,M123,2
OI003643,O018079,M122,2
OI003644,O015182,M006,1
OI003645,O011900,M001,1
OI003646,O013423,M065,2
OI003647,O000574,M044,1
OI003648,O000003,M177,1
OI003649,O014464,M098,1
OI003650,O006567,M074,2
OI003651,O007249,M208,2
OI003652,O016899,M064,3
OI003653,O011035,M139,2
OI003654,O015341,M076,2
OI003655,O013986,M101,2
OI003656,O000695,M139,3
OI003657,O007287,M248,2
OI003658,O001702,M166,1
OI003659,O018925,M073,2
OI003660,O002435,M130,2
OI003661,O007725,M169,2
OI003662,O006762,M232,2
OI003663,O014272,M001,3
OI003664,O007540,M106,3
OI003665,O008784,M249,1
OI003666,O007214,M165,3
OI003667,O009237,M135,1
OI003668,O015593,M231,2
OI003669,O008054,M172,1
OI003670,O010942,M206,2
OI003671,O017943,M181,3
OI003672,O013211,M035,3
OI003673,O016158,M240,1
OI003674,O014361,M213,2
OI003675,O011815,M174,3
OI003676,O008780,M001,1
OI003677,O013050,M208,3
OI003678,O016804,M209,3
OI003679,O011857,M057,2
OI003680,O017113,M087,1
OI003681,O000780,M123,3
OI003682,O002526,M188,2
OI003683,O016141,M181,1
OI003684,O019927,M125,3
OI003685,O005185,M098,3
OI003686,O019308,M218,1
OI003687,O013260,M010,2
OI003688,O010720,M133,2
OI003689,O012916,M244,3
OI003690,O010253,M080,3
OI003691,O017532,M052,3
OI003692,O019416,M049,1
OI003693,O017087,M113,2
OI003694,O008113,M224,3
OI003695,O008975,M040,3
OI003696,O005745,M094,3
OI003697,O011301,M192,3
OI003698,O019743,M063,1
OI003699,O019657,M030,1
OI003700,O016348,M113,3
OI003701,O013551,M161,1
OI003702,O001891,M033,1
OI003703,O015668,M175,3
OI003704,O006249,M193,3
OI003705,O017205,M019,3
OI003706,O016152,M172,1
OI003707,O006098,M244,1
OI003708,O011770,M115,1
OI003709,O001026,M159,1
OI003710,O012536,M235,2
OI003711,O015557,M169,2
OI003712,O015173,M141,3
OI003713,O014507,M149,2
OI003714,O000435,M054,2
OI003715,O005254,M151,3
OI003716,O017454,M031,3
OI003717,O006408,M039,3
OI003718,O010421,M185,1
OI003719,O001608,M069,2
OI003720,O003005,M091,3
OI003721,O017385,M030,1
OI003722,O003762,M075,3
OI003723,O003063,M243,2
OI003724,O017860,M085,3
OI003725,O006641,M221,2
OI003726,O001396,M089,3
OI003727,O016622,M181,3
OI003728,O016318,M101,1
OI003729,O014678,M149,2
OI003730,O001316,M236,3
OI003731,O019753,M129,2
OI003732,O019396,M041,1
OI003733,O015660,M184,2
OI003734,O000640,M125,1
OI003735,O000993,M182,2
OI003736,O017891,M123,2
OI003737,O011790,M056,2
OI003738,O016579,M013,1
OI003739,O000381,M107,2
OI003740,O005806,M034,1
OI003741,O008094,M027,3
OI003742,O015947,M193,3
OI003743,O000290,M224,3
OI003744,O009904,M235,3
OI003745,O003455,M031,2
OI003746,O002350,M006,3
OI003747,O016201,M043,1
OI003748,O017258,M030,3
OI003749,O003358,M242,3
OI003750,O009245,M157,2
OI003751,O006420,M143,1
OI003752,O007261,M105,2
OI003753,O011069,M091,3
OI003754,O000615,M037,1
OI003755,O010889,M094,3
OI003756,O016105,M237,3
OI003757,O007150,M249,3
OI003758,O000042,M181,2
OI003759,O002519,M167,2
OI003760,O003837,M128,1
OI003761,O003280,M094,1
OI003762,O008942,M034,3
OI003763,O019503,M038,3
OI003764,O013321,M058,2
OI003765,O019601,M055,2
OI003766,O018501,M224,1
OI003767,O008939,M095,3
OI003768,O000272,M094,2
OI003769,O003360,M002,3
OI003770,O002377,M101,3
OI003771,O008869,M060,3
OI003772,O018640,M003,1
OI003773,O000811,M005,2
OI003774,O016235,M213,1
OI003775,O013108,M166,2
OI003776,O003576,M128,1
OI003777,O005150,M098,1
OI003778,O003964,M246,2
OI003779,O005283,M207,1
OI003780,O017009,M153,2
OI003781,O002419,M136,1
OI003782,O012314,M151,2
OI003783,O016185,M201,3
OI003784,O011693,M108,2
OI003785,O003705,M098,2
OI003786,O014170,M219,1
OI003787,O011675,M108,2
OI003788,O016035,M176,3
OI003789,O005256,M057,3
OI003790,O003550,M071,3
OI003791,O003557,M235,1
OI003792,O018356,M022,2
OI003793,O007893,M223,3
OI003794,O000904,M030,3
OI003795,O011593,M169,3
OI003796,O013704,M221,3
OI003797,O003311,M062,3
OI003798,O004396,M069,2
OI003799,O018054,M047,3
OI003800,O008987,M047,3
OI003801,O015160,M076,3
OI003802,O017608,M187,2
OI003803,O010760,M064,2
OI003804,O011567,M200,1
OI003805,O014544,M061,3
OI003806,O004663,M138,3
OI003807,O004986,M079,2
OI003808,O000360,M183,2
OI003809,O004165,M072,3
OI003810,O001706,M076,3
OI003811,O011021,M023,1
OI003812,O018163,M188,1
OI003813,O013205,M196,1
OI003814,O002808,M246,3
OI003815,O015204,M018,3
OI003816,O012186,M113,2
OI003817,O002707,M037,3
OI003818,O015853,M142,3
OI003819,O000979,M241,1
OI003820,O008516,M051,2
OI003821,O010175,M158,3
OI003822,O008871,M071,2
OI003823,O015821,M053,1
OI003824,O016214,M082,2
OI003825,O008150,M140,2
OI003826,O008778,M218,3
OI003827,O003792,M118,1
OI003828,O015504,M194,3
OI003829,O006920,M067,2
OI003830,O002717,M095,1
OI003831,O015841,M171,2
OI003832,O009993,M202,3
OI003833,O001155,M155,3
OI003834,O000402,M021,3
OI003835,O006399,M113,2
OI003836,O010654,M149,2
OI003837,O004116,M178,1
OI003838,O000432,M080,1
OI003839,O009579,M209,2
OI003840,O015483,M041,1
OI003841,O014119,M063,1
OI003842,O014600,M140,1
OI003843,O004469,M033,2
OI003844,O007843,M046,3
OI003845,O002520,M011,3
OI003846,O018142,M153,1
OI003847,O006473,M249,1
OI003848,O018354,M071,1
OI003849,O006631,M188,2
OI003850,O018183,M060,2
OI003851,O011858,M031,1
OI003852,O015974,M097,2
OI003853,O012289,M222,2
OI003854,O013293,M120,1
OI003855,O009374,M158,3
OI003856,O003921,M233,1
OI003857,O005629,M205,3
OI003858,O008937,M022,1
OI003859,O009760,M087,2
OI003860,O008386,M059,2
OI003861,O005613,M091,2
OI003862,O006739,M157,1
OI003863,O004156,M208,2
OI003864,O018021,M208,3
OI003865,O019279,M182,3
OI003866,O000576,M242,2
OI003867,O002917,M168,2
OI003868,O014368,M012,3
OI003869,O005484,M085,1
OI003870,O002441,M072,2
OI003871,O009240,M194,3
OI003872,O014083,M012,1
OI003873,O014614,M020,3
OI003874,O019079,M194,3
OI003875,O012059,M132,1
OI003876,O010718,M203,3
OI003877,O007426,M214,3
OI003878,O016972,M221,1
OI003879,O011738,M213,2
OI003880,O017642,M171,3
OI003881,O015218,M035,1
OI003882,O007561,M061,1
OI003883,O009314,M128,2
OI003884,O005051,M039,2
OI003885,O000792,M004,2
OI003886,O009524,M157,1
OI003887,O003622,M062,2
OI003888,O010108,M055,1
OI003889,O019482,M162,3
OI003890,O002170,M132,3
OI003891,O015326,M010,1
OI003892,O008286,M206,2
OI003893,O005322,M105,1
OI003894,O001434,M144,1
OI003895,O019006,M155,2
OI003896,O005380,M010,3
OI003897,O009139,M043,1
OI003898,O006789,M146,2
OI003899,O007199,M241,3
OI003900,O005701,M202,3
OI003901,O006553,M154,2
OI003902,O017484,M237,3
OI003903,O004301,M208,3
OI003904,O004474,M217,3
OI003905,O007125,M103,1
OI003906,O016988,M148,1
OI003907,O014448,M124,3
OI003908,O007649,M207,3
OI003909,O015196,M195,2
OI003910,O019975,M169,1
OI003911,O011932,M249,2
OI003912,O016832,M039,2
OI003913,O014146,M147,3
OI003914,O006383,M159,3
OI003915,O015427,M249,3
OI003916,O014138,M018,1
OI003917,O010284,M213,3
OI003918,O008750,M169,2
OI003919,O003889,M017,1
OI003920,O008333,M131,3
OI003921,O011833,M023,2
OI003922,O019660,M074,2
OI003923,O005780,M203,2
OI003924,O014131,M015,1
OI003925,O002181,M061,1
OI003926,O011622,M037,3
OI003927,O011909,M188,3
OI003928,O002649,M120,3
OI003929,O006875,M037,2
OI003930,O014193,M244,3
OI003931,O011314,M144,3
OI003932,O004439,M048,2
OI003933,O019414,M210,3
OI003934,O012757,M060,2
OI003935,O003671,M096,2
OI003936,O002908,M243,1
OI003937,O015503,M205,3
OI003938,O018521,M193,1
OI003939,O006569,M177,2
OI003940,O002848,M235,1
OI003941,O007990,M188,1
OI003942,O017428,M079,2
OI003943,O017935,M079,1
OI003944,O019717,M238,2
OI003945,O017932,M015,2
OI003946,O016000,M131,1
OI003947,O005840,M152,2
OI003948,O007755,M225,3
OI003949,O000082,M113,3
OI003950,O011560,M056,3
OI003951,O016420,M239,3
OI003952,O017219,M103,3
OI003953,O009032,M055,2
OI003954,O007462,M044,1
OI003955,O016232,M069,2
OI003956,O018448,M058,3
OI003957,O007347,M070,3
OI003958,O009285,M012,2
OI003959,O006361,M188,3
OI003960,O017250,M218,2
OI003961,O011679,M037,3
OI003962,O016985,M071,2
OI003963,O006265,M118,1
OI003964,O001220,M247,2
OI003965,O016124,M042,3
OI003966,O011816,M133,3
OI003967,O010148,M160,3
OI003968,O005423,M080,3
OI003969,O015227,M107,2
OI003970,O017673,M168,2
OI003971,O018848,M241,3
OI003972,O015080,M014,1
OI003973,O013910,M188,1
OI003974,O004253,M076,3
OI003975,O002812,M022,3
OI003976,O007976,M029,1
OI003977,O011983,M018,3
OI003978,O006991,M074,1
OI003979,O012552,M136,2
OI003980,O013199,M181,3
OI003981,O009301,M127,1
OI003982,O016818,M185,1
OI003983,O010240,M127,2
OI003984,O003676,M200,3
OI003985,O008663,M156,1
OI003986,O001703,M051,3
OI003987,O018752,M230,3
OI003988,O006943,M128,1
OI003989,O003503,M083,2
OI003990,O007872,M108,3
OI003991,O016382,M175,1
OI003992,O011433,M022,1
OI003993,O002311,M212,3
OI003994,O012708,M163,1
OI003995,O002889,M065,2
OI003996,O014144,M145,3
OI003997,O011433,M229,1
OI003998,O003516,M235,2
OI003999,O004415,M199,1
OI004000,O019901,M241,2
OI004001,O017549,M150,1
OI004002,O004591,M073,2
OI004003,O000978,M194,2
OI004004,O014693,M091,1
OI004005,O010368,M246,2
OI004006,O016779,M183,2
OI004007,O000844,M055,3
OI004008,O000937,M147,2
OI004009,O001990,M232,3
OI004010,O008621,M172,1
OI004011,O012134,M205,2
OI004012,O015758,M223,3
OI004013,O003290,M042,1
OI004014,O019343,M202,2
OI004015,O019065,M228,2
OI004016,O005941,M026,1
OI004017,O016453,M142,2
OI004018,O008586,M211,1
OI004019,O014637,M069,1
OI004020,O009544,M065,3
OI004021,O018470,M119,1
OI004022,O015331,M096,1
OI004023,O015378,M214,2
OI004024,O003522,M094,2
OI004025,O017940,M200,2
OI004026,O004213,M185,1
OI004027,O011058,M042,1
OI004028,O011015,M096,2
OI004029,O003427,M144,2
OI004030,O019396,M066,3
OI004031,O007881,M042,3
OI004032,O006243,M207,3
OI004033,O003508,M064,3
OI004034,O008851,M130,2
OI004035,O013898,M026,1
OI004036,O015387,M074,2
OI004037,O007582,M226,2
OI004038,O015078,M246,1
OI004039,O005382,M155,2
OI004040,O008121,M015,1
OI004041,O015727,M210,1
OI004042,O008019,M133,2
OI004043,O004124,M038,3
OI004044,O010382,M085,3
OI004045,O014554,M023,3
OI004046,O010594,M076,1
OI004047,O018314,M227,1
OI004048,O003339,M188,3
OI004049,O013647,M208,2
OI004050,O010280,M042,1
OI004051,O004541,M096,1
OI004052,O003783,M192,2
OI004053,O007934,M185,3
OI004054,O010061,M088,3
OI004055,O012120,M197,2
OI004056,O001908,M250,1
OI004057,O010195,M048,1
OI004058,O003801,M064,2
OI004059,O007896,M176,3
OI004060,O010436,M225,3
OI004061,O016127,M247,1
OI004062,O017397,M135,1
OI004063,O017949,M205,3
OI004064,O016166,M056,3
OI004065,O017463,M181,3
OI004066,O002635,M157,3
OI004067,O007145,M155,1
OI004068,O005756,M043,2
OI004069,O006976,M088,1
OI004070,O004310,M020,1
OI004071,O014951,M117,2
OI004072,O001225,M142,1
OI004073,O002953,M243,2
OI004074,O015039,M008,1
OI004075,O017464,M038,3
OI004076,O014291,M099,1
OI004077,O004335,M073,1
OI004078,O006265,M106,1
OI004079,O002359,M048,3
OI004080,O003304,M032,3
OI004081,O003409,M126,2
OI004082,O007777,M105,3
OI004083,O018479,M088,3
OI004084,O009775,M066,1
OI004085,O002929,M011,2
OI004086,O002646,M219,2
OI004087,O002059,M113,1
OI004088,O004353,M117,1
OI004089,O008502,M043,1
OI004090,O015658,M143,1
OI004091,O017163,M026,2
OI004092,O009780,M208,3
OI004093,O000302,M164,1
OI004094,O012503,M138,1
OI004095,O013018,M239,1
OI004096,O019768,M035,2
OI004097,O006382,M162,1
OI004098,O011289,M243,2
OI004099,O007062,M246,1
OI004100,O007345,M167,1
OI004101,O008533,M215,2
OI004102,O012741,M068,2
OI004103,O000657,M230,1
OI004104,O011585,M100,1
OI004105,O016118,M176,3
OI004106,O012240,M102,2
OI004107,O008772,M141,3
OI004108,O000204,M242,2
OI004109,O005740,M141,2
OI004110,O013318,M170,3
OI004111,O006583,M231,1
OI004112,O004187,M089,2
OI004113,O001815,M209,1
OI004114,O017614,M240,1
OI004115,O000802,M206,1
OI004116,O017929,M017,2
OI004117,O006858,M136,3
OI004118,O017417,M107,2
OI004119,O015050,M190,2
OI004120,O006336,M145,3
OI004121,O008562,M035,2
OI004122,O007250,M093,1
OI004123,O014396,M012,1
OI004124,O007614,M103,1
OI004125,O018471,M140,3
OI004126,O001543,M201,3
OI004127,O019532,M137,3
OI004128,O010224,M048,3
OI004129,O004658,M248,1
OI004130,O006983,M145,2
OI004131,O014295,M045,1
OI004132,O013034,M086,2
OI004133,O003692,M137,1
OI004134,O007126,M110,1
OI004135,O007648,M216,3
OI004136,O016666,M176,1
OI004137,O010636,M123,1
OI004138,O010496,M150,2
OI004139,O010387,M196,2
OI004140,O007972,M179,1
OI004141,O013073,M175,2
OI004142,O011070,M070,3
OI004143,O010139,M168,2
OI004144,O016943,M227,2
OI004145,O010322,M009,1
OI004146,O019966,M165,3
OI004147,O016425,M100,2
OI004148,O017687,M129,3
OI004149,O007040,M134,3
OI004150,O008057,M155,3
OI004151,O004692,M031,3
OI004152,O011473,M112,2
OI004153,O011663,M137,1
OI004154,O018222,M004,3
OI004155,O016793,M027,3
OI004156,O018975,M033,1
OI004157,O003018,M023,3
OI004158,O007444,M033,2
OI004159,O001092,M161,2
OI004160,O019400,M186,1
OI004161,O012861,M111,2
OI004162,O007752,M045,3
OI004163,O019825,M117,1
OI004164,O005088,M051,1
OI004165,O001162,M012,3
OI004166,O000418,M057,3
OI004167,O003325,M049,3
OI004168,O013645,M114,3
OI004169,O004469,M205,2
OI004170,O010971,M206,2
OI004171,O000284,M207,1
OI004172,O002899,M180,3
OI004173,O012311,M048,3
OI004174,O009770,M124,3
OI004175,O009327,M210,3
OI004176,O012317,M025,1
OI004177,O015403,M243,2
OI004178,O009471,M196,2
OI004179,O006620,M130,2
OI004180,O016702,M242,3
OI004181,O001860,M088,1
OI004182,O017532,M173,2
OI004183,O014434,M055,3
OI004184,O009987,M137,3
OI004185,O001491,M040,3
OI004186,O019294,M222,3
OI004187,O012471,M023,2
OI004188,O000656,M014,3
OI004189,O010361,M130,3
OI004190,O011414,M226,1
OI004191,O002101,M003,1
OI004192,O001096,M075,3
OI004193,O010567,M085,2
OI004194,O003459,M147,3
OI004195,O016001,M224,2
OI004196,O011821,M217,2
OI004197,O003746,M140,3
OI004198,O017478,M076,2
OI004199,O015665,M207,2
OI004200,O019692,M248,1
OI004201,O018415,M155,1
OI004202,O001508,M073,1
OI004203,O000062,M162,2
OI004204,O017524,M095,2
OI004205,O018147,M027,2
OI004206,O008761,M224,3
OI004207,O000501,M186,3
OI004208,O007129,M175,1
OI004209,O008074,M229,1
OI004210,O005801,M040,2
OI004211,O004776,M197,1
OI004212,O004609,M005,2
OI004213,O002800,M131,1
OI004214,O017850,M146,1
OI004215,O018854,M191,1
OI004216,O012972,M013,2
OI004217,O012864,M018,3
OI004218,O011698,M126,2
OI004219,O014034,M018,3
OI004220,O019439,M123,1
OI004221,O010358,M077,3
OI004222,O012597,M071,3
OI004223,O010916,M138,2
OI004224,O009501,M079,2
OI004225,O013831,M070,2
OI004226,O014632,M101,1
OI004227,O013114,M124,2
OI004228,O009476,M228,3
OI004229,O002579,M184,2
OI004230,O012920,M191,2
OI004231,O015582,M119,3
OI004232,O000842,M142,3
OI004233,O014426,M206,2
OI004234,O018174,M224,2
OI004235,O014207,M154,2
OI004236,O005086,M006,2
OI004237,O016341,M137,3
OI004238,O012550,M140,2
OI004239,O009140,M228,3
OI004240,O017876,M069,1
OI004241,O017273,M215,3
OI004242,O013350,M131,1
OI004243,O008241,M028,1
OI004244,O004666,M103,2
OI004245,O010481,M124,1
OI004246,O000592,M080,1
OI004247,O015803,M129,1
OI004248,O001192,M034,2
OI004249,O018768,M190,2
OI004250,O014987,M020,3
OI004251,O014778,M244,2
OI004252,O017798,M093,3
OI004253,O010882,M160,2
OI004254,O002134,M198,3
OI004255,O000289,M108,2
OI004256,O003659,M084,3
OI004257,O004318,M180,2
OI004258,O015822,M124,2
OI004259,O007352,M150,1
OI004260,O008641,M073,2
OI004261,O005390,M086,2
OI004262,O000687,M151,3
OI004263,O005905,M055,3
OI004264,O014068,M144,2
OI004265,O011484,M201,1
OI004266,O011585,M057,3
OI004267,O015142,M017,2
OI004268,O011092,M062,3
OI004269,O015467,M036,1
OI004270,O002922,M250,3
OI004271,O006458,M110,2
OI004272,O016920,M008,1
OI004273,O008388,M081,1
OI004274,O013439,M030,2
OI004275,O014435,M028,3
OI004276,O010839,M084,1
OI004277,O012423,M230,1
OI004278,O009662,M126,1
OI004279,O002980,M111,3
OI004280,O013639,M177,2
OI004281,O007521,M074,2
OI004282,O011204,M173,3
OI004283,O001892,M188,2
OI004284,O010544,M231,1
OI004285,O005817,M162,1
OI004286,O012343,M058,3
OI004287,O019428,M002,3
OI004288,O012891,M135,2
OI004289,O013761,M002,2
OI004290,O007173,M243,1
OI004291,O002674,M162,3
OI004292,O014596,M035,1
OI004293,O005907,M045,3
OI004294,O014404,M190,3
OI004295,O011855,M027,2
OI004296,O018173,M205,3
OI004297,O011908,M070,1
OI004298,O015297,M172,3
OI004299,O019202,M128,3
OI004300,O006822,M046,2
OI004301,O010370,M118,1
OI004302,O010219,M102,3
OI004303,O007586,M021,3
OI004304,O001402,M125,3
OI004305,O000701,M078,2
OI004306,O013960,M082,2
OI004307,O013209,M188,1
OI004308,O015686,M047,1
OI004309,O009741,M127,1
OI004310,O012355,M040,2
OI004311,O016998,M026,2
OI004312,O014837,M178,3
OI004313,O018079,M104,2
OI004314,O006306,M008,2
OI004315,O018930,M171,2
OI004316,O011708,M053,3
OI004317,O006488,M077,2
OI004318,O013995,M060,2
OI004319,O009264,M105,1
OI004320,O019832,M046,1
OI004321,O007543,M023,2
OI004322,O007434,M007,3
OI004323,O013301,M092,1
OI004324,O009720,M122,2
OI004325,O000155,M127,2
OI004326,O015343,M070,3
OI004327,O016067,M247,1
OI004328,O003922,M233,2
OI004329,O003283,M237,2
OI004330,O011114,M113,3
OI004331,O008476,M123,1
OI004332,O018539,M212,2
OI004333,O018457,M012,1
OI004334,O007364,M007,3
OI004335,O016021,M131,1
OI004336,O018733,M002,3
OI004337,O001378,M004,1
OI004338,O012478,M088,3
OI004339,O012542,M247,3
OI004340,O018447,M090,3
OI004341,O016949,M221,3
OI004342,O008085,M123,2
OI004343,O018441,M093,3
OI004344,O017763,M189,2
OI004345,O015544,M129,3
OI004346,O018288,M017,2
OI004347,O002577,M108,2
OI004348,O014828,M185,2
OI004349,O011825,M243,1
OI004350,O018444,M238,3
OI004351,O009029,M220,1
OI004352,O010921,M081,2
OI004353,O012384,M032,1
OI004354,O000924,M021,1
OI004355,O011454,M193,3
OI004356,O001040,M137,2
OI004357,O007638,M170,2
OI004358,O015440,M033,2
OI004359,O017639,M099,2
OI004360,O010257,M124,2
OI004361,O014349,M149,1
OI004362,O011444,M186,3
OI004363,O013437,M217,2
OI004364,O011642,M204,1
OI004365,O004119,M181,1
OI004366,O018276,M190,1
OI004367,O002125,M219,3
OI004368,O016761,M097,2
OI004369,O014432,M026,3
OI004370,O003620,M038,3
OI004371,O002361,M010,2
OI004372,O007905,M107,3
OI004373,O009624,M069,1
OI004374,O006038,M209,1
OI004375,O013908,M140,1
OI004376,O002268,M175,3
OI004377,O009303,M130,3
OI004378,O015297,M130,3
OI004379,O003823,M044,1
OI004380,O014052,M169,3
OI004381,O005694,M090,1
OI004382,O012582,M224,3
OI004383,O015259,M103,1
OI004384,O000692,M154,3
OI004385,O006089,M211,1
OI004386,O013183,M148,3
OI004387,O012993,M240,1
OI004388,O007518,M223,2
OI004389,O013532,M242,1
OI004390,O017167,M042,1
OI004391,O004826,M215,3
OI004392,O000261,M107,2
OI004393,O013039,M078,2
OI004394,O011415,M088,2
OI004395,O017146,M187,2
OI004396,O005550,M244,1
OI004397,O016698,M135,3
OI004398,O019168,M195,2
OI004399,O004945,M034,2
OI004400,O011791,M011,1
OI004401,O005573,M129,1
OI004402,O005793,M027,1
OI004403,O002650,M169,3
OI004404,O007302,M002,2
OI004405,O010130,M133,3
OI004406,O016258,M136,3
OI004407,O002280,M010,1
OI004408,O007345,M041,3
OI004409,O014578,M045,3
OI004410,O017919,M164,3
OI004411,O003365,M232,3
OI004412,O013213,M153,2
OI004413,O014869,M239,3
OI004414,O000506,M243,3
OI004415,O005855,M181,3
OI004416,O001832,M177,2
OI004417,O012167,M015,2
OI004418,O017690,M047,2
OI004419,O009710,M148,3
OI004420,O010419,M226,2
OI004421,O006732,M113,3
OI004422,O012578,M150,3
OI004423,O007538,M062,3
OI004424,O015852,M180,3
OI004425,O003625,M010,1
OI004426,O011142,M189,1
OI004427,O012549,M089,2
OI004428,O002922,M062,1
OI004429,O005167,M070,2
OI004430,O018079,M123,2
OI004431,O000077,M112,1
OI004432,O001248,M072,2
OI004433,O008808,M138,3
OI004434,O008710,M042,1
OI004435,O002840,M126,2
OI004436,O017080,M198,1
OI004437,O014630,M202,3
OI004438,O007583,M143,2
OI004439,O002639,M033,3
OI004440,O014712,M242,3
OI004441,O019011,M080,1
OI004442,O002606,M032,1
OI004443,O010229,M204,2
OI004444,O007483,M005,3
OI004445,O007586,M201,2
OI004446,O002416,M108,2
OI004447,O013207,M049,2
OI004448,O015214,M035,1
OI004449,O010170,M160,1
OI004450,O019885,M145,1
OI004451,O003608,M230,1
OI004452,O007506,M189,3
OI004453,O010338,M177,3
OI004454,O017412,M134,3
OI004455,O005321,M126,3
OI004456,O002101,M085,1
OI004457,O015051,M136,1
OI004458,O003892,M096,1
OI004459,O018780,M073,3
OI004460,O011884,M150,1
OI004461,O014110,M219,2
OI004462,O017605,M198,1
OI004463,O003156,M247,3
OI004464,O005916,M195,2
OI004465,O005251,M040,2
OI004466,O012306,M046,2
OI004467,O010535,M231,2
OI004468,O006715,M058,2
OI004469,O009402,M125,1
OI004470,O008697,M160,3
OI004471,O000555,M177,3
OI004472,O005102,M160,3
OI004473,O007524,M169,3
OI004474,O018496,M136,2
OI004475,O003266,M113,2
OI004476,O012624,M215,1
OI004477,O001856,M101,3
OI004478,O003871,M028,1
OI004479,O000890,M124,3
OI004480,O006608,M224,1
OI004481,O011294,M234,1
OI004482,O009360,M194,1
OI004483,O012106,M206,1
OI004484,O013022,M142,3
OI004485,O002865,M101,2
OI004486,O004025,M025,1
OI004487,O019379,M124,1
OI004488,O017880,M226,3
OI004489,O012319,M246,3
OI004490,O011670,M061,1
OI004491,O011715,M012,1
OI004492,O015288,M116,2
OI004493,O014467,M125,3
OI004494,O009072,M206,1
OI004495,O019924,M130,3
OI004496,O017975,M005,2
OI004497,O017211,M085,3
OI004498,O007135,M085,1
OI004499,O008660,M075,3
OI004500,O007005,M022,3
OI004501,O014254,M062,2
OI004502,O005404,M207,2
OI004503,O013670,M150,2
OI004504,O003448,M077,3
OI004505,O001711,M038,1
OI004506,O013465,M096,1
OI004507,O002841,M083,2
OI004508,O002490,M184,2
OI004509,O006747,M083,1
OI004510,O003836,M080,3
OI004511,O004049,M112,1
OI004512,O004885,M027,2
OI004513,O001196,M179,3
OI004514,O008720,M158,2
OI004515,O007966,M155,1
OI004516,O015693,M196,1
OI004517,O010149,M117,3
OI004518,O016120,M070,3
OI004519,O000933,M013,1
OI004520,O014998,M210,1
OI004521,O005476,M117,2
OI004522,O002121,M061,3
OI004523,O017578,M074,1
OI004524,O013024,M126,2
OI004525,O019798,M060,3
OI004526,O005227,M203,2
OI004527,O015241,M235,2
OI004528,O010590,M065,2
OI004529,O014831,M019,2
OI004530,O019995,M051,2
OI004531,O000103,M123,1
OI004532,O003834,M198,3
OI004533,O006879,M226,2
OI004534,O010353,M149,3
OI004535,O019285,M163,3
OI004536,O007342,M025,1
OI004537,O001425,M187,1
OI004538,O019692,M214,2
OI004539,O008657,M077,2
OI004540,O009540,M073,2
OI004541,O017180,M038,3
OI004542,O002472,M033,2
OI004543,O005117,M237,3
OI004544,O014087,M113,2
OI004545,O016548,M245,1
OI004546,O013305,M104,1
OI004547,O018139,M190,3
OI004548,O004429,M208,1
OI004549,O013401,M248,2
OI004550,O012062,M113,3
OI004551,O019750,M186,3
OI004552,O015031,M102,2
OI004553,O004967,M153,2
OI004554,O018993,M208,1
OI004555,O011062,M250,3
OI004556,O014870,M093,3
OI004557,O011054,M133,2
OI004558,O005839,M192,3
OI004559,O011303,M033,3
OI004560,O015762,M057,3
OI004561,O005806,M215,1
OI004562,O000997,M034,3
OI004563,O012066,M021,1
OI004564,O016904,M132,2
OI004565,O000935,M030,1
OI004566,O000114,M191,2
OI004567,O003949,M126,2
OI004568,O004333,M040,1
OI004569,O014651,M055,2
OI004570,O012785,M074,1
OI004571,O002369,M171,2
OI004572,O015489,M066,3
OI004573,O006474,M145,3
OI004574,O000342,M193,1
OI004575,O004760,M116,2
OI004576,O019843,M134,3
OI004577,O004821,M011,3
OI004578,O002443,M022,2
OI004579,O009562,M061,2
OI004580,O008145,M098,2
OI004581,O010181,M004,3
OI004582,O002762,M052,1
OI004583,O005565,M195,1
OI004584,O009802,M009,2
OI004585,O014290,M173,1
OI004586,O018680,M026,3
OI004587,O003618,M114,1
OI004588,O007919,M175,2
OI004589,O014995,M162,2
OI004590,O004900,M050,1
OI004591,O009784,M021,1
OI004592,O014524,M220,2
OI004593,O001042,M220,2
OI004594,O019883,M233,1
OI004595,O015887,M187,2
OI004596,O018309,M106,3
OI004597,O012683,M115,2
OI004598,O005948,M068,1
OI004599,O006014,M078,2
OI004600,O011026,M228,3
OI004601,O019946,M209,1
OI004602,O016484,M174,1
OI004603,O000750,M202,2
OI004604,O007234,M004,1
OI004605,O004251,M129,3
OI004606,O008982,M121,3
OI004607,O010280,M148,1
OI004608,O013165,M209,1
OI004609,O016136,M099,2
OI004610,O004162,M145,1
OI004611,O017807,M017,1
OI004612,O003401,M247,2
OI004613,O002477,M115,3
OI004614,O007847,M216,2
OI004615,O002050,M169,3
OI004616,O010683,M135,2
OI004617,O008976,M115,1
OI004618,O002496,M101,2
OI004619,O010559,M240,1
OI004620,O004259,M230,1
OI004621,O019398,M125,3
OI004622,O007221,M170,3
OI004623,O010618,M159,2
OI004624,O015882,M100,1
OI004625,O009541,M024,1
OI004626,O009623,M246,3
OI004627,O001826,M063,3
OI004628,O008437,M112,1
OI004629,O009669,M068,3
OI004630,O015053,M097,1
OI004631,O002971,M040,1
OI004632,O007514,M034,2
OI004633,O004074,M058,1
OI004634,O016125,M091,1
OI004635,O017141,M097,2
OI004636,O009344,M027,3
OI004637,O002636,M133,1
OI004638,O007042,M023,1
OI004639,O009524,M197,2
OI004640,O011887,M084,3
OI004641,O013750,M124,2
OI004642,O000141,M066,3
OI004643,O010436,M117,2
OI004644,O010629,M069,1
OI004645,O009867,M103,3
OI004646,O006852,M098,1
OI004647,O001924,M136,2
OI004648,O019411,M069,2
OI004649,O003269,M197,3
OI004650,O016118,M202,2
OI004651,O007863,M069,1
OI004652,O006411,M185,2
OI004653,O012544,M217,3
OI004654,O012204,M167,3
OI004655,O010949,M031,2
OI004656,O012154,M099,1
OI004657,O019122,M250,1
OI004658,O013233,M250,1
OI004659,O016232,M091,1
OI004660,O002439,M023,3
OI004661,O008040,M168,3
OI004662,O012052,M161,2
OI004663,O009652,M140,1
OI004664,O011827,M194,2
OI004665,O005244,M127,2
OI004666,O012540,M223,3
OI004667,O011136,M158,3
OI004668,O005001,M034,3
OI004669,O004801,M035,1
OI004670,O003106,M157,1
OI004671,O018810,M073,2
OI004672,O000956,M151,2
OI004673,O015592,M171,2
OI004674,O016857,M121,1
OI004675,O012706,M058,2
OI004676,O010125,M153,1
OI004677,O006155,M175,2
OI004678,O010067,M057,3
OI004679,O017823,M022,2
OI004680,O008812,M151,1
OI004681,O015655,M116,2
OI004682,O016674,M142,1
OI004683,O004126,M018,1
OI004684,O010750,M089,1
OI004685,O013836,M143,3
OI004686,O003521,M245,2
OI004687,O002489,M097,2
OI004688,O002118,M045,1
OI004689,O010336,M092,3
OI004690,O006280,M162,3
OI004691,O000494,M033,1
OI004692,O003053,M001,3
OI004693,O014263,M119,2
OI004694,O008797,M211,2
OI004695,O005846,M068,3
OI004696,O008994,M208,2
OI004697,O008059,M211,1
OI004698,O007400,M001,2
OI004699,O004504,M165,2
OI004700,O019539,M148,3
OI004701,O003123,M045,1
OI004702,O018691,M027,1
OI004703,O011915,M233,3
OI004704,O019669,M209,2
OI004705,O017056,M137,3
OI004706,O012511,M217,2
OI004707,O000975,M001,2
OI004708,O018882,M190,2
OI004709,O000311,M017,3
OI004710,O014381,M120,3
OI004711,O012877,M237,3
OI004712,O018785,M181,3
OI004713,O000017,M118,3
OI004714,O005775,M044,2
OI004715,O007155,M249,1
OI004716,O012808,M133,3
OI004717,O008521,M143,3
OI004718,O010787,M240,1
OI004719,O016707,M250,2
OI004720,O003223,M068,2
OI004721,O017501,M221,1
OI004722,O015000,M072,2
OI004723,O005001,M045,1
OI004724,O007611,M057,3
OI004725,O001300,M248,3
OI004726,O011455,M174,2
OI004727,O002398,M215,1
OI004728,O002382,M045,3
OI004729,O005709,M218,2
OI004730,O011510,M034,3
OI004731,O006567,M224,2
OI004732,O005836,M156,3
OI004733,O003196,M084,3
OI004734,O012856,M120,3
OI004735,O018233,M072,1
OI004736,O011748,M101,2
OI004737,O010227,M152,3
OI004738,O006035,M143,2
OI004739,O006237,M024,2
OI004740,O010548,M071,3
OI004741,O003714,M177,3
OI004742,O002957,M121,1
OI004743,O014151,M087,2
OI004744,O014144,M033,2
OI004745,O011741,M099,2
OI004746,O003830,M140,2
OI004747,O015518,M048,1
OI004748,O011643,M180,2
OI004749,O018263,M090,1
OI004750,O006109,M170,2
OI004751,O013776,M247,2
OI004752,O019429,M165,2
OI004753,O011007,M006,3
OI004754,O014941,M086,3
OI004755,O001146,M157,1
OI004756,O018831,M062,3
OI004757,O002317,M160,3
OI004758,O016340,M046,3
OI004759,O017226,M199,3
OI004760,O008702,M039,3
OI004761,O014061,M143,1
OI004762,O009545,M024,3
OI004763,O016906,M120,3
OI004764,O018762,M241,3
OI004765,O017444,M229,1
OI004766,O002025,M111,1
OI004767,O009988,M058,2
OI004768,O018362,M085,3
OI004769,O014761,M091,2
OI004770,O003691,M220,1
OI004771,O008517,M046,2
OI004772,O009064,M210,2
OI004773,O016352,M096,1
OI004774,O015461,M135,2
OI004775,O007273,M124,1
OI004776,O002791,M149,2
OI004777,O015674,M081,3
OI004778,O014057,M155,1
OI004779,O001291,M039,1
OI004780,O015146,M121,2
OI004781,O014694,M180,2
OI004782,O002884,M127,1
OI004783,O014219,M226,2
OI004784,O015413,M054,1
OI004785,O010973,M012,1
OI004786,O019219,M066,2
OI004787,O015651,M077,3
OI004788,O012571,M092,3
OI004789,O001082,M136,3
OI004790,O006270,M245,3
OI004791,O006688,M062,2
OI004792,O013561,M132,1
OI004793,O009668,M074,1
OI004794,O015984,M083,1
OI004795,O015442,M173,2
OI004796,O015051,M146,1
OI004797,O019102,M122,2
OI004798,O018978,M108,1
OI004799,O006117,M053,3
OI004800,O003435,M025,2
OI004801,O015731,M241,3
OI004802,O006119,M145,1
OI004803,O000640,M214,1
OI004804,O012806,M045,1
OI004805,O014572,M008,2
OI004806,O013938,M211,1
OI004807,O005692,M117,3
OI004808,O007448,M081,2
OI004809,O008700,M134,1
OI004810,O008636,M038,2
OI004811,O013140,M074,2
OI004812,O008313,M175,1
OI004813,O013793,M219,1
OI004814,O001788,M183,3
OI004815,O011755,M150,3
OI004816,O019148,M080,1
OI004817,O019651,M231,1
OI004818,O018480,M134,1
OI004819,O007635,M173,2
OI004820,O016293,M114,3
OI004821,O008403,M067,1
OI004822,O004835,M234,3
OI004823,O009459,M060,1
OI004824,O010892,M043,1
OI004825,O007991,M103,1
OI004826,O005623,M091,1
OI004827,O019055,M155,1
OI004828,O008885,M048,3
OI004829,O010862,M164,3
OI004830,O009083,M036,1
OI004831,O015428,M003,3
OI004832,O018312,M156,2
OI004833,O014902,M114,2
OI004834,O002256,M072,1
OI004835,O013993,M085,1
OI004836,O001970,M147,3
OI004837,O012095,M218,1
OI004838,O002475,M249,2
OI004839,O011432,M223,1
OI004840,O019735,M211,3
OI004841,O007618,M143,1
OI004842,O006544,M111,1
OI004843,O008719,M023,2
OI004844,O010611,M165,2
OI004845,O003703,M075,2
OI004846,O017733,M099,3
OI004847,O002159,M137,1
OI004848,O003800,M136,2
OI004849,O013406,M023,3
OI004850,O016052,M188,1
OI004851,O000310,M124,3
OI004852,O014803,M227,3
OI004853,O008998,M171,1
OI004854,O013676,M120,2
OI004855,O001784,M049,1
OI004856,O018973,M208,2
OI004857,O017806,M064,3
OI004858,O019651,M213,3
OI004859,O011452,M083,2
OI004860,O015549,M028,2
OI004861,O011217,M123,1
OI004862,O016537,M051,1
OI004863,O009467,M162,2
OI004864,O010491,M235,3
OI004865,O000643,M059,3
OI004866,O004320,M194,2
OI004867,O017833,M141,2
OI004868,O006187,M043,3
OI004869,O019608,M028,3
OI004870,O018327,M078,1
OI004871,O009551,M124,3
OI004872,O014392,M133,3
OI004873,O011479,M158,1
OI004874,O016841,M182,1
OI004875,O005362,M064,1
OI004876,O003890,M084,2
OI004877,O008658,M056,3
OI004878,O009732,M241,2
OI004879,O007410,M105,1
OI004880,O016502,M194,1
OI004881,O004862,M044,2
OI004882,O007916,M025,3
OI004883,O010873,M052,1
OI004884,O016839,M159,1
OI004885,O007780,M091,3
OI004886,O009945,M158,2
OI004887,O019291,M100,1
OI004888,O002320,M070,3
OI004889,O006893,M195,3
OI004890,O002611,M031,1
OI004891,O006448,M010,3
OI004892,O000486,M147,3
OI004893,O001480,M205,3
OI004894,O018871,M234,2
OI004895,O003192,M166,3
OI004896,O002543,M018,2
OI004897,O002354,M179,2
OI004898,O005993,M020,3
OI004899,O010283,M118,1
OI004900,O005835,M011,3
OI004901,O002964,M037,1
OI004902,O019598,M231,2
OI004903,O007325,M119,1
OI004904,O000243,M089,1
OI004905,O016222,M051,1
OI004906,O008446,M056,1
OI004907,O000668,M085,1
OI004908,O014337,M025,1
OI004909,O015798,M247,2
OI004910,O014136,M219,1
OI004911,O009709,M150,3
OI004912,O009345,M179,1
OI004913,O001136,M222,2
OI004914,O008670,M194,1
OI004915,O015552,M007,3
OI004916,O002962,M121,3
OI004917,O000733,M220,3
OI004918,O013563,M140,1
OI004919,O010710,M075,2
OI004920,O017248,M223,1
OI004921,O000891,M106,1
OI004922,O003799,M169,1
OI004923,O016440,M002,3
OI004924,O007304,M217,3
OI004925,O000435,M183,1
OI004926,O019776,M168,1
OI004927,O008405,M221,1
OI004928,O011243,M236,1
OI004929,O015982,M173,1
OI004930,O004999,M205,1
OI004931,O007435,M012,1
OI004932,O015517,M078,1
OI004933,O007902,M140,2
OI004934,O007844,M103,3
OI004935,O003760,M138,1
OI004936,O008427,M241,3
OI004937,O016675,M161,3
OI004938,O019490,M143,2
OI004939,O007337,M214,1
OI004940,O009689,M225,3
OI004941,O008757,M129,1
OI004942,O015523,M115,3
OI004943,O001381,M053,1
OI004944,O010679,M003,1
OI004945,O013435,M090,3
OI004946,O014889,M178,2
OI004947,O013975,M130,1
OI004948,O017764,M049,3
OI004949,O001350,M089,1
OI004950,O012320,M070,3
OI004951,O013696,M042,2
OI004952,O018931,M114,2
OI004953,O016584,M216,2
OI004954,O003172,M153,2
OI004955,O007458,M076,2
OI004956,O008007,M041,3
OI004957,O015652,M046,2
OI004958,O004649,M234,3
OI004959,O007925,M160,2
OI004960,O009993,M108,3
OI004961,O005266,M003,3
OI004962,O017946,M142,1
OI004963,O010434,M109,2
OI004964,O003794,M094,2
OI004965,O001434,M184,1
OI004966,O015017,M003,2
OI004967,O003020,M196,2
OI004968,O003679,M125,3
OI004969,O011397,M226,2
OI004970,O005998,M205,2
OI004971,O017909,M066,1
OI004972,O018643,M071,1
OI004973,O017311,M173,1
OI004974,O006450,M165,2
OI004975,O018822,M144,2
OI004976,O012911,M001,2
OI004977,O015718,M051,2
OI004978,O005814,M046,3
OI004979,O005719,M104,1
OI004980,O014748,M111,1
OI004981,O019640,M181,1
OI004982,O006107,M062,1
OI004983,O011291,M044,3
OI004984,O015492,M009,3
OI004985,O015767,M179,1
OI004986,O013276,M169,1
OI004987,O003908,M174,2
OI004988,O013551,M006,2
OI004989,O006013,M024,1
OI004990,O007242,M212,2
OI004991,O019267,M030,3
OI004992,O009472,M158,3
OI004993,O019361,M102,1
OI004994,O017803,M230,2
OI004995,O004351,M126,3
OI004996,O014485,M231,2
OI004997,O004601,M223,1
OI004998,O001584,M164,1
OI004999,O019751,M242,2
OI005000,O011777,M070,3
OI005001,O002722,M098,2
OI005002,O013352,M026,3
OI005003,O013616,M187,3
OI005004,O007535,M166,1
OI005005,O004384,M029,3
OI005006,O009088,M086,3
OI005007,O014319,M141,3
OI005008,O007759,M102,1
OI005009,O007603,M005,1
OI005010,O013204,M101,2
OI005011,O014233,M128,2
OI005012,O009657,M081,3
OI005013,O002653,M057,3
OI005014,O011395,M211,3
OI005015,O002887,M102,3
OI005016,O011963,M031,1
OI005017,O014814,M009,2
OI005018,O008211,M148,2
OI005019,O005983,M189,1
OI005020,O019307,M230,2
OI005021,O001314,M115,2
OI005022,O000466,M026,1
OI005023,O016426,M162,2
OI005024,O012004,M047,2
OI005025,O012435,M129,2
OI005026,O002864,M152,1
OI005027,O004343,M110,2
OI005028,O008764,M025,1
OI005029,O017498,M131,2
OI005030,O014244,M157,2
OI005031,O008366,M012,1
OI005032,O001666,M006,1
OI005033,O013460,M095,1
OI005034,O017668,M054,1
OI005035,O015830,M081,3
OI005036,O018819,M006,2
OI005037,O007084,M065,3
OI005038,O007153,M125,2
OI005039,O002203,M007,3
OI005040,O003553,M165,3
OI005041,O013627,M174,3
OI005042,O003850,M126,2
OI005043,O011610,M239,1
OI005044,O016470,M196,3
OI005045,O013394,M002,2
OI005046,O016748,M115,2
OI005047,O007873,M035,2
OI005048,O008824,M155,1
OI005049,O014558,M023,1
OI005050,O014428,M214,1
OI005051,O008559,M085,2
OI005052,O002407,M081,2
OI005053,O017439,M008,2
OI005054,O019974,M010,1
OI005055,O001505,M117,2
OI005056,O019813,M187,3
OI005057,O003142,M071,3
OI005058,O005929,M140,2
OI005059,O008848,M045,2
OI005060,O000348,M005,1
OI005061,O019537,M221,3
OI005062,O006757,M194,3
OI005063,O002854,M071,1
OI005064,O006055,M201,1
OI005065,O016762,M080,2
OI005066,O008034,M228,2
OI005067,O005339,M033,3
OI005068,O017395,M021,2
OI005069,O015857,M055,1
OI005070,O019389,M145,1
OI005071,O018050,M030,2
OI005072,O009659,M073,2
OI005073,O016098,M141,2
OI005074,O017796,M110,1
OI005075,O007890,M077,1
OI005076,O014311,M039,2
OI005077,O009023,M131,1
OI005078,O019837,M028,3
OI005079,O006795,M085,1
OI005080,O014784,M120,1
OI005081,O011890,M090,2
OI005082,O007241,M236,1
OI005083,O003335,M056,2
OI005084,O019112,M052,1
OI005085,O009745,M200,3
OI005086,O006023,M003,1
OI005087,O012723,M061,1
OI005088,O018671,M105,1
OI005089,O003279,M240,1
OI005090,O014555,M165,3
OI005091,O014515,M119,1
OI005092,O001113,M090,1
OI005093,O013341,M247,2
OI005094,O006153,M066,3
OI005095,O008091,M002,1
OI005096,O006483,M108,2
OI005097,O007773,M153,1
OI005098,O000391,M037,3
OI005099,O014899,M207,2
OI005100,O018430,M222,2
OI005101,O013988,M180,2
OI005102,O014891,M221,3
OI005103,O013808,M024,1
OI005104,O007316,M035,2
OI005105,O003842,M145,3
OI005106,O015995,M143,2
OI005107,O004526,M118,2
OI005108,O006891,M250,3
OI005109,O015883,M138,3
OI005110,O011519,M194,3
OI005111,O006424,M146,2
OI005112,O018599,M190,1
OI005113,O003831,M239,1
OI005114,O017639,M084,2
OI005115,O002658,M203,2
OI005116,O008235,M099,2
OI005117,O019692,M162,1
OI005118,O019447,M189,1
OI005119,O017471,M022,2
OI005120,O017930,M069,2
OI005121,O008512,M218,2
OI005122,O019649,M162,2
OI005123,O003023,M097,3
OI005124,O019100,M016,1
OI005125,O001672,M003,2
OI005126,O016351,M143,1
OI005127,O017902,M041,2
OI005128,O005961,M080,2
OI005129,O010736,M002,2
OI005130,O015699,M163,1
OI005131,O003048,M093,2
OI005132,O003411,M006,3
OI005133,O000170,M006,1
OI005134,O019743,M028,3
OI005135,O000774,M229,3
OI005136,O000313,M066,1
OI005137,O013983,M034,3
OI005138,O006629,M223,1
OI005139,O003202,M017,2
OI005140,O002401,M192,3
OI005141,O004513,M111,2
OI005142,O010525,M033,3
OI005143,O006557,M085,1
OI005144,O019843,M196,2
OI005145,O019548,M249,1
OI005146,O017674,M005,3
OI005147,O004087,M009,3
OI005148,O011784,M029,1
OI005149,O013966,M164,2
OI005150,O006758,M235,3
OI005151,O013458,M167,1
OI005152,O011685,M107,3
OI005153,O010535,M116,3
OI005154,O015830,M059,2
OI005155,O001076,M055,2
OI005156,O004629,M115,3
OI005157,O003469,M014,1
OI005158,O017386,M191,2
OI005159,O006783,M153,1
OI005160,O006932,M188,3
OI005161,O009528,M147,1
OI005162,O013434,M169,2
OI005163,O006718,M079,2
OI005164,O001035,M153,2
OI005165,O018292,M151,3
OI005166,O009164,M120,2
OI005167,O003093,M235,3
OI005168,O012929,M086,2
OI005169,O019310,M168,2
OI005170,O019367,M218,2
OI005171,O010092,M218,1
OI005172,O004167,M017,1
OI005173,O015778,M001,1
OI005174,O006030,M244,2
OI005175,O006565,M127,2
OI005176,O013621,M155,2
OI005177,O011916,M014,3
OI005178,O007944,M172,1
OI005179,O009187,M097,2
OI005180,O001223,M033,3
OI005181,O013016,M250,2
OI005182,O013678,M180,2
OI005183,O019016,M103,1
OI005184,O018929,M232,1
OI005185,O016816,M073,2
OI005186,O007870,M072,1
OI005187,O005268,M122,2
OI005188,O006773,M055,2
OI005189,O006247,M119,2
OI005190,O004579,M032,3
OI005191,O007328,M097,3
OI005192,O015079,M117,2
OI005193,O018422,M091,2
OI005194,O006352,M153,2
OI005195,O012378,M011,2
OI005196,O018990,M199,1
OI005197,O007106,M139,3
OI005198,O009384,M059,1
OI005199,O007110,M183,2
OI005200,O019169,M057,3
OI005201,O003529,M189,3
OI005202,O001547,M023,2
OI005203,O007004,M181,2
OI005204,O006511,M222,3
OI005205,O003872,M104,3
OI005206,O012357,M148,2
OI005207,O008587,M172,1
OI005208,O015920,M138,1
OI005209,O019862,M028,1
OI005210,O013895,M050,3
OI005211,O010025,M053,3
OI005212,O017786,M064,2
OI005213,O016887,M017,2
OI005214,O014382,M132,3
OI005215,O007423,M147,2
OI005216,O019489,M111,3
OI005217,O003344,M060,3
OI005218,O017355,M248,2
OI005219,O004724,M044,3
OI005220,O010961,M087,1
OI005221,O005746,M129,3
OI005222,O016758,M245,1
OI005223,O010123,M022,1
OI005224,O011786,M079,1
OI005225,O013307,M056,2
OI005226,O012081,M019,1
OI005227,O006974,M030,2
OI005228,O011625,M063,3
OI005229,O019941,M095,2
OI005230,O005635,M179,2
OI005231,O015770,M088,3
OI005232,O019747,M209,1
OI005233,O019484,M049,3
OI005234,O010553,M227,3
OI005235,O010955,M011,1
OI005236,O014883,M045,3
OI005237,O007526,M216,3
OI005238,O001975,M248,3
OI005239,O006909,M248,3
OI005240,O014441,M139,2
OI005241,O002909,M056,2
OI005242,O001851,M079,1
OI005243,O000723,M011,2
OI005244,O005376,M173,1
OI005245,O009337,M022,1
OI005246,O019950,M072,1
OI005247,O008209,M232,3
OI005248,O006882,M202,2
OI005249,O002095,M177,1
OI005250,O009188,M059,3
OI005251,O015925,M143,1
OI005252,O001010,M120,3
OI005253,O018050,M227,1
OI005254,O001490,M232,2
OI005255,O001478,M044,1
OI005256,O011079,M080,1
OI005257,O016431,M167,3
OI005258,O004496,M101,2
OI005259,O006516,M178,3
OI005260,O010187,M199,2
OI005261,O001647,M206,1
OI005262,O002190,M010,1
OI005263,O009580,M250,1
OI005264,O017533,M009,3
OI005265,O011974,M169,3
OI005266,O007295,M101,3
OI005267,O013737,M121,2
OI005268,O006768,M057,2
OI005269,O009231,M110,2
OI005270,O013328,M171,2
OI005271,O006055,M198,3
OI005272,O006609,M114,3
OI005273,O015719,M196,1
OI005274,O013737,M240,3
OI005275,O008876,M028,2
OI005276,O014577,M167,1
OI005277,O002881,M130,3
OI005278,O010971,M037,1
OI005279,O008200,M171,3
OI005280,O008040,M218,2
OI005281,O018165,M224,3
OI005282,O003098,M115,1
OI005283,O018310,M105,1
OI005284,O001892,M245,3
OI005285,O019386,M021,1
OI005286,O009980,M081,2
OI005287,O007155,M247,1
OI005288,O009142,M224,3
OI005289,O017403,M192,1
OI005290,O011667,M090,3
OI005291,O001789,M093,3
OI005292,O008952,M222,1
OI005293,O011200,M057,2
OI005294,O012438,M052,2
OI005295,O002232,M169,1
OI005296,O013890,M248,2
OI005297,O016744,M144,2
OI005298,O003150,M078,1
OI005299,O002760,M021,2
OI005300,O009577,M187,1
OI005301,O002502,M250,1
OI005302,O014858,M001,3
OI005303,O006300,M021,1
OI005304,O004426,M014,2
OI005305,O005267,M199,2
OI005306,O018817,M078,1
OI005307,O008592,M012,2
OI005308,O001875,M215,1
OI005309,O010853,M236,2
OI005310,O007805,M074,2
OI005311,O019494,M156,3
OI005312,O009590,M198,3
OI005313,O004689,M002,1
OI005314,O008674,M007,2
OI005315,O011989,M061,1
OI005316,O004872,M147,3
OI005317,O016945,M103,2
OI005318,O009165,M215,2
OI005319,O018590,M047,2
OI005320,O009442,M141,3
OI005321,O016306,M051,3
OI005322,O012120,M186,2
OI005323,O000146,M129,1
OI005324,O007200,M075,1
OI005325,O015646,M180,2
OI005326,O005700,M023,1
OI005327,O002981,M051,2
OI005328,O015482,M165,3
OI005329,O004465,M090,3
OI005330,O002845,M076,3
OI005331,O011864,M117,1
OI005332,O005840,M062,2
OI005333,O014259,M177,2
OI005334,O003370,M109,1
OI005335,O003899,M218,2
OI005336,O003735,M038,3
OI005337,O018162,M155,1
OI005338,O018016,M064,2
OI005339,O001874,M157,3
OI005340,O008428,M051,2
OI005341,O003182,M141,3
OI005342,O001965,M227,1
OI005343,O012453,M247,2
OI005344,O012593,M203,2
OI005345,O012002,M195,1
OI005346,O014738,M064,1
OI005347,O007022,M127,2
OI005348,O001507,M234,3
OI005349,O009385,M146,3
OI005350,O017454,M213,2
OI005351,O019013,M141,1
OI005352,O011790,M235,2
OI005353,O002028,M136,2
OI005354,O013778,M215,2
OI005355,O001106,M046,1
OI005356,O000066,M239,1
OI005357,O012762,M139,3
OI005358,O009584,M240,2
OI005359,O006175,M094,3
OI005360,O012776,M240,3
OI005361,O009025,M002,2
OI005362,O001990,M065,2
OI005363,O005990,M194,3
OI005364,O001204,M062,2
OI005365,O016179,M228,2
OI005366,O007853,M026,1
OI005367,O010770,M202,2
OI005368,O007726,M004,3
OI005369,O011800,M164,3
OI005370,O015608,M105,3
OI005371,O018213,M042,3
OI005372,O018227,M134,2
OI005373,O006909,M046,3
OI005374,O007532,M211,3
OI005375,O009164,M127,2
OI005376,O007323,M109,3
OI005377,O015282,M209,1
OI005378,O013608,M235,2
OI005379,O001503,M045,1
OI005380,O000880,M098,2
OI005381,O012854,M028,2
OI005382,O006202,M185,3
OI005383,O004582,M205,3
OI005384,O006813,M139,1
OI005385,O001227,M142,1
OI005386,O016240,M141,1
OI005387,O013877,M009,1
OI005388,O019358,M223,2
OI005389,O017323,M065,3
OI005390,O009300,M198,3
OI005391,O004942,M153,3
OI005392,O015677,M031,1
OI005393,O014259,M059,2
OI005394,O010579,M249,3
OI005395,O010220,M128,2
OI005396,O002790,M018,1
OI005397,O000738,M083,3
OI005398,O015331,M052,1
OI005399,O009351,M095,1
OI005400,O005386,M131,1
OI005401,O016178,M044,1
OI005402,O005246,M223,1
OI005403,O009294,M029,3
OI005404,O005315,M080,3
OI005405,O009102,M173,1
OI005406,O005424,M074,3
OI005407,O014770,M225,3
OI005408,O018248,M193,2
OI005409,O002265,M004,2
OI005410,O011437,M087,1
OI005411,O005409,M136,1
OI005412,O009173,M042,3
OI005413,O001501,M205,1
OI005414,O002730,M155,1
OI005415,O009347,M041,2
OI005416,O012460,M191,1
OI005417,O002957,M166,3
OI005418,O009630,M055,3
OI005419,O013436,M015,3
OI005420,O008679,M058,3
OI005421,O005445,M226,1
OI005422,O018104,M226,3
OI005423,O018573,M228,2
OI005424,O003419,M096,1
OI005425,O014571,M197,2
OI005426,O009457,M117,1
OI005427,O014345,M118,3
OI005428,O013116,M138,3
OI005429,O012787,M189,3
OI005430,O009425,M238,2
OI005431,O001491,M026,3
OI005432,O000424,M196,3
OI005433,O019175,M106,1
OI005434,O012305,M002,1
OI005435,O005213,M199,2
OI005436,O007484,M002,1
OI005437,O019988,M138,1
OI005438,O001213,M141,2
OI005439,O002431,M145,1
OI005440,O016980,M169,2
OI005441,O014016,M243,1
OI005442,O014318,M138,2
OI005443,O009889,M157,2
OI005444,O008234,M104,3
OI005445,O007882,M004,1
OI005446,O013961,M150,1
OI005447,O005779,M087,3
OI005448,O003761,M243,2
OI005449,O017108,M052,1
OI005450,O019371,M013,3
OI005451,O016550,M161,1
OI005452,O010621,M155,2
OI005453,O013274,M006,3
OI005454,O019997,M019,3
OI005455,O002986,M027,1
OI005456,O000759,M015,1
OI005457,O019321,M060,3
OI005458,O011988,M170,1
OI005459,O017949,M171,3
OI005460,O002633,M010,3
OI005461,O001632,M186,3
OI005462,O015499,M106,3
OI005463,O009292,M031,2
OI005464,O000390,M109,3
OI005465,O010330,M072,3
OI005466,O007842,M055,1
OI005467,O010576,M173,1
OI005468,O004418,M224,1
OI005469,O005591,M200,2
OI005470,O000214,M239,3
OI005471,O001210,M051,1
OI005472,O000340,M196,1
OI005473,O010041,M199,2
OI005474,O001634,M170,1
OI005475,O014147,M146,2
OI005476,O004044,M130,1
OI005477,O014034,M036,2
OI005478,O007229,M002,2
OI005479,O002479,M220,2
OI005480,O019439,M225,3
OI005481,O010397,M199,2
OI005482,O016754,M129,3
OI005483,O017090,M203,2
OI005484,O005823,M066,2
OI005485,O009681,M109,1
OI005486,O005813,M160,3
OI005487,O013008,M203,1
OI005488,O017722,M114,2
OI005489,O017345,M248,3
OI005490,O005502,M118,3
OI005491,O016065,M131,3
OI005492,O004970,M215,1
OI005493,O001626,M073,3
OI005494,O006994,M089,3
OI005495,O009743,M098,2
OI005496,O009267,M012,2
OI005497,O019779,M207,2
OI005498,O013985,M006,2
OI005499,O009359,M103,3
OI005500,O010371,M060,3
OI005501,O010358,M202,2
OI005502,O011410,M244,3
OI005503,O017789,M037,3
OI005504,O003814,M070,3
OI005505,O004233,M129,1
OI005506,O014267,M094,2
OI005507,O007077,M127,2
OI005508,O019334,M132,3
OI005509,O019186,M148,2
OI005510,O011967,M025,3
OI005511,O014660,M051,3
OI005512,O012329,M006,3
OI005513,O000551,M188,3
OI005514,O002891,M244,2
OI005515,O009022,M249,1
OI005516,O006847,M025,2
OI005517,O008634,M139,1
OI005518,O016551,M206,3
OI005519,O006201,M243,3
OI005520,O011260,M157,2
OI005521,O017271,M105,3
OI005522,O007793,M060,2
OI005523,O000815,M248,3
OI005524,O008940,M208,1
OI005525,O017214,M167,3
OI005526,O008259,M175,2
OI005527,O016417,M211,1
OI005528,O010691,M154,3
OI005529,O003053,M173,3
OI005530,O016564,M071,2
OI005531,O016601,M128,3
OI005532,O005619,M115,3
OI005533,O011088,M239,1
OI005534,O008089,M249,3
OI005535,O009116,M130,1
OI005536,O015880,M079,1
OI005537,O010691,M109,1
OI005538,O015152,M027,2
OI005539,O017939,M242,2
OI005540,O002822,M107,3
OI005541,O010650,M039,3
OI005542,O005285,M088,1
OI005543,O019899,M117,3
OI005544,O014598,M101,1
OI005545,O006670,M057,3
OI005546,O010080,M104,3
OI005547,O016183,M032,2
OI005548,O000493,M132,2
OI005549,O014224,M183,2
OI005550,O002986,M196,3
OI005551,O010932,M022,2
OI005552,O009387,M193,3
OI005553,O000827,M144,1
OI005554,O007771,M194,2
OI005555,O013060,M141,2
OI005556,O007166,M017,3
OI005557,O006804,M223,1
OI005558,O019122,M019,3
OI005559,O004634,M078,3
OI005560,O013808,M070,1
OI005561,O000733,M157,1
OI005562,O002815,M192,3
OI005563,O000382,M242,2
OI005564,O004101,M216,2
OI005565,O018455,M081,1
OI005566,O003461,M120,2
OI005567,O003716,M120,1
OI005568,O008670,M220,1
OI005569,O001219,M187,1
OI005570,O008883,M130,2
OI005571,O016853,M068,2
OI005572,O012116,M163,3
OI005573,O011677,M025,1
OI005574,O014111,M041,2
OI005575,O015637,M141,3
OI005576,O005038,M196,2
OI005577,O014686,M014,2
OI005578,O008802,M071,2
OI005579,O019466,M227,2
OI005580,O016568,M141,1
OI005581,O003376,M243,2
OI005582,O002190,M096,2
OI005583,O012041,M201,3
OI005584,O009522,M140,3
OI005585,O011351,M111,1
OI005586,O004844,M120,1
OI005587,O011992,M149,1
OI005588,O001838,M051,1
OI005589,O007922,M185,3
OI005590,O015829,M014,1
OI005591,O001715,M113,3
OI005592,O005685,M159,2
OI005593,O018744,M152,3
OI005594,O001813,M168,1
OI005595,O013930,M155,2
OI005596,O019207,M179,2
OI005597,O017550,M107,1
OI005598,O009505,M138,3
OI005599,O015964,M005,3
OI005600,O013708,M076,2
OI005601,O014433,M196,1
OI005602,O014356,M004,3
OI005603,O012928,M080,3
OI005604,O013916,M111,1
OI005605,O006994,M089,1
OI005606,O015820,M078,1
OI005607,O005962,M209,2
OI005608,O019682,M011,1
OI005609,O017923,M014,1
OI005610,O002888,M104,2
OI005611,O009666,M169,2
OI005612,O006377,M117,2
OI005613,O003004,M067,2
OI005614,O019133,M011,3
OI005615,O007562,M175,3
OI005616,O002590,M098,1
OI005617,O017501,M225,2
OI005618,O007843,M176,1
OI005619,O010190,M216,2
OI005620,O014565,M157,2
OI005621,O007580,M132,2
OI005622,O008109,M186,1
OI005623,O007036,M188,1
OI005624,O005322,M247,3
OI005625,O007385,M171,2
OI005626,O010635,M212,1
OI005627,O009658,M226,3
OI005628,O015638,M180,2
OI005629,O007111,M050,2
OI005630,O014292,M214,1
OI005631,O002134,M016,1
OI005632,O013409,M106,1
OI005633,O006093,M236,1
OI005634,O006998,M225,3
OI005635,O010725,M229,2
OI005636,O016749,M003,2
OI005637,O004256,M134,1
OI005638,O017328,M123,1
OI005639,O014493,M167,3
OI005640,O016582,M120,2
OI005641,O013295,M208,2
OI005642,O010950,M133,3
OI005643,O005524,M037,1
OI005644,O010171,M226,3
OI005645,O005848,M189,3
OI005646,O018173,M223,3
OI005647,O011977,M066,1
OI005648,O013217,M047,2
OI005649,O008671,M139,1
OI005650,O012002,M235,3
OI005651,O003543,M200,3
OI005652,O005968,M091,2
OI005653,O001428,M185,1
OI005654,O008750,M087,2
OI005655,O007764,M118,3
OI005656,O006381,M112,3
OI005657,O011784,M078,2
OI005658,O014055,M047,3
OI005659,O014144,M102,3
OI005660,O014347,M079,2
OI005661,O002060,M188,1
OI005662,O013561,M043,1
OI005663,O013388,M186,2
OI005664,O019886,M169,1
OI005665,O015438,M115,3
OI005666,O011596,M023,3
OI005667,O006261,M127,2
OI005668,O014138,M001,3
OI005669,O018363,M139,3
OI005670,O011937,M162,3
OI005671,O008398,M147,2
OI005672,O000102,M155,3
OI005673,O011558,M001,2
OI005674,O016791,M204,3
OI005675,O016421,M225,3
OI005676,O014997,M002,2
OI005677,O002749,M109,3
OI005678,O017881,M209,1
OI005679,O000434,M044,3
OI005680,O010103,M177,2
OI005681,O007288,M074,2
OI005682,O014901,M151,1
OI005683,O018257,M112,1
OI005684,O007530,M177,1
OI005685,O009812,M129,3
OI005686,O003601,M074,1
OI005687,O011058,M097,3
OI005688,O001489,M081,1
OI005689,O005210,M240,3
OI005690,O008110,M189,2
OI005691,O016849,M035,1
OI005692,O000892,M032,1
OI005693,O008474,M241,3
OI005694,O003153,M207,2
OI005695,O007638,M100,1
OI005696,O012943,M093,3
OI005697,O013366,M232,1
OI005698,O006079,M220,2
OI005699,O000253,M006,1
OI005700,O010698,M066,3
OI005701,O010809,M197,1
OI005702,O004385,M219,2
OI005703,O007724,M100,2
OI005704,O016859,M110,3
OI005705,O004326,M007,1
OI005706,O011143,M008,2
OI005707,O009396,M058,3
OI005708,O005241,M148,1
OI005709,O017329,M214,3
OI005710,O009083,M014,2
OI005711,O009182,M190,2
OI005712,O007262,M250,2
OI005713,O003112,M069,2
OI005714,O016196,M244,1
OI005715,O015198,M074,1
OI005716,O018691,M182,2
OI005717,O007274,M091,2
OI005718,O006519,M203,3
OI005719,O016109,M002,3
OI005720,O002976,M167,1
OI005721,O012429,M120,1
OI005722,O019494,M179,2
OI005723,O011766,M033,2
OI005724,O005192,M191,2
OI005725,O014187,M082,1
OI005726,O008416,M219,1
OI005727,O005887,M235,2
OI005728,O018185,M027,3
OI005729,O003616,M224,1
OI005730,O018842,M225,1
OI005731,O015451,M226,2
OI005732,O004508,M109,2
OI005733,O005377,M238,2
OI005734,O001384,M104,1
OI005735,O012945,M220,3
OI005736,O018314,M061,1
OI005737,O017004,M211,1
OI005738,O017630,M020,1
OI005739,O009094,M187,2
OI005740,O008492,M112,2
OI005741,O005892,M245,1
OI005742,O006440,M172,3
OI005743,O000913,M214,2
OI005744,O010124,M215,1
OI005745,O016102,M208,1
OI005746,O006529,M017,2
OI005747,O006757,M031,1
OI005748,O005372,M115,3
OI005749,O013519,M136,1
OI005750,O015492,M115,2
OI005751,O015254,M079,3
OI005752,O011911,M090,1
OI005753,O002350,M203,2
OI005754,O016570,M224,3
OI005755,O003028,M066,3
OI005756,O001941,M186,1
OI005757,O009722,M214,3
OI005758,O011113,M139,1
OI005759,O003355,M193,2
OI005760,O012765,M065,3
OI005761,O006035,M034,2
OI005762,O018470,M237,2
OI005763,O016950,M042,1
OI005764,O007680,M133,3
OI005765,O005514,M216,2
OI005766,O008633,M065,3
OI005767,O016822,M113,1
OI005768,O000268,M006,2
OI005769,O016384,M162,2
OI005770,O012622,M207,3
OI005771,O019495,M218,3
OI005772,O019233,M196,3
OI005773,O011012,M036,2
OI005774,O009771,M032,3
OI005775,O005924,M069,3
OI005776,O011687,M044,2
OI005777,O001874,M041,2
OI005778,O012995,M123,3
OI005779,O016184,M193,3
OI005780,O001736,M205,1
OI005781,O015284,M126,1
OI005782,O019538,M244,2
OI005783,O018040,M071,1
OI005784,O019674,M149,3
OI005785,O012426,M144,1
OI005786,O001450,M112,3
OI005787,O019062,M130,2
OI005788,O010316,M091,1
OI005789,O009581,M061,1
OI005790,O002990,M166,1
OI005791,O000633,M021,1
OI005792,O008077,M066,1
OI005793,O007395,M049,3
OI005794,O010613,M243,3
OI005795,O002497,M126,1
OI005796,O018909,M212,3
OI005797,O005486,M170,1
OI005798,O011046,M061,3
OI005799,O002202,M167,1
OI005800,O001756,M236,1
OI005801,O013923,M015,2
OI005802,O002784,M180,3
OI005803,O007006,M147,3
OI005804,O013121,M184,1
OI005805,O018901,M087,1
OI005806,O018780,M003,2
OI005807,O013355,M232,2
OI005808,O008153,M022,1
OI005809,O007232,M004,3
OI005810,O018894,M059,2
OI005811,O016780,M090,3
OI005812,O007887,M138,2
OI005813,O008606,M098,1
OI005814,O011949,M201,3
OI005815,O018218,M004,1
OI005816,O010089,M087,1
OI005817,O014097,M192,2
OI005818,O013419,M163,3
OI005819,O001501,M215,2
OI005820,O002899,M186,1
OI005821,O008292,M210,3
OI005822,O019792,M034,3
OI005823,O004203,M068,1
OI005824,O019125,M021,2
OI005825,O006322,M128,3
OI005826,O017510,M062,3
OI005827,O008767,M136,1
OI005828,O006598,M231,1
OI005829,O012722,M096,2
OI005830,O000376,M193,3
OI005831,O009365,M186,3
OI005832,O011636,M048,3
OI005833,O002585,M244,2
OI005834,O001451,M118,1
OI005835,O008984,M054,1
OI005836,O018407,M153,3
OI005837,O016407,M172,3
OI005838,O019103,M217,3
OI005839,O017929,M114,2
OI005840,O014062,M248,2
OI005841,O000462,M221,2
OI005842,O017155,M081,1
OI005843,O002622,M113,1
OI005844,O017433,M186,3
OI005845,O011462,M097,3
OI005846,O018243,M118,3
OI005847,O018243,M099,3
OI005848,O012054,M179,3
OI005849,O009561,M153,2
OI005850,O006869,M249,1
OI005851,O004502,M171,3
OI005852,O003576,M120,1
OI005853,O015040,M096,1
OI005854,O000926,M032,2
OI005855,O013824,M066,1
OI005856,O000176,M143,1
OI005857,O010636,M116,3
OI005858,O003540,M043,1
OI005859,O009043,M211,1
OI005860,O004554,M153,3
OI005861,O014324,M068,2
OI005862,O010485,M037,2
OI005863,O002083,M233,3
OI005864,O015437,M038,2
OI005865,O008928,M116,1
OI005866,O011032,M093,1
OI005867,O012446,M167,1
OI005868,O018105,M063,2
OI005869,O002799,M153,3
OI005870,O008110,M204,3
OI005871,O016233,M120,2
OI005872,O010112,M149,1
OI005873,O004987,M199,3
OI005874,O007513,M067,1
OI005875,O011728,M158,1
OI005876,O002900,M154,3
OI005877,O006052,M127,1
OI005878,O002453,M084,3
OI005879,O002694,M073,2
OI005880,O019955,M086,1
OI005881,O014778,M026,2
OI005882,O001550,M061,1
OI005883,O008025,M019,3
OI005884,O010844,M237,1
OI005885,O009873,M175,3
OI005886,O007756,M101,1
OI005887,O000872,M024,1
OI005888,O004739,M095,1
OI005889,O004013,M138,1
OI005890,O004904,M186,1
OI005891,O016432,M054,1
OI005892,O019646,M150,2
OI005893,O005300,M153,1
OI005894,O011815,M095,3
OI005895,O001964,M230,2
OI005896,O003859,M081,1
OI005897,O014275,M250,1
OI005898,O016412,M167,1
OI005899,O013688,M072,2
OI005900,O018464,M104,3
OI005901,O018964,M126,1
OI005902,O019336,M035,1
OI005903,O005737,M224,3
OI005904,O014929,M117,3
OI005905,O009738,M055,3
OI005906,O005764,M145,3
OI005907,O008510,M038,2
OI005908,O014344,M094,2
OI005909,O017215,M133,3
OI005910,O017470,M089,3
OI005911,O007929,M125,3
OI005912,O001644,M058,3
OI005913,O000552,M110,3
OI005914,O000714,M154,3
OI005915,O015708,M045,2
OI005916,O018654,M063,1
OI005917,O003986,M067,1
OI005918,O015908,M051,3
OI005919,O016661,M196,2
OI005920,O000200,M129,2
OI005921,O013441,M046,1
OI005922,O017277,M137,3
OI005923,O011718,M026,1
OI005924,O001616,M009,3
OI005925,O003698,M087,2
OI005926,O006904,M211,2
OI005927,O001258,M029,2
OI005928,O004835,M029,3
OI005929,O013725,M172,1
OI005930,O008777,M205,3
OI005931,O014435,M144,2
OI005932,O005282,M233,3
OI005933,O015063,M153,1
OI005934,O008692,M224,1
OI005935,O002481,M151,1
OI005936,O019866,M180,3
OI005937,O001573,M222,1
OI005938,O017669,M208,2
OI005939,O009471,M153,2
OI005940,O007000,M054,2
OI005941,O004016,M074,2
OI005942,O010547,M108,3
OI005943,O018688,M225,1
OI005944,O000387,M171,3
OI005945,O003802,M025,1
OI005946,O011341,M087,3
OI005947,O004590,M088,3
OI005948,O001155,M212,1
OI005949,O019352,M010,1
OI005950,O019338,M067,3
OI005951,O010201,M028,1
OI005952,O008852,M098,2
OI005953,O003840,M116,2
OI005954,O005705,M102,1
OI005955,O001555,M178,2
OI005956,O019153,M037,1
OI005957,O009219,M100,3
OI005958,O008177,M088,1
OI005959,O015519,M149,1
OI005960,O007942,M179,3
OI005961,O013546,M192,1
OI005962,O006453,M046,3
OI005963,O016132,M087,1
OI005964,O000997,M231,2
OI005965,O016837,M214,2
OI005966,O017293,M184,1
OI005967,O008597,M070,3
OI005968,O005769,M070,3
OI005969,O013715,M241,1
OI005970,O008598,M136,1
OI005971,O003292,M133,2
OI005972,O018696,M089,2
OI005973,O001947,M200,2
OI005974,O001842,M161,3
OI005975,O007511,M074,1
OI005976,O017053,M093,1
OI005977,O004239,M038,1
OI005978,O004629,M154,1
OI005979,O015419,M203,2
OI005980,O015377,M018,2
OI005981,O006364,M246,1
OI005982,O011471,M114,3
OI005983,O015954,M247,3
OI005984,O011426,M086,1
OI005985,O014544,M034,1
OI005986,O002145,M080,2
OI005987,O011041,M235,3
OI005988,O001359,M136,1
OI005989,O007706,M085,3
OI005990,O004602,M057,1
OI005991,O002136,M163,3
OI005992,O015114,M244,2
OI005993,O019532,M023,3
OI005994,O001356,M004,3
OI005995,O011320,M109,1
OI005996,O015353,M090,3
OI005997,O011769,M241,3
OI005998,O002692,M167,2
OI005999,O017157,M123,2
OI006000,O018322,M134,2
OI006001,O012471,M156,3
OI006002,O010153,M144,2
OI006003,O006578,M037,1
OI006004,O015281,M140,1
OI006005,O015618,M060,2
OI006006,O011533,M211,2
OI006007,O018074,M203,2
OI006008,O001373,M249,1
OI006009,O000554,M009,3
OI006010,O017624,M131,1
OI006011,O014828,M244,1
OI006012,O018792,M207,3
OI006013,O000639,M203,3
OI006014,O015732,M036,1
OI006015,O011933,M075,3
OI006016,O015170,M088,2
OI006017,O008372,M103,1
OI006018,O010944,M087,2
OI006019,O007444,M002,3
OI006020,O003786,M045,2
OI006021,O007929,M204,2
OI006022,O005123,M145,3
OI006023,O012166,M162,3
OI006024,O010908,M137,2
OI006025,O017109,M074,1
OI006026,O008150,M229,2
OI006027,O004631,M101,3
OI006028,O008253,M071,1
OI006029,O018674,M166,1
OI006030,O015091,M249,1
OI006031,O011878,M073,3
OI006032,O001181,M166,3
OI006033,O001832,M214,2
OI006034,O008399,M240,1
OI006035,O009983,M127,2
OI006036,O019070,M135,3
OI006037,O006330,M066,1
OI006038,O007782,M241,3
OI006039,O000087,M139,3
OI006040,O014807,M056,1
OI006041,O011164,M169,1
OI006042,O014338,M028,2
OI006043,O007699,M170,3
OI006044,O009574,M138,2
OI006045,O011063,M240,3
OI006046,O011981,M227,2
OI006047,O007619,M075,1
OI006048,O003217,M035,3
OI006049,O014579,M196,2
OI006050,O016884,M029,2
OI006051,O002668,M081,1
OI006052,O017373,M162,1
OI006053,O015198,M107,3
OI006054,O007679,M051,1
OI006055,O004998,M142,1
OI006056,O005608,M210,1
OI006057,O018420,M241,1
OI006058,O003764,M102,1
OI006059,O010648,M184,1
OI006060,O007977,M127,3
OI006061,O003272,M051,1
OI006062,O008497,M125,2
OI006063,O014125,M204,1
OI006064,O003647,M109,1
OI006065,O003768,M016,2
OI006066,O011640,M093,3
OI006067,O013631,M227,1
OI006068,O008068,M200,2
OI006069,O001471,M046,1
OI006070,O010041,M091,3
OI006071,O004232,M012,1
OI006072,O008977,M142,3
OI006073,O005216,M115,2
OI006074,O000228,M134,3
OI006075,O012924,M160,3
OI006076,O009969,M063,2
OI006077,O016241,M015,1
OI006078,O015962,M199,1
OI006079,O006906,M231,3
OI006080,O001879,M031,2
OI006081,O010927,M156,3
OI006082,O005176,M150,1
OI006083,O012640,M069,1
OI006084,O018300,M240,2
OI006085,O003820,M069,3
OI006086,O018253,M034,1
OI006087,O013892,M049,3
OI006088,O018870,M026,1
OI006089,O001573,M228,1
OI006090,O017053,M052,1
OI006091,O006692,M034,1
OI006092,O011311,M096,2
OI006093,O008902,M050,3
OI006094,O016369,M186,2
OI006095,O010502,M245,3
OI006096,O007736,M075,1
OI006097,O009849,M245,3
OI006098,O001115,M156,1
OI006099,O003318,M183,1
OI006100,O008459,M190,3
OI006101,O004592,M095,3
OI006102,O010787,M129,1
OI006103,O018025,M250,1
OI006104,O000646,M079,3
OI006105,O005613,M071,3
OI006106,O013973,M206,3
OI006107,O006568,M209,3
OI006108,O004715,M015,1
OI006109,O017142,M218,1
OI006110,O001282,M160,3
OI006111,O007617,M180,3
OI006112,O019536,M205,3
OI006113,O015848,M228,2
OI006114,O018120,M172,3
OI006115,O007163,M084,2
OI006116,O011477,M031,2
OI006117,O006630,M063,2
OI006118,O001856,M029,3
OI006119,O000954,M191,2
OI006120,O003435,M085,2
OI006121,O008768,M101,2
OI006122,O002892,M062,2
OI006123,O016144,M038,2
OI006124,O012668,M085,3
OI006125,O017595,M032,3
OI006126,O003386,M208,1
OI006127,O015829,M078,2
OI006128,O015701,M218,2
OI006129,O015772,M200,2
OI006130,O010462,M100,3
OI006131,O007968,M055,1
OI006132,O013993,M188,1
OI006133,O011892,M226,1
OI006134,O013792,M046,2
OI006135,O014529,M109,2
OI006136,O005769,M189,2
OI006137,O015335,M231,1
OI006138,O005558,M067,3
OI006139,O017259,M158,2
OI006140,O007565,M034,3
OI006141,O015207,M115,2
OI006142,O007244,M157,3
OI006143,O003393,M022,2
OI006144,O015709,M100,1
OI006145,O014329,M091,2
OI006146,O005958,M110,2
OI006147,O005407,M119,2
OI006148,O000620,M164,2
OI006149,O005578,M247,3
OI006150,O006134,M122,3
OI006151,O001590,M072,3
OI006152,O014101,M227,3
OI006153,O014101,M180,1
OI006154,O007474,M033,3
OI006155,O015811,M213,3
OI006156,O003815,M012,2
OI006157,O006523,M050,3
OI006158,O008415,M250,1
OI006159,O015195,M107,1
OI006160,O005009,M208,2
OI006161,O005400,M101,3
OI006162,O008409,M124,1
OI006163,O017760,M091,3
OI006164,O004278,M059,3
OI006165,O005785,M164,3
OI006166,O014347,M136,1
OI006167,O015698,M207,1
OI006168,O002006,M168,1
OI006169,O018491,M204,1
OI006170,O000177,M131,2
OI006171,O017289,M250,3
OI006172,O016182,M116,1
OI006173,O012841,M110,2
OI006174,O003262,M249,3
OI006175,O007138,M024,2
OI006176,O017472,M090,1
OI006177,O011100,M088,2
OI006178,O019355,M213,1
OI006179,O006230,M011,2
OI006180,O011444,M105,2
OI006181,O003083,M201,2
OI006182,O002894,M217,3
OI006183,O002022,M192,1
OI006184,O006804,M240,2
OI006185,O016873,M061,2
OI006186,O016614,M061,1
OI006187,O016026,M192,1
OI006188,O003856,M032,3
OI006189,O012382,M122,2
OI006190,O017569,M036,2
OI006191,O002787,M015,3
OI006192,O019827,M031,3
OI006193,O015926,M047,3
OI006194,O012918,M215,1
OI006195,O007359,M091,2
OI006196,O006696,M175,2
OI006197,O010943,M172,2
OI006198,O019793,M172,3
OI006199,O006456,M079,2
OI006200,O013236,M081,1
OI006201,O012263,M046,1
OI006202,O009189,M082,2
OI006203,O015951,M001,2
OI006204,O004150,M101,3
OI006205,O007899,M072,3
OI006206,O004006,M194,2
OI006207,O018856,M092,1
OI006208,O000422,M163,1
OI006209,O002743,M005,2
OI006210,O000066,M199,2
OI006211,O015946,M175,3
OI006212,O005697,M162,3
OI006213,O012741,M157,3
OI006214,O009283,M181,1
OI006215,O014633,M051,3
OI006216,O011606,M009,1
OI006217,O008728,M083,2
OI006218,O001162,M146,1
OI006219,O001491,M229,1
OI006220,O009125,M203,1
OI006221,O002158,M138,3
OI006222,O018144,M030,3
OI006223,O007174,M178,1
OI006224,O002191,M010,3
OI006225,O011266,M185,2
OI006226,O013725,M176,2
OI006227,O012830,M098,3
OI006228,O005182,M200,2
OI006229,O007912,M245,3
OI006230,O002503,M242,3
OI006231,O017166,M174,3
OI006232,O005536,M021,3
OI006233,O009731,M096,3
OI006234,O002726,M242,3
OI006235,O014662,M032,2
OI006236,O006572,M149,2
OI006237,O001262,M141,3
OI006238,O004437,M235,2
OI006239,O012417,M063,2
OI006240,O013952,M250,3
OI006241,O017550,M078,2
OI006242,O004977,M197,1
OI006243,O012167,M167,2
OI006244,O014975,M009,3
OI006245,O001338,M013,2
OI006246,O012496,M144,2
OI006247,O001623,M211,3
OI006248,O017079,M082,1
OI006249,O000285,M008,2
OI006250,O001351,M123,3
OI006251,O007839,M211,2
OI006252,O011387,M099,1
OI006253,O005211,M209,1
OI006254,O012914,M113,2
OI006255,O003769,M205,3
OI006256,O015802,M075,3
OI006257,O007395,M027,1
OI006258,O007826,M202,1
OI006259,O014051,M173,2
OI006260,O018579,M169,2
OI006261,O017240,M033,2
OI006262,O016946,M054,2
OI006263,O015249,M193,1
OI006264,O014077,M042,1
OI006265,O013483,M215,3
OI006266,O003278,M031,1
OI006267,O019119,M240,3
OI006268,O002579,M051,2
OI006269,O006168,M127,3
OI006270,O013237,M241,2
OI006271,O007011,M160,3
OI006272,O014869,M139,2
OI006273,O006491,M016,2
OI006274,O007624,M148,2
OI006275,O008369,M144,2
OI006276,O004918,M119,3
OI006277,O005689,M053,1
OI006278,O017093,M068,2
OI006279,O008122,M048,2
OI006280,O005275,M179,3
OI006281,O018092,M002,3
OI006282,O000875,M106,2
OI006283,O011299,M027,1
OI006284,O017371,M221,2
OI006285,O003927,M247,1
OI006286,O004032,M082,2
OI006287,O008966,M204,2
OI006288,O016020,M047,2
OI006289,O003591,M043,3
OI006290,O002610,M040,1
OI006291,O001597,M208,2
OI006292,O017419,M011,1
OI006293,O002973,M073,2
OI006294,O002196,M039,1
OI006295,O000053,M144,3
OI006296,O007447,M186,2
OI006297,O004888,M119,3
OI006298,O005202,M216,1
OI006299,O012897,M228,1
OI006300,O006641,M164,1
OI006301,O012501,M028,1
OI006302,O008743,M034,2
OI006303,O013699,M072,2
OI006304,O019702,M039,3
OI006305,O018149,M178,3
OI006306,O008602,M125,1
OI006307,O005093,M216,2
OI006308,O014599,M140,1
OI006309,O013028,M244,1
OI006310,O018230,M241,2
OI006311,O013077,M107,1
OI006312,O012749,M110,2
OI006313,O008884,M004,2
OI006314,O017315,M031,2
OI006315,O015484,M025,2
OI006316,O010640,M242,2
OI006317,O011841,M102,2
OI006318,O013255,M211,3
OI006319,O008576,M035,1
OI006320,O017810,M161,3
OI006321,O018418,M222,3
OI006322,O013521,M205,3
OI006323,O000324,M237,3
OI006324,O005136,M122,2
OI006325,O007422,M048,3
OI006326,O007389,M015,3
OI006327,O001205,M238,2
OI006328,O001263,M193,2
OI006329,O011863,M100,2
OI006330,O011336,M182,3
OI006331,O004029,M137,2
OI006332,O006433,M177,3
OI006333,O018269,M233,2
OI006334,O018457,M092,3
OI006335,O013194,M244,2
OI006336,O005510,M027,3
OI006337,O010286,M219,1
OI006338,O014856,M063,1
OI006339,O007423,M081,1
OI006340,O017412,M117,3
OI006341,O002434,M071,3
OI006342,O012704,M028,2
OI006343,O017259,M084,2
OI006344,O008545,M028,1
OI006345,O008766,M018,3
OI006346,O010842,M108,1
OI006347,O011748,M050,1
OI006348,O014014,M123,3
OI006349,O014346,M153,3
OI006350,O017747,M182,1
OI006351,O002048,M104,2
OI006352,O012266,M158,3
OI006353,O019022,M227,2
OI006354,O000694,M171,3
OI006355,O003844,M085,2
OI006356,O006071,M106,3
OI006357,O010806,M194,1
OI006358,O009448,M119,1
OI006359,O004871,M104,2
OI006360,O001170,M019,2
OI006361,O014008,M072,2
OI006362,O014029,M197,2
OI006363,O016533,M022,1
OI006364,O010827,M019,2
OI006365,O012987,M231,2
OI006366,O016992,M229,1
OI006367,O003056,M042,3
OI006368,O001573,M201,3
OI006369,O010406,M072,1
OI006370,O011665,M138,2
OI006371,O002047,M224,3
OI006372,O009957,M007,1
OI006373,O006602,M217,3
OI006374,O005577,M205,2
OI006375,O007244,M193,3
OI006376,O001386,M119,2
OI006377,O018246,M239,3
OI006378,O016944,M189,3
OI006379,O007288,M192,2
OI006380,O010731,M023,2
OI006381,O015254,M161,3
OI006382,O017298,M072,3
OI006383,O004196,M080,1
OI006384,O006756,M027,2
OI006385,O011568,M221,1
OI006386,O009049,M239,1
OI006387,O004074,M129,3
OI006388,O004749,M109,1
OI006389,O008140,M186,3
OI006390,O002118,M205,3
OI006391,O010807,M037,1
OI006392,O018515,M115,3
OI006393,O014810,M036,1
OI006394,O006765,M180,2
OI006395,O011548,M001,2
OI006396,O019636,M072,1
OI006397,O008918,M158,1
OI006398,O018308,M026,3
OI006399,O010511,M215,2
OI006400,O010248,M244,3
OI006401,O013116,M121,1
OI006402,O016273,M189,1
OI006403,O008830,M248,1
OI006404,O015386,M164,1
OI006405,O012861,M019,1
OI006406,O016681,M172,1
OI006407,O019522,M224,1
OI006408,O019760,M237,2
OI006409,O017586,M074,1
OI006410,O017254,M203,1
OI006411,O005629,M162,2
OI006412,O010853,M189,3
OI006413,O019684,M160,2
OI006414,O010155,M157,1
OI006415,O018059,M240,1
OI006416,O000175,M191,3
OI006417,O013028,M013,1
OI006418,O003670,M007,3
OI006419,O016661,M041,3
OI006420,O007947,M050,2
OI006421,O017867,M192,3
OI006422,O007257,M020,3
OI006423,O007568,M114,3
OI006424,O011272,M035,3
OI006425,O006828,M218,1
OI006426,O001681,M138,2
OI006427,O015434,M124,1
OI006428,O015554,M013,3
OI006429,O015612,M113,1
OI006430,O009388,M086,3
OI006431,O001171,M181,1
OI006432,O007171,M037,2
OI006433,O017250,M244,2
OI006434,O018585,M019,2
OI006435,O017002,M094,3
OI006436,O013770,M098,2
OI006437,O005714,M032,3
OI006438,O013785,M059,1
OI006439,O007748,M160,3
OI006440,O018169,M007,3
OI006441,O004873,M188,2
OI006442,O015411,M134,2
OI006443,O010155,M231,3
OI006444,O007092,M207,3
OI006445,O017689,M072,2
OI006446,O011038,M118,1
OI006447,O005049,M039,2
OI006448,O016860,M166,2
OI006449,O007770,M126,2
OI006450,O003365,M165,1
OI006451,O012589,M226,1
OI006452,O003560,M092,1
OI006453,O000836,M164,2
OI006454,O004195,M081,3
OI006455,O002388,M159,1
OI006456,O008978,M225,1
OI006457,O002019,M102,1
OI006458,O010168,M025,3
OI006459,O017322,M028,2
OI006460,O003598,M249,1
OI006461,O005006,M198,3
OI006462,O004665,M197,1
OI006463,O010444,M135,1
OI006464,O010665,M024,2
OI006465,O015817,M057,3
OI006466,O019056,M080,1
OI006467,O015689,M073,2
OI006468,O001413,M187,3
OI006469,O000277,M076,1
OI006470,O001833,M085,1
OI006471,O005217,M036,3
OI006472,O009900,M173,3
OI006473,O009649,M017,2
OI006474,O000982,M165,3
OI006475,O018430,M212,3
OI006476,O005284,M033,1
OI006477,O001015,M032,3
OI006478,O006868,M082,3
OI006479,O001013,M130,2
OI006480,O007384,M214,3
OI006481,O018592,M058,1
OI006482,O018970,M027,2
OI006483,O016365,M177,3
OI006484,O001106,M119,1
OI006485,O010848,M170,3
OI006486,O004387,M162,3
OI006487,O019751,M091,1
OI006488,O013329,M007,2
OI006489,O013438,M031,2
OI006490,O008019,M156,3
OI006491,O016872,M059,2
OI006492,O012510,M129,2
OI006493,O008084,M024,1
OI006494,O007156,M080,3
OI006495,O011279,M196,2
OI006496,O015146,M161,2
OI006497,O016614,M176,1
OI006498,O019711,M112,2
OI006499,O012994,M008,2
OI006500,O014959,M118,1
OI006501,O016874,M206,1
OI006502,O016584,M164,2
OI006503,O014332,M219,3
OI006504,O011323,M123,3
OI006505,O000832,M178,3
OI006506,O004461,M106,1
OI006507,O010157,M022,2
OI006508,O011342,M084,1
OI006509,O013316,M233,2
OI006510,O009236,M132,2
OI006511,O013543,M103,3
OI006512,O012434,M155,3
OI006513,O011337,M234,1
OI006514,O005936,M228,2
OI006515,O003805,M148,2
OI006516,O019826,M192,3
OI006517,O016478,M009,2
OI006518,O003861,M204,3
OI006519,O011893,M088,3
OI006520,O014755,M186,1
OI006521,O015046,M153,3
OI006522,O002466,M063,1
OI006523,O019327,M180,1
OI006524,O004598,M130,2
OI006525,O014163,M165,3
OI006526,O019182,M206,1
OI006527,O016298,M001,2
OI006528,O001256,M156,3
OI006529,O003659,M167,3
OI006530,O013338,M021,3
OI006531,O017200,M177,3
OI006532,O015845,M036,2
OI006533,O011953,M184,3
OI006534,O016316,M025,1
OI006535,O002160,M012,2
OI006536,O002508,M157,1
OI006537,O000913,M132,3
OI006538,O002164,M209,2
OI006539,O015137,M239,2
OI006540,O015623,M060,2
OI006541,O010813,M074,3
OI006542,O012156,M153,2
OI006543,O014589,M149,1
OI006544,O008646,M245,2
OI006545,O005492,M016,2
OI006546,O011685,M225,1
OI006547,O001548,M141,1
OI006548,O002555,M203,1
OI006549,O001595,M196,3
OI006550,O019650,M015,1
OI006551,O016473,M138,2
OI006552,O013026,M060,2
OI006553,O003827,M155,1
OI006554,O007084,M242,3
OI006555,O007342,M191,2
OI006556,O003806,M050,1
OI006557,O000180,M100,1
OI006558,O007213,M019,3
OI006559,O010785,M177,3
OI006560,O015525,M050,3
OI006561,O008979,M152,1
OI006562,O003504,M128,1
OI006563,O003773,M216,2
OI006564,O012282,M226,3
OI006565,O000147,M076,3
OI006566,O014713,M218,2
OI006567,O019231,M167,1
OI006568,O010903,M227,1
OI006569,O010956,M186,1
OI006570,O004058,M039,1
OI006571,O016665,M214,2
OI006572,O009402,M166,3
OI006573,O000209,M127,3
OI006574,O007545,M017,2
OI006575,O004644,M237,2
OI006576,O012334,M004,3
OI006577,O003982,M060,2
OI006578,O018212,M083,1
OI006579,O004666,M119,3
OI006580,O009188,M172,1
OI006581,O013253,M228,2
OI006582,O019669,M016,2
OI006583,O001259,M075,1
OI006584,O013517,M231,2
OI006585,O019898,M137,2
OI006586,O005555,M026,2
OI006587,O008448,M125,1
OI006588,O004382,M143,2
OI006589,O011677,M179,1
OI006590,O008199,M007,3
OI006591,O011673,M191,3
OI006592,O005639,M099,3
OI006593,O010548,M061,1
OI006594,O011176,M173,3
OI006595,O016654,M010,1
OI006596,O012739,M011,3
OI006597,O007900,M016,1
OI006598,O016150,M208,3
OI006599,O001027,M212,2
OI006600,O015902,M212,1
OI006601,O000668,M078,1
OI006602,O001605,M130,3
OI006603,O015815,M087,1
OI006604,O006763,M205,1
OI006605,O003363,M141,1
OI006606,O019804,M020,2
OI006607,O007227,M149,1
OI006608,O016561,M210,3
OI006609,O010517,M194,2
OI006610,O000142,M152,3
OI006611,O007810,M079,3
OI006612,O019269,M195,3
OI006613,O005978,M071,1
OI006614,O016675,M205,1
OI006615,O009916,M233,3
OI006616,O009709,M187,2
OI006617,O013574,M172,2
OI006618,O008964,M169,2
OI006619,O005972,M003,3
OI006620,O003995,M129,3
OI006621,O019407,M223,2
OI006622,O006224,M017,1
OI006623,O011847,M182,3
OI006624,O014607,M176,3
OI006625,O018165,M014,2
OI006626,O002535,M218,3
OI006627,O008261,M225,2
OI006628,O008488,M068,3
OI006629,O013615,M054,1
OI006630,O019005,M090,3
OI006631,O010907,M088,3
OI006632,O007295,M101,3
OI006633,O005951,M159,2
OI006634,O006341,M071,1
OI006635,O009104,M084,3
OI006636,O014873,M188,2
OI006637,O009272,M134,3
OI006638,O004494,M015,3
OI006639,O002267,M015,2
OI006640,O018285,M031,2
OI006641,O018042,M214,1
OI006642,O002914,M021,2
OI006643,O006533,M179,3
OI006644,O012344,M009,3
OI006645,O014280,M013,2
OI006646,O001410,M229,2
OI006647,O003608,M106,2
OI006648,O017752,M170,2
OI006649,O002081,M199,1
OI006650,O004940,M211,2
OI006651,O008893,M130,1
OI006652,O008674,M155,1
OI006653,O001993,M161,3
OI006654,O004468,M113,3
OI006655,O013929,M110,3
OI006656,O001656,M090,2
OI006657,O010446,M141,1
OI006658,O017624,M018,2
OI006659,O005821,M158,1
OI006660,O012551,M136,1
OI006661,O014114,M249,2
OI006662,O006447,M008,2
OI006663,O012327,M034,2
OI006664,O000863,M164,2
OI006665,O015313,M139,3
OI006666,O014859,M149,3
OI006667,O006680,M086,1
OI006668,O012468,M210,1
OI006669,O017132,M171,1
OI006670,O007579,M072,2
OI006671,O016255,M025,1
OI006672,O016948,M149,3
OI006673,O013843,M187,1
OI006674,O011650,M216,1
OI006675,O006584,M079,1
OI006676,O004239,M175,1
OI006677,O004326,M098,2
OI006678,O006930,M120,2
OI006679,O006248,M133,2
OI006680,O015628,M032,3
OI006681,O015548,M116,3
OI006682,O014960,M193,3
OI006683,O013958,M089,1
OI006684,O006399,M132,2
OI006685,O004825,M050,2
OI006686,O007599,M045,2
OI006687,O005152,M205,3
OI006688,O005318,M178,3
OI006689,O019404,M123,2
OI006690,O010006,M155,3
OI006691,O006827,M030,1
OI006692,O011250,M031,2
OI006693,O016611,M213,1
OI006694,O008041,M065,3
OI006695,O002353,M074,1
OI006696,O019619,M192,1
OI006697,O008840,M240,2
OI006698,O018791,M106,2
OI006699,O002430,M188,1
OI006700,O013483,M116,1
OI006701,O016059,M020,1
OI006702,O003854,M168,2
OI006703,O000323,M127,1
OI006704,O013373,M206,3
OI006705,O011900,M163,2
OI006706,O007023,M148,3
OI006707,O006706,M192,2
OI006708,O006542,M139,3
OI006709,O000124,M016,1
OI006710,O016036,M202,2
OI006711,O005862,M165,1
OI006712,O008941,M226,3
OI006713,O019110,M118,1
OI006714,O007335,M064,2
OI006715,O017697,M108,1
OI006716,O012933,M030,3
OI006717,O013537,M105,2
OI006718,O010549,M100,1
OI006719,O019074,M097,3
OI006720,O019254,M171,1
OI006721,O009501,M104,2
OI006722,O019846,M231,2
OI006723,O018125,M178,1
OI006724,O004861,M192,3
OI006725,O001359,M049,3
OI006726,O007214,M051,2
OI006727,O010151,M007,1
OI006728,O007311,M024,3
OI006729,O007875,M232,1
OI006730,O007377,M204,3
OI006731,O011821,M032,2
OI006732,O003747,M219,3
OI006733,O017352,M156,3
OI006734,O019074,M035,1
OI006735,O013138,M021,1
OI006736,O007502,M099,3
OI006737,O003828,M001,3
OI006738,O003091,M131,2
OI006739,O015844,M085,1
OI006740,O001912,M203,3
OI006741,O001169,M065,3
OI006742,O015210,M213,3
OI006743,O013142,M007,2
OI006744,O003820,M008,1
OI006745,O017404,M132,1
OI006746,O014320,M111,1
OI006747,O009284,M116,3
OI006748,O016083,M105,1
OI006749,O011947,M123,2
OI006750,O018888,M092,1
OI006751,O008823,M079,2
OI006752,O004857,M194,1
OI006753,O017695,M196,1
OI006754,O013199,M186,1
OI006755,O015014,M205,1
OI006756,O004526,M144,1
OI006757,O018590,M022,3
OI006758,O014473,M180,2
OI006759,O003744,M097,3
OI006760,O013631,M054,1
OI006761,O018469,M032,3
OI006762,O007843,M107,1
OI006763,O012569,M216,2
OI006764,O003873,M008,3
OI006765,O017201,M045,2
OI006766,O017464,M237,1
OI006767,O011750,M041,2
OI006768,O005456,M122,3
OI006769,O002964,M148,2
OI006770,O005971,M226,2
OI006771,O017414,M138,2
OI006772,O007911,M094,2
OI006773,O005114,M202,2
OI006774,O015017,M117,2
OI006775,O009067,M242,2
OI006776,O009001,M112,2
OI006777,O012173,M086,2
OI006778,O015322,M062,1
OI006779,O001994,M191,3
OI006780,O012691,M119,3
OI006781,O012297,M172,2
OI006782,O007932,M003,1
OI006783,O000092,M227,1
OI006784,O011916,M049,2
OI006785,O009534,M182,2
OI006786,O003969,M086,1
OI006787,O006296,M106,1
OI006788,O015015,M003,3
OI006789,O001715,M206,3
OI006790,O015824,M082,2
OI006791,O010998,M011,3
OI006792,O017242,M118,1
OI006793,O011843,M154,2
OI006794,O008412,M129,2
OI006795,O016584,M209,2
OI006796,O018818,M071,3
OI006797,O015578,M120,1
OI006798,O006759,M034,1
OI006799,O017167,M086,2
OI006800,O008463,M190,3
OI006801,O011118,M190,3
OI006802,O019055,M139,2
OI006803,O006821,M151,1
OI006804,O017848,M050,1
OI006805,O010467,M114,2
OI006806,O009109,M098,2
OI006807,O006957,M090,2
OI006808,O009694,M097,2
OI006809,O000023,M217,1
OI006810,O001764,M172,1
OI006811,O009269,M060,3
OI006812,O019900,M076,3
OI006813,O011438,M159,1
OI006814,O019567,M156,1
OI006815,O009815,M053,2
OI006816,O012204,M053,3
OI006817,O019375,M210,1
OI006818,O015049,M130,2
OI006819,O004439,M224,1
OI006820,O014593,M048,3
OI006821,O004997,M062,3
OI006822,O015674,M212,3
OI006823,O007669,M048,2
OI006824,O015666,M135,2
OI006825,O003867,M233,2
OI006826,O006066,M128,3
OI006827,O002397,M027,3
OI006828,O019660,M202,2
OI006829,O016155,M195,1
OI006830,O012122,M094,2
OI006831,O000058,M137,1
OI006832,O018586,M094,2
OI006833,O000253,M044,3
OI006834,O015915,M071,1
OI006835,O003520,M227,1
OI006836,O003567,M168,3
OI006837,O013040,M216,2
OI006838,O017774,M190,3
OI006839,O005609,M086,3
OI006840,O003588,M220,2
OI006841,O005078,M157,3
OI006842,O007191,M132,3
OI006843,O017512,M226,3
OI006844,O000088,M034,1
OI006845,O012496,M222,3
OI006846,O006611,M073,2
OI006847,O014533,M215,2
OI006848,O011551,M112,1
OI006849,O006335,M155,3
OI006850,O016117,M155,1
OI006851,O019208,M223,2
OI006852,O018077,M007,3
OI006853,O009674,M238,2
OI006854,O008159,M023,3
OI006855,O008150,M163,1
OI006856,O014794,M123,3
OI006857,O017150,M189,3
OI006858,O004721,M181,3
OI006859,O009866,M212,3
OI006860,O005058,M138,2
OI006861,O012373,M074,3
OI006862,O019134,M131,2
OI006863,O000744,M130,3
OI006864,O017351,M059,3
OI006865,O000851,M003,3
OI006866,O008037,M044,2
OI006867,O007828,M166,3
OI006868,O010037,M178,2
OI006869,O019927,M149,2
OI006870,O019246,M048,2
OI006871,O004850,M065,1
OI006872,O000468,M083,3
OI006873,O011360,M182,2
OI006874,O016632,M080,1
OI006875,O005751,M036,2
OI006876,O003754,M172,2
OI006877,O009504,M249,1
OI006878,O007254,M080,1
OI006879,O008228,M208,3
OI006880,O009163,M106,2
OI006881,O019664,M177,1
OI006882,O009148,M002,1
OI006883,O012633,M127,1
OI006884,O015283,M146,1
OI006885,O008838,M014,1
OI006886,O006597,M060,2
OI006887,O000533,M174,1
OI006888,O004497,M093,2
OI006889,O015717,M017,3
OI006890,O011169,M131,1
OI006891,O017140,M164,1
OI006892,O001120,M034,3
OI006893,O009776,M144,3
OI006894,O008664,M194,1
OI006895,O002677,M015,2
OI006896,O017586,M022,2
OI006897,O004927,M022,1
OI006898,O003800,M246,3
OI006899,O015687,M139,3
OI006900,O010621,M048,1
OI006901,O019204,M169,3
OI006902,O013832,M072,2
OI006903,O014818,M008,1
OI006904,O018627,M003,1
OI006905,O007736,M223,2
OI006906,O001292,M102,2
OI006907,O001154,M028,1
OI006908,O014749,M094,1
OI006909,O008005,M051,1
OI006910,O004391,M213,2
OI006911,O017208,M168,3
OI006912,O015987,M048,1
OI006913,O008988,M191,2
OI006914,O003229,M099,1
OI006915,O004857,M057,3
OI006916,O015045,M231,2
OI006917,O000725,M084,2
OI006918,O006663,M069,1
OI006919,O011314,M209,1
OI006920,O007623,M073,1
OI006921,O014719,M052,1
OI006922,O000678,M051,3
OI006923,O016249,M101,1
OI006924,O011178,M233,2
OI006925,O001086,M024,3
OI006926,O017482,M249,1
OI006927,O018200,M021,2
OI006928,O001099,M167,1
OI006929,O019036,M114,1
OI006930,O017232,M066,2
OI006931,O012224,M068,2
OI006932,O016682,M248,3
OI006933,O010681,M177,3
OI006934,O012356,M179,1
OI006935,O014678,M046,3
OI006936,O003706,M148,2
OI006937,O001596,M170,3
OI006938,O012097,M203,3
OI006939,O002836,M168,3
OI006940,O012719,M100,2
OI006941,O013089,M181,2
OI006942,O015050,M006,3
OI006943,O017400,M112,1
OI006944,O000091,M081,1
OI006945,O002910,M145,2
OI006946,O011071,M065,2
OI006947,O012016,M238,2
OI006948,O002229,M141,1
OI006949,O002866,M210,1
OI006950,O005681,M127,3
OI006951,O017540,M212,3
OI006952,O006854,M144,2
OI006953,O019896,M222,1
OI006954,O009198,M034,2
OI006955,O002606,M068,1
OI006956,O014211,M206,3
OI006957,O017000,M177,3
OI006958,O017355,M189,2
OI006959,O008816,M120,3
OI006960,O005775,M099,2
OI006961,O012143,M246,3
OI006962,O018346,M142,2
OI006963,O008493,M203,2
OI006964,O006952,M172,3
OI006965,O001479,M185,2
OI006966,O016240,M045,2
OI006967,O014305,M233,3
OI006968,O017073,M110,2
OI006969,O005047,M181,2
OI006970,O016594,M201,3
OI006971,O019656,M126,1
OI006972,O007271,M180,1
OI006973,O000762,M046,2
OI006974,O004043,M033,2
OI006975,O012975,M011,1
OI006976,O016121,M247,2
OI006977,O004837,M174,3
OI006978,O016865,M045,2
OI006979,O005765,M152,3
OI006980,O012878,M177,3
OI006981,O003136,M207,1
OI006982,O004860,M096,3
OI006983,O011731,M228,1
OI006984,O009557,M202,2
OI006985,O004059,M108,1
OI006986,O017446,M020,1
OI006987,O014910,M202,1
OI006988,O007244,M096,2
OI006989,O009136,M214,1
OI006990,O011318,M178,2
OI006991,O011789,M093,1
OI006992,O003237,M006,1
OI006993,O016605,M236,2
OI006994,O006349,M177,3
OI006995,O009550,M156,3
OI006996,O002775,M001,2
OI006997,O016316,M077,1
OI006998,O007360,M130,1
OI006999,O009819,M119,3
OI007000,O014849,M018,3
OI007001,O004249,M199,3
OI007002,O015765,M067,1
OI007003,O005710,M131,2
OI007004,O000623,M120,1
OI007005,O000943,M141,2
OI007006,O017248,M174,2
OI007007,O006979,M097,1
OI007008,O003934,M167,1
OI007009,O009914,M176,1
OI007010,O005910,M242,3
OI007011,O002410,M069,3
OI007012,O016209,M224,3
OI007013,O014038,M214,3
OI007014,O016119,M081,1
OI007015,O008105,M026,3
OI007016,O002683,M102,3
OI007017,O011858,M068,2
OI007018,O015908,M109,2
OI007019,O011016,M059,2
OI007020,O013517,M111,2
OI007021,O005203,M044,1
OI007022,O014316,M170,2
OI007023,O007966,M073,3
OI007024,O013454,M204,2
OI007025,O000330,M007,2
OI007026,O005821,M190,3
OI007027,O016359,M038,1
OI007028,O003333,M088,3
OI007029,O008159,M179,2
OI007030,O005925,M154,3
OI007031,O016861,M204,3
OI007032,O017489,M028,3
OI007033,O011049,M153,3
OI007034,O003065,M081,3
OI007035,O008924,M031,3
OI007036,O014336,M106,3
OI007037,O006939,M150,2
OI007038,O016526,M090,1
OI007039,O012322,M146,3
OI007040,O013609,M204,1
OI007041,O018132,M178,1
OI007042,O015050,M163,1
OI007043,O013173,M064,3
OI007044,O004784,M169,1
OI007045,O019615,M025,3
OI007046,O005977,M178,1
OI007047,O001411,M179,2
OI007048,O015956,M053,1
OI007049,O019820,M247,2
OI007050,O006517,M084,1
OI007051,O015896,M172,1
OI007052,O017303,M155,1
OI007053,O013724,M018,1
OI007054,O011611,M184,1
OI007055,O014631,M083,3
OI007056,O004077,M242,3
OI007057,O001443,M042,1
OI007058,O014735,M019,2
OI007059,O019633,M241,1
OI007060,O010197,M066,2
OI007061,O005360,M025,1
OI007062,O009060,M181,3
OI007063,O005057,M228,3
OI007064,O010610,M013,1
OI007065,O019835,M047,2
OI007066,O013625,M214,1
OI007067,O016387,M066,1
OI007068,O006292,M078,3
OI007069,O000367,M071,1
OI007070,O004110,M123,1
OI007071,O013251,M101,3
OI007072,O009674,M069,3
OI007073,O019082,M055,2
OI007074,O012187,M224,3
OI007075,O018646,M216,1
OI007076,O017072,M140,2
OI007077,O018927,M210,1
OI007078,O016199,M090,3
OI007079,O019854,M068,1
OI007080,O011808,M024,1
OI007081,O014616,M096,1
OI007082,O013677,M222,2
OI007083,O010714,M124,3
OI007084,O017263,M017,1
OI007085,O013869,M189,2
OI007086,O004450,M100,1
OI007087,O014714,M142,1
OI007088,O014181,M201,1
OI007089,O000229,M016,1
OI007090,O010506,M123,1
OI007091,O016625,M027,1
OI007092,O008991,M133,1
OI007093,O018266,M129,3
OI007094,O011569,M080,1
OI007095,O003766,M027,1
OI007096,O003816,M250,1
OI007097,O009189,M032,2
OI007098,O008357,M065,2
OI007099,O009962,M041,2
OI007100,O003019,M103,2
OI007101,O019893,M050,3
OI007102,O011092,M107,3
OI007103,O004809,M026,1
OI007104,O007418,M188,2
OI007105,O006258,M187,1
OI007106,O016782,M044,2
OI007107,O004830,M229,1
OI007108,O017418,M143,2
OI007109,O010886,M143,2
OI007110,O002384,M240,2
OI007111,O004495,M155,3
OI007112,O012662,M122,2
OI007113,O016122,M061,2
OI007114,O007562,M098,1
OI007115,O014328,M238,1
OI007116,O016696,M169,1
OI007117,O011500,M094,2
OI007118,O010751,M221,3
OI007119,O010284,M150,2
OI007120,O001125,M027,2
OI007121,O001181,M235,3
OI007122,O009761,M206,3
OI007123,O007872,M036,2
OI007124,O002609,M156,2
OI007125,O019166,M148,1
OI007126,O002789,M070,3
OI007127,O016127,M130,2
OI007128,O013177,M072,3
OI007129,O010930,M180,2
OI007130,O011005,M186,2
OI007131,O010081,M081,1
OI007132,O009571,M113,2
OI007133,O000504,M164,1
OI007134,O017025,M018,3
OI007135,O006254,M207,3
OI007136,O016449,M206,2
OI007137,O008878,M028,2
OI007138,O001407,M046,1
OI007139,O007595,M250,2
OI007140,O004542,M057,1
OI007141,O001335,M204,1
OI007142,O010679,M163,1
OI007143,O018788,M019,1
OI007144,O004146,M047,3
OI007145,O014572,M215,3
OI007146,O013069,M040,2
OI007147,O003123,M115,3
OI007148,O015971,M043,2
OI007149,O007393,M212,1
OI007150,O010256,M246,1
OI007151,O001780,M052,2
OI007152,O013742,M064,3
OI007153,O011567,M076,3
OI007154,O019977,M183,3
OI007155,O010343,M215,1
OI007156,O017783,M238,2
OI007157,O016484,M058,3
OI007158,O009466,M149,3
OI007159,O010710,M242,3
OI007160,O007428,M198,1
OI007161,O002926,M178,3
OI007162,O011846,M075,1
OI007163,O004614,M239,1
OI007164,O009474,M146,3
OI007165,O002333,M010,1
OI007166,O001165,M132,3
OI007167,O002822,M032,2
OI007168,O005712,M023,2
OI007169,O001316,M022,3
OI007170,O007343,M133,2
OI007171,O007147,M231,1
OI007172,O019951,M234,2
OI007173,O006075,M236,2
OI007174,O010993,M123,3
OI007175,O005944,M200,2
OI007176,O018573,M217,1
OI007177,O017302,M088,3
OI007178,O014467,M196,1
OI007179,O002841,M138,3
OI007180,O005320,M217,3
OI007181,O012889,M074,1
OI007182,O004631,M154,3
OI007183,O000820,M142,3
OI007184,O012734,M072,1
OI007185,O006406,M080,1
OI007186,O016294,M163,2
OI007187,O007777,M245,1
OI007188,O017457,M244,3
OI007189,O002015,M019,2
OI007190,O004268,M200,3
OI007191,O003312,M244,2
OI007192,O006685,M228,3
OI007193,O008941,M017,3
OI007194,O001763,M048,1
OI007195,O019169,M051,3
OI007196,O008237,M158,1
OI007197,O006970,M187,2
OI007198,O003059,M120,2
OI007199,O018148,M154,1
OI007200,O018157,M222,1
OI007201,O015291,M244,1
OI007202,O000938,M041,3
OI007203,O005014,M151,2
OI007204,O015888,M196,3
OI007205,O007845,M180,3
OI007206,O003427,M098,2
OI007207,O011719,M194,2
OI007208,O017524,M005,1
OI007209,O019930,M057,3
OI007210,O002119,M010,3
OI007211,O012289,M215,3
OI007212,O014214,M110,1
OI007213,O006914,M115,3
OI007214,O007940,M102,2
OI007215,O014783,M172,2
OI007216,O013734,M129,1
OI007217,O015385,M077,1
OI007218,O012253,M246,3
OI007219,O016403,M016,1
OI007220,O015213,M015,3
OI007221,O013907,M199,3
OI007222,O010436,M143,3
OI007223,O016318,M201,2
OI007224,O019816,M137,3
OI007225,O006774,M206,2
OI007226,O012357,M077,3
OI007227,O000927,M119,2
OI007228,O010730,M099,3
OI007229,O013835,M012,3
OI007230,O001278,M048,2
OI007231,O017327,M055,2
OI007232,O009787,M013,2
OI007233,O004442,M010,3
OI007234,O016274,M030,3
OI007235,O006516,M224,3
OI007236,O016727,M154,3
OI007237,O012296,M005,3
OI007238,O013176,M050,3
OI007239,O005721,M035,3
OI007240,O015209,M043,3
OI007241,O003964,M116,2
OI007242,O003590,M245,3
OI007243,O008832,M106,2
OI007244,O018898,M141,1
OI007245,O003212,M040,2
OI007246,O008275,M200,3
OI007247,O007704,M122,2
OI007248,O004045,M240,2
OI007249,O015069,M231,2
OI007250,O004654,M151,3
OI007251,O009488,M090,2
OI007252,O011561,M246,3
OI007253,O019026,M112,1
OI007254,O009610,M044,1
OI007255,O002192,M197,3
OI007256,O011819,M058,2
OI007257,O003789,M094,3
OI007258,O005966,M248,1
OI007259,O018206,M180,3
OI007260,O010672,M097,2
OI007261,O010076,M071,2
OI007262,O006198,M184,1
OI007263,O008014,M086,3
OI007264,O006128,M095,3
OI007265,O002433,M095,2
OI007266,O015177,M179,1
OI007267,O015416,M118,2
OI007268,O011369,M184,2
OI007269,O013794,M158,3
OI007270,O015334,M011,1
OI007271,O007248,M111,3
OI007272,O005533,M248,2
OI007273,O010937,M024,2
OI007274,O001211,M179,2
OI007275,O007029,M066,1
OI007276,O018595,M021,1
OI007277,O018353,M043,3
OI007278,O001681,M134,1
OI007279,O016565,M219,2
OI007280,O007491,M022,2
OI007281,O019934,M104,2
OI007282,O014733,M064,1
OI007283,O010468,M068,2
OI007284,O006949,M199,2
OI007285,O012398,M163,2
OI007286,O013734,M032,3
OI007287,O010800,M016,2
OI007288,O015066,M019,3
OI007289,O015873,M018,2
OI007290,O000907,M001,3
OI007291,O001734,M134,3
OI007292,O018320,M083,1
OI007293,O018897,M031,2
OI007294,O007846,M247,1
OI007295,O007517,M076,1
OI007296,O002223,M049,1
OI007297,O016643,M079,2
OI007298,O005566,M174,2
OI007299,O003159,M224,1
OI007300,O019412,M148,2
OI007301,O017439,M114,2
OI007302,O019178,M240,3
OI007303,O011375,M092,1
OI007304,O016031,M105,1
OI007305,O001835,M245,3
OI007306,O017326,M149,2
OI007307,O014907,M082,3
OI007308,O003986,M052,2
OI007309,O006068,M066,1
OI007310,O004600,M087,1
OI007311,O007967,M010,2
OI007312,O012583,M035,3
OI007313,O005697,M082,3
OI007314,O017315,M173,1
OI007315,O015993,M188,1
OI007316,O002860,M206,1
OI007317,O015193,M210,1
OI007318,O016872,M136,3
OI007319,O008804,M042,3
OI007320,O002252,M047,1
OI007321,O018266,M082,3
OI007322,O006201,M107,3
OI007323,O013884,M171,3
OI007324,O008782,M081,3
OI007325,O009246,M177,1
OI007326,O004124,M058,2
OI007327,O011369,M109,2
OI007328,O011022,M027,2
OI007329,O012554,M036,3
OI007330,O002100,M089,2
OI007331,O003839,M132,3
OI007332,O000497,M025,2
OI007333,O008919,M089,3
OI007334,O015591,M246,2
OI007335,O018876,M044,2
OI007336,O004281,M125,3
OI007337,O007755,M124,3
OI007338,O005139,M169,2
OI007339,O018598,M175,2
OI007340,O015157,M235,1
OI007341,O015001,M211,1
OI007342,O004619,M157,3
OI007343,O007701,M093,1
OI007344,O001258,M159,3
OI007345,O009440,M050,2
OI007346,O002475,M156,2
OI007347,O015234,M202,3
OI007348,O007940,M098,2
OI007349,O013341,M008,2
OI007350,O019661,M228,3
OI007351,O010937,M055,1
OI007352,O000728,M091,2
OI007353,O019723,M084,3
OI007354,O006439,M047,2
OI007355,O006731,M217,1
OI007356,O002044,M110,1
OI007357,O018554,M007,3
OI007358,O006272,M243,2
OI007359,O017690,M005,1
OI007360,O007226,M218,1
OI007361,O010062,M117,3
OI007362,O019803,M055,3
OI007363,O006625,M139,1
OI007364,O011398,M207,2
OI007365,O002066,M110,2
OI007366,O007465,M199,3
OI007367,O007226,M214,2
OI007368,O009332,M217,1
OI007369,O003516,M116,2
OI007370,O012244,M149,1
OI007371,O014871,M219,2
OI007372,O010757,M069,2
OI007373,O011466,M084,2
OI007374,O007971,M058,2
OI007375,O013718,M051,2
OI007376,O001202,M189,1
OI007377,O019499,M194,2
OI007378,O007607,M183,1
OI007379,O001137,M051,1
OI007380,O017161,M148,3
OI007381,O003113,M058,2
OI007382,O007482,M242,2
OI007383,O006780,M180,1
OI007384,O002323,M071,2
OI007385,O006024,M130,3
OI007386,O007632,M141,2
OI007387,O018083,M190,3
OI007388,O001750,M125,2
OI007389,O017914,M149,1
OI007390,O004891,M176,2
OI007391,O003155,M160,3
OI007392,O001621,M052,3
OI007393,O008056,M236,1
OI007394,O015750,M139,2
OI007395,O011261,M191,2
OI007396,O006236,M020,3
OI007397,O004052,M082,1
OI007398,O000681,M212,3
OI007399,O004177,M153,1
OI007400,O016211,M076,3
OI007401,O003875,M153,2
OI007402,O000894,M093,3
OI007403,O007489,M122,3
OI007404,O012824,M217,2
OI007405,O004847,M088,2
OI007406,O009871,M232,3
OI007407,O004878,M120,2
OI007408,O005172,M012,3
OI007409,O003969,M238,3
OI007410,O016520,M059,3
OI007411,O019217,M175,2
OI007412,O008382,M042,1
OI007413,O016638,M097,3
OI007414,O007755,M144,2
OI007415,O012957,M016,2
OI007416,O014242,M052,1
OI007417,O006928,M216,1
OI007418,O012134,M062,3
OI007419,O004553,M157,1
OI007420,O013020,M175,3
OI007421,O001766,M026,1
OI007422,O006535,M029,1
OI007423,O013161,M225,3
OI007424,O015852,M148,1
OI007425,O001005,M182,2
OI007426,O014239,M099,1
OI007427,O018269,M166,3
OI007428,O010301,M020,2
OI007429,O003171,M100,3
OI007430,O014392,M042,1
OI007431,O003060,M099,1
OI007432,O014596,M043,2
OI007433,O000920,M231,2
OI007434,O011011,M191,3
OI007435,O005306,M146,2
OI007436,O017703,M156,3
OI007437,O000547,M122,3
OI007438,O007496,M034,3
OI007439,O017787,M129,1
OI007440,O010822,M162,1
OI007441,O017341,M189,2
OI007442,O014244,M128,3
OI007443,O013520,M165,3
OI007444,O004134,M168,3
OI007445,O008753,M053,2
OI007446,O010013,M175,2
OI007447,O004359,M161,2
OI007448,O001226,M064,3
OI007449,O007641,M094,2
OI007450,O010977,M176,1
OI007451,O016078,M055,2
OI007452,O013284,M211,2
OI007453,O001575,M132,1
OI007454,O002294,M110,2
OI007455,O016498,M213,3
OI007456,O007236,M178,3
OI007457,O018743,M174,1
OI007458,O015626,M246,3
OI007459,O007180,M192,2
OI007460,O013033,M141,1
OI007461,O007157,M247,3
OI007462,O013907,M076,2
OI007463,O018079,M092,2
OI007464,O004741,M095,3
OI007465,O012009,M055,2
OI007466,O011144,M168,2
OI007467,O011517,M010,2
OI007468,O019063,M013,3
OI007469,O004233,M150,3
OI007470,O007083,M012,1
OI007471,O000732,M052,1
OI007472,O014575,M150,2
OI007473,O004333,M115,2
OI007474,O019883,M103,2
OI007475,O002285,M239,3
OI007476,O013100,M194,2
OI007477,O005125,M001,1
OI007478,O015155,M242,1
OI007479,O011983,M205,3
OI007480,O002815,M061,3
OI007481,O017307,M081,2
OI007482,O009353,M174,3
OI007483,O005765,M071,1
OI007484,O017480,M080,1
OI007485,O018064,M237,2
OI007486,O007046,M157,1
OI007487,O005011,M233,1
OI007488,O005993,M022,1
OI007489,O008817,M075,2
OI007490,O011147,M039,1
OI007491,O009144,M167,3
OI007492,O013628,M069,2
OI007493,O006448,M009,3
OI007494,O019693,M142,3
OI007495,O012546,M011,1
OI007496,O011153,M040,3
OI007497,O019260,M231,2
OI007498,O009760,M244,1
OI007499,O003509,M028,3
OI007500,O002927,M132,1
OI007501,O011756,M204,1
OI007502,O000241,M094,3
OI007503,O016229,M063,1
OI007504,O009040,M143,1
OI007505,O004767,M116,1
OI007506,O017867,M049,2
OI007507,O002884,M233,1
OI007508,O011900,M120,2
OI007509,O008473,M093,1
OI007510,O004165,M017,1
OI007511,O013223,M137,2
OI007512,O008665,M116,2
OI007513,O006176,M003,3
OI007514,O003227,M195,2
OI007515,O006843,M191,3
OI007516,O010132,M089,1
OI007517,O002492,M189,1
OI007518,O011678,M227,1
OI007519,O017880,M189,1
OI007520,O018025,M149,1
OI007521,O014378,M230,3
OI007522,O016277,M026,2
OI007523,O004559,M142,3
OI007524,O017931,M169,1
OI007525,O016710,M083,1
OI007526,O002860,M052,1
OI007527,O018489,M026,2
OI007528,O001315,M153,3
OI007529,O012045,M171,3
OI007530,O004038,M097,1
OI007531,O018080,M006,2
OI007532,O001369,M227,2
OI007533,O010312,M138,2
OI007534,O012796,M084,3
OI007535,O002892,M239,3
OI007536,O006539,M245,1
OI007537,O019606,M214,1
OI007538,O002415,M042,1
OI007539,O002129,M168,2
OI007540,O008353,M222,2
OI007541,O006619,M119,2
OI007542,O007593,M201,2
OI007543,O004852,M054,1
OI007544,O003532,M055,2
OI007545,O008210,M112,2
OI007546,O012856,M225,3
OI007547,O009588,M049,2
OI007548,O004648,M183,2
OI007549,O005213,M187,2
OI007550,O012118,M092,3
OI007551,O017008,M008,2
OI007552,O004476,M042,3
OI007553,O015926,M115,2
OI007554,O001920,M155,2
OI007555,O019146,M095,1
OI007556,O003502,M088,2
OI007557,O017671,M088,3
OI007558,O001161,M184,2
OI007559,O002303,M141,2
OI007560,O003913,M188,3
OI007561,O004563,M201,2
OI007562,O001302,M167,2
OI007563,O016655,M165,3
OI007564,O014106,M196,1
OI007565,O015557,M249,3
OI007566,O007587,M233,1
OI007567,O015128,M008,1
OI007568,O018947,M165,2
OI007569,O019015,M227,3
OI007570,O003901,M086,3
OI007571,O007266,M221,3
OI007572,O001093,M149,1
OI007573,O007898,M114,2
OI007574,O008075,M004,3
OI007575,O003921,M046,3
OI007576,O004778,M140,1
OI007577,O007061,M187,1
OI007578,O009079,M173,1
OI007579,O007092,M071,1
OI007580,O001751,M083,1
OI007581,O013003,M055,2
OI007582,O013899,M221,3
OI007583,O012466,M019,3
OI007584,O001925,M034,2
OI007585,O000412,M132,2
OI007586,O004962,M207,1
OI007587,O014949,M135,2
OI007588,O013561,M023,3
OI007589,O003973,M087,1
OI007590,O012508,M051,1
OI007591,O019441,M073,2
OI007592,O004670,M078,2
OI007593,O004248,M109,3
OI007594,O010884,M073,3
OI007595,O002516,M243,1
OI007596,O008941,M162,3
OI007597,O018346,M011,2
OI007598,O014320,M069,3
OI007599,O019378,M084,3
OI007600,O009587,M102,3
OI007601,O018828,M010,3
OI007602,O005851,M128,3
OI007603,O019431,M106,3
OI007604,O013749,M058,3
OI007605,O003308,M194,2
OI007606,O016158,M179,1
OI007607,O014482,M194,2
OI007608,O004930,M031,2
OI007609,O008669,M172,1
OI007610,O008484,M134,3
OI007611,O015539,M173,3
OI007612,O018181,M116,3
OI007613,O002932,M075,3
OI007614,O008082,M151,1
OI007615,O015102,M103,3
OI007616,O018343,M118,3
OI007617,O016039,M219,3
OI007618,O006260,M033,1
OI007619,O016950,M167,2
OI007620,O005521,M244,3
OI007621,O012180,M145,3
OI007622,O019286,M022,1
OI007623,O016535,M015,1
OI007624,O017056,M067,1
OI007625,O011808,M209,3
OI007626,O013036,M134,3
OI007627,O014138,M017,2
OI007628,O015628,M249,1
OI007629,O009996,M185,3
OI007630,O000522,M164,3
OI007631,O003304,M064,2
OI007632,O010576,M094,3
OI007633,O010375,M005,3
OI007634,O016571,M127,1
OI007635,O016316,M135,1
OI007636,O005090,M100,1
OI007637,O019188,M244,3
OI007638,O006775,M105,2
OI007639,O015319,M190,1
OI007640,O000957,M208,1
OI007641,O002815,M227,3
OI007642,O012552,M223,3
OI007643,O007047,M008,2
OI007644,O018726,M092,3
OI007645,O014621,M081,3
OI007646,O002633,M159,2
OI007647,O009453,M047,3
OI007648,O016374,M143,3
OI007649,O013453,M130,2
OI007650,O010591,M102,1
OI007651,O017286,M098,1
OI007652,O000838,M070,2
OI007653,O019617,M180,3
OI007654,O018513,M035,3
OI007655,O010769,M232,1
OI007656,O012587,M138,2
OI007657,O013472,M178,1
OI007658,O007025,M105,2
OI007659,O014183,M186,1
OI007660,O011524,M151,1
OI007661,O018250,M009,2
OI007662,O006113,M192,3
OI007663,O008054,M139,3
OI007664,O018612,M130,1
OI007665,O009606,M145,3
OI007666,O010949,M162,3
OI007667,O011205,M102,3
OI007668,O005664,M044,2
OI007669,O000958,M037,1
OI007670,O006631,M128,1
OI007671,O010412,M090,1
OI007672,O014062,M065,2
OI007673,O006719,M183,1
OI007674,O001657,M161,2
OI007675,O015119,M217,3
OI007676,O010907,M016,3
OI007677,O007314,M216,2
OI007678,O014221,M046,2
OI007679,O005463,M127,1
OI007680,O012951,M211,3
OI007681,O016386,M204,2
OI007682,O013371,M179,3
OI007683,O005568,M043,1
OI007684,O011285,M155,2
OI007685,O019715,M160,3
OI007686,O007707,M105,2
OI007687,O010131,M059,3
OI007688,O016214,M084,3
OI007689,O004158,M054,2
OI007690,O006854,M085,2
OI007691,O012192,M206,1
OI007692,O014766,M043,3
OI007693,O011746,M019,1
OI007694,O018244,M131,3
OI007695,O012452,M024,1
OI007696,O009086,M112,1
OI007697,O003559,M057,1
OI007698,O006339,M039,3
OI007699,O016216,M061,2
OI007700,O019037,M132,1
OI007701,O019741,M218,1
OI007702,O003274,M123,2
OI007703,O007625,M218,1
OI007704,O005626,M171,1
OI007705,O013733,M111,1
OI007706,O003698,M120,3
OI007707,O004789,M122,2
OI007708,O007100,M242,2
OI007709,O008378,M005,2
OI007710,O008654,M113,1
OI007711,O007740,M212,1
OI007712,O004872,M246,1
OI007713,O011729,M050,1
OI007714,O006471,M079,1
OI007715,O007128,M019,1
OI007716,O017067,M235,2
OI007717,O016053,M185,3
OI007718,O014223,M180,2
OI007719,O000567,M010,2
OI007720,O008069,M217,2
OI007721,O007365,M244,3
OI007722,O011079,M193,3
OI007723,O003220,M133,1
OI007724,O015229,M025,1
OI007725,O004301,M129,3
OI007726,O007484,M205,3
OI007727,O015911,M045,3
OI007728,O016793,M100,3
OI007729,O010206,M089,3
OI007730,O015951,M057,1
OI007731,O017318,M244,3
OI007732,O004309,M238,1
OI007733,O003457,M170,2
OI007734,O015785,M243,3
OI007735,O005197,M196,3
OI007736,O011199,M119,3
OI007737,O003914,M228,3
OI007738,O008577,M231,1
OI007739,O017829,M076,2
OI007740,O016140,M203,1
OI007741,O011859,M167,1
OI007742,O005936,M103,3
OI007743,O009784,M051,2
OI007744,O012310,M229,1
OI007745,O012587,M081,3
OI007746,O010086,M203,1
OI007747,O018704,M001,2
OI007748,O003906,M034,1
OI007749,O005504,M217,3
OI007750,O006621,M009,2
OI007751,O011561,M115,3
OI007752,O015745,M161,2
OI007753,O000348,M213,3
OI007754,O011765,M238,1
OI007755,O008313,M223,2
OI007756,O008866,M150,2
OI007757,O018180,M216,2
OI007758,O007453,M076,1
OI007759,O011090,M076,2
OI007760,O002157,M189,1
OI007761,O007191,M186,3
OI007762,O007528,M062,3
OI007763,O012173,M065,2
OI007764,O004429,M136,2
OI007765,O015261,M133,2
OI007766,O014517,M118,2
OI007767,O016019,M204,3
OI007768,O006221,M171,1
OI007769,O005311,M034,2
OI007770,O002370,M223,2
OI007771,O002407,M032,2
OI007772,O015011,M164,3
OI007773,O017159,M037,2
OI007774,O005411,M027,2
OI007775,O000340,M016,1
OI007776,O014768,M210,3
OI007777,O015758,M234,1
OI007778,O010803,M107,1
OI007779,O012201,M144,3
OI007780,O001868,M035,1
OI007781,O016730,M250,2
OI007782,O007285,M111,2
OI007783,O005930,M029,3
OI007784,O015459,M105,1
OI007785,O005580,M130,1
OI007786,O013277,M189,3
OI007787,O012242,M093,1
OI007788,O004099,M045,3
OI007789,O009121,M229,3
OI007790,O004749,M096,2
OI007791,O015243,M069,1
OI007792,O015254,M212,3
OI007793,O005685,M006,3
OI007794,O000375,M231,2
OI007795,O007222,M041,1
OI007796,O001794,M200,1
OI007797,O008976,M093,2
OI007798,O013385,M036,1
OI007799,O002476,M127,1
OI007800,O014127,M087,3
OI007801,O003925,M005,3
OI007802,O017252,M020,2
OI007803,O014254,M087,2
OI007804,O000257,M101,1
OI007805,O003223,M178,2
OI007806,O006354,M051,3
OI007807,O000581,M242,2
OI007808,O019643,M193,3
OI007809,O011955,M118,2
OI007810,O007436,M011,3
OI007811,O012844,M161,2
OI007812,O007367,M111,1
OI007813,O015609,M151,1
OI007814,O000210,M015,2
OI007815,O000281,M067,1
OI007816,O009866,M148,3
OI007817,O013074,M018,1
OI007818,O002095,M169,2
OI007819,O010423,M016,1
OI007820,O010257,M054,1
OI007821,O000687,M073,1
OI007822,O008913,M149,1
OI007823,O005119,M166,2
OI007824,O018503,M059,3
OI007825,O008472,M057,3
OI007826,O016562,M207,2
OI007827,O000728,M124,3
OI007828,O005843,M114,3
OI007829,O011423,M091,3
OI007830,O004635,M051,1
OI007831,O011707,M186,2
OI007832,O007057,M024,1
OI007833,O003773,M168,1
OI007834,O001929,M049,3
OI007835,O016471,M040,2
OI007836,O009149,M007,1
OI007837,O007169,M247,1
OI007838,O006764,M024,3
OI007839,O002540,M102,1
OI007840,O017784,M010,1
OI007841,O009618,M054,1
OI007842,O015466,M197,1
OI007843,O018769,M241,2
OI007844,O007517,M027,1
OI007845,O004131,M105,1
OI007846,O000921,M001,3
OI007847,O009691,M029,1
OI007848,O015721,M174,2
OI007849,O005012,M053,2
OI007850,O001708,M205,2
OI007851,O008868,M083,3
OI007852,O002730,M075,1
OI007853,O009633,M075,2
OI007854,O019484,M029,1
OI007855,O000997,M088,2
OI007856,O005352,M093,1
OI007857,O000158,M119,1
OI007858,O001672,M226,2
OI007859,O013425,M091,1
OI007860,O001643,M185,3
OI007861,O018381,M229,3
OI007862,O011252,M056,1
OI007863,O008948,M105,3
OI007864,O001209,M231,1
OI007865,O017275,M003,3
OI007866,O016115,M196,2
OI007867,O012528,M007,1
OI007868,O005052,M152,3
OI007869,O008486,M189,2
OI007870,O002519,M041,3
OI007871,O015256,M017,2
OI007872,O018867,M186,1
OI007873,O009289,M145,1
OI007874,O002726,M185,3
OI007875,O002511,M086,1
OI007876,O014100,M070,3
OI007877,O016882,M129,3
OI007878,O016776,M112,1
OI007879,O008620,M238,3
OI007880,O006272,M232,2
OI007881,O018677,M148,1
OI007882,O004014,M102,3
OI007883,O016691,M073,3
OI007884,O009416,M109,1
OI007885,O012307,M181,2
OI007886,O016182,M109,2
OI007887,O002267,M169,3
OI007888,O000632,M070,1
OI007889,O000452,M003,3
OI007890,O003032,M150,3
OI007891,O007698,M004,2
OI007892,O018168,M008,2
OI007893,O015889,M011,1
OI007894,O015962,M004,2
OI007895,O019461,M036,3
OI007896,O007404,M241,2
OI007897,O006702,M032,2
OI007898,O007331,M040,2
OI007899,O011477,M224,1
OI007900,O009309,M119,1
OI007901,O002918,M092,3
OI007902,O003646,M160,2
OI007903,O018521,M233,2
OI007904,O000544,M132,3
OI007905,O003347,M085,3
OI007906,O009663,M006,3
OI007907,O006251,M066,2
OI007908,O013798,M084,3
OI007909,O009954,M090,3
OI007910,O001536,M104,3
OI007911,O008626,M037,3
OI007912,O017040,M122,1
OI007913,O002865,M215,1
OI007914,O011757,M152,3
OI007915,O001248,M183,2
OI007916,O012847,M111,1
OI007917,O016109,M141,2
OI007918,O011810,M207,3
OI007919,O000929,M225,1
OI007920,O008272,M234,2
OI007921,O015799,M215,3
OI007922,O011608,M228,1
OI007923,O005935,M233,2
OI007924,O007291,M111,2
OI007925,O005057,M103,2
OI007926,O019130,M246,3
OI007927,O008697,M180,2
OI007928,O019217,M247,2
OI007929,O019118,M130,2
OI007930,O010309,M037,3
OI007931,O014641,M021,2
OI007932,O010146,M067,2
OI007933,O003344,M050,2
OI007934,O014489,M053,2
OI007935,O015415,M233,3
OI007936,O000929,M166,1
OI007937,O000966,M035,2
OI007938,O018044,M220,1
OI007939,O007857,M101,1
OI007940,O001706,M250,3
OI007941,O006455,M202,2
OI007942,O018440,M093,3
OI007943,O004245,M013,2
OI007944,O018218,M015,3
OI007945,O003591,M017,3
OI007946,O005679,M164,2
OI007947,O014049,M150,3
OI007948,O017922,M250,2
OI007949,O008878,M197,3
OI007950,O007701,M165,3
OI007951,O017307,M085,3
OI007952,O015831,M015,2
OI007953,O006032,M113,1
OI007954,O016873,M223,1
OI007955,O005906,M079,2
OI007956,O005070,M201,3
OI007957,O013000,M050,2
OI007958,O017229,M063,3
OI007959,O002195,M070,3
OI007960,O014835,M029,3
OI007961,O011598,M212,2
OI007962,O011501,M205,3
OI007963,O006430,M190,3
OI007964,O011487,M020,2
OI007965,O005130,M121,2
OI007966,O007601,M209,2
OI007967,O019495,M222,2
OI007968,O002168,M134,1
OI007969,O018259,M035,2
OI007970,O005532,M003,2
OI007971,O010805,M088,3
OI007972,O005820,M054,2
OI007973,O001999,M247,1
OI007974,O000794,M147,1
OI007975,O014085,M085,3
OI007976,O018078,M017,1
OI007977,O015806,M190,1
OI007978,O019709,M180,2
OI007979,O016313,M133,1
OI007980,O007008,M148,3
OI007981,O006995,M114,1
OI007982,O005391,M082,3
OI007983,O009906,M197,3
OI007984,O011102,M093,1
OI007985,O008645,M088,2
OI007986,O009222,M057,1
OI007987,O002887,M111,1
OI007988,O018656,M223,1
OI007989,O000316,M134,1
OI007990,O005970,M202,2
OI007991,O000964,M205,1
OI007992,O001978,M227,2
OI007993,O008087,M102,1
OI007994,O016665,M131,1
OI007995,O009044,M065,1
OI007996,O017400,M068,2
OI007997,O001045,M082,3
OI007998,O011418,M020,1
OI007999,O014123,M142,3
OI008000,O017818,M194,3
OI008001,O019389,M171,1
OI008002,O005749,M039,2
OI008003,O008766,M115,2
OI008004,O014921,M094,1
OI008005,O017787,M062,2
OI008006,O001658,M069,3
OI008007,O014870,M193,1
OI008008,O000529,M092,3
OI008009,O010406,M033,2
OI008010,O010710,M046,3
OI008011,O004451,M034,3
OI008012,O006864,M131,3
OI008013,O018833,M056,2
OI008014,O016471,M043,1
OI008015,O005493,M098,2
OI008016,O014217,M031,3
OI008017,O015680,M068,2
OI008018,O010120,M067,3
OI008019,O016350,M189,3
OI008020,O017005,M043,3
OI008021,O002388,M247,1
OI008022,O000252,M116,3
OI008023,O013457,M172,2
OI008024,O004261,M218,1
OI008025,O016532,M071,1
OI008026,O011067,M017,2
OI008027,O011168,M202,1
OI008028,O019270,M245,2
OI008029,O018610,M074,1
OI008030,O004815,M182,1
OI008031,O005854,M114,3
OI008032,O019892,M028,3
OI008033,O005192,M163,3
OI008034,O006675,M199,1
OI008035,O006969,M218,3
OI008036,O018624,M027,2
OI008037,O001520,M199,3
OI008038,O007803,M182,2
OI008039,O009295,M032,2
OI008040,O007623,M027,2
OI008041,O000064,M107,1
OI008042,O010278,M224,3
OI008043,O016869,M241,3
OI008044,O011145,M144,3
OI008045,O000724,M163,2
OI008046,O006944,M086,3
OI008047,O002592,M021,3
OI008048,O000091,M216,2
OI008049,O014153,M169,3
OI008050,O014423,M172,1
OI008051,O008938,M068,1
OI008052,O017731,M127,2
OI008053,O005645,M174,1
OI008054,O013793,M168,3
OI008055,O005151,M046,1
OI008056,O012164,M067,2
OI008057,O000301,M162,2
OI008058,O014618,M030,3
OI008059,O001437,M049,2
OI008060,O012735,M117,3
OI008061,O001291,M123,2
OI008062,O006245,M203,3
OI008063,O008968,M187,1
OI008064,O003228,M083,2
OI008065,O007498,M235,3
OI008066,O002536,M027,2
OI008067,O001713,M035,1
OI008068,O013774,M058,1
OI008069,O011247,M132,3
OI008070,O002583,M199,1
OI008071,O010151,M173,2
OI008072,O007270,M132,3
OI008073,O014270,M137,1
OI008074,O015481,M013,1
OI008075,O005287,M011,1
OI008076,O004069,M242,2
OI008077,O013192,M205,1
OI008078,O006832,M061,3
OI008079,O001929,M064,1
OI008080,O011062,M230,2
OI008081,O017784,M015,1
OI008082,O012550,M063,1
OI008083,O009733,M245,2
OI008084,O009745,M049,1
OI008085,O014459,M048,2
OI008086,O016267,M224,1
OI008087,O015335,M045,1
OI008088,O005314,M066,2
OI008089,O005545,M134,2
OI008090,O013800,M228,2
OI008091,O011028,M173,3
OI008092,O019527,M192,2
OI008093,O004507,M111,2
OI008094,O014876,M167,3
OI008095,O002307,M140,3
OI008096,O005142,M099,3
OI008097,O017508,M222,3
OI008098,O007822,M200,3
OI008099,O004158,M085,2
OI008100,O015882,M135,1
OI008101,O017642,M017,3
OI008102,O001838,M041,1
OI008103,O000923,M138,1
OI008104,O009601,M053,1
OI008105,O009848,M012,3
OI008106,O010861,M244,2
OI008107,O012828,M163,1
OI008108,O019950,M178,2
OI008109,O008074,M200,1
OI008110,O014928,M164,2
OI008111,O007219,M150,2
OI008112,O015419,M198,1
OI008113,O001793,M093,1
OI008114,O001698,M249,2
OI008115,O012302,M230,1
OI008116,O007957,M111,1
OI008117,O016960,M119,1
OI008118,O012956,M071,3
OI008119,O000099,M023,1
OI008120,O018937,M057,1
OI008121,O012580,M195,3
OI008122,O012657,M214,1
OI008123,O013419,M233,2
OI008124,O015166,M022,1
OI008125,O004034,M171,2
OI008126,O012334,M133,3
OI008127,O012171,M242,2
OI008128,O012446,M204,2
OI008129,O015487,M189,1
OI008130,O015056,M102,3
OI008131,O014075,M013,2
OI008132,O008340,M147,3
OI008133,O019780,M117,3
OI008134,O016473,M126,3
OI008135,O014038,M120,3
OI008136,O013615,M202,2
OI008137,O004442,M034,3
OI008138,O019592,M105,2
OI008139,O006745,M204,1
OI008140,O006158,M240,1
OI008141,O001061,M049,2
OI008142,O011064,M104,2
OI008143,O006502,M071,1
OI008144,O013385,M120,2
OI008145,O011304,M199,1
OI008146,O001874,M129,3
OI008147,O001070,M213,1
OI008148,O004906,M192,1
OI008149,O001459,M192,3
OI008150,O011193,M081,2
OI008151,O001180,M059,2
OI008152,O011302,M118,3
OI008153,O007169,M220,3
OI008154,O017039,M145,2
OI008155,O011060,M075,1
OI008156,O015710,M189,2
OI008157,O000742,M158,2
OI008158,O016989,M219,2
OI008159,O005346,M185,2
OI008160,O004571,M102,1
OI008161,O011922,M067,1
OI008162,O013011,M027,2
OI008163,O004020,M019,1
OI008164,O015914,M123,1
OI008165,O009212,M020,3
OI008166,O019278,M179,1
OI008167,O005101,M125,3
OI008168,O008062,M223,1
OI008169,O006844,M062,3
OI008170,O017130,M190,1
OI008171,O016741,M125,1
OI008172,O000292,M111,2
OI008173,O007152,M121,3
OI008174,O008661,M045,2
OI008175,O007278,M148,3
OI008176,O019897,M085,2
OI008177,O009443,M146,2
OI008178,O018389,M054,1
OI008179,O015061,M203,3
OI008180,O018892,M207,1
OI008181,O014974,M024,3
OI008182,O005118,M238,2
OI008183,O000279,M174,1
OI008184,O014279,M066,3
OI008185,O006729,M147,1
OI008186,O016428,M104,2
OI008187,O009344,M243,1
OI008188,O012205,M152,1
OI008189,O012386,M144,3
OI008190,O008172,M116,1
OI008191,O003034,M103,3
OI008192,O008952,M206,3
OI008193,O019388,M214,2
OI008194,O006000,M182,2
OI008195,O005824,M097,3
OI008196,O017806,M056,3
OI008197,O000214,M196,1
OI008198,O010527,M079,2
OI008199,O008288,M072,2
OI008200,O005755,M080,3
OI008201,O009508,M220,3
OI008202,O007990,M212,3
OI008203,O010932,M212,1
OI008204,O016835,M120,3
OI008205,O012754,M205,2
OI008206,O009602,M018,3
OI008207,O001709,M058,3
OI008208,O005238,M227,1
OI008209,O002725,M123,1
OI008210,O007884,M017,3
OI008211,O019718,M218,3
OI008212,O016252,M117,1
OI008213,O000122,M194,1
OI008214,O016720,M094,3
OI008215,O002503,M228,1
OI008216,O016778,M001,2
OI008217,O001115,M074,1
OI008218,O003463,M105,2
OI008219,O017536,M080,2
OI008220,O008166,M020,2
OI008221,O005946,M115,2
OI008222,O002224,M157,2
OI008223,O012214,M210,3
OI008224,O005454,M079,3
OI008225,O001273,M048,2
OI008226,O007186,M082,2
OI008227,O008568,M139,1
OI008228,O007742,M100,3
OI008229,O000432,M027,2
OI008230,O000304,M167,3
OI008231,O009589,M097,2
OI008232,O010678,M064,3
OI008233,O000918,M162,1
OI008234,O016071,M065,3
OI008235,O018827,M110,1
OI008236,O011167,M022,2
OI008237,O006562,M080,3
OI008238,O007131,M090,1
OI008239,O009124,M065,1
OI008240,O014461,M020,2
OI008241,O013423,M092,2
OI008242,O009424,M007,3
OI008243,O006372,M145,3
OI008244,O014823,M018,2
OI008245,O005734,M044,3
OI008246,O000850,M125,3
OI008247,O008594,M199,3
OI008248,O012290,M120,1
OI008249,O001518,M011,2
OI008250,O006710,M012,2
OI008251,O002865,M013,1
OI008252,O006605,M181,3
OI008253,O009718,M107,2
OI008254,O005212,M036,2
OI008255,O002717,M084,3
OI008256,O000524,M151,1
OI008257,O005891,M158,1
OI008258,O003495,M089,1
OI008259,O013838,M100,3
OI008260,O016378,M242,1
OI008261,O013955,M067,2
OI008262,O016039,M241,1
OI008263,O001152,M118,3
OI008264,O002943,M012,2
OI008265,O007853,M037,3
OI008266,O007057,M176,1
OI008267,O009457,M104,1
OI008268,O018911,M244,1
OI008269,O015949,M107,3
OI008270,O000692,M120,1
OI008271,O019834,M248,2
OI008272,O000483,M171,3
OI008273,O019896,M219,3
OI008274,O001197,M179,2
OI008275,O002751,M084,2
OI008276,O006159,M082,3
OI008277,O004442,M063,3
OI008278,O012593,M024,2
OI008279,O018562,M196,3
OI008280,O000030,M103,1
OI008281,O012942,M036,2
OI008282,O004221,M103,3
OI008283,O001397,M099,2
OI008284,O019199,M216,2
OI008285,O017653,M218,3
OI008286,O000298,M205,2
OI008287,O009128,M047,2
OI008288,O011436,M199,3
OI008289,O009533,M104,1
OI008290,O018143,M192,3
OI008291,O006992,M117,3
OI008292,O019964,M136,2
OI008293,O013885,M108,3
OI008294,O006908,M208,1
OI008295,O014232,M158,3
OI008296,O001767,M024,1
OI008297,O016284,M073,3
OI008298,O013574,M175,1
OI008299,O012643,M042,1
OI008300,O010336,M208,2
OI008301,O000941,M208,3
OI008302,O005320,M153,3
OI008303,O016150,M157,1
OI008304,O000220,M166,3
OI008305,O009384,M082,3
OI008306,O016743,M202,3
OI008307,O001390,M206,1
OI008308,O006408,M030,1
OI008309,O009694,M067,3
OI008310,O011035,M175,3
OI008311,O018208,M027,1
OI008312,O001553,M065,3
OI008313,O001264,M209,1
OI008314,O013198,M101,3
OI008315,O006754,M102,3
OI008316,O001649,M033,1
OI008317,O000415,M097,3
OI008318,O007091,M240,1
OI008319,O010285,M198,2
OI008320,O018272,M002,3
OI008321,O015697,M209,2
OI008322,O009684,M102,2
OI008323,O011115,M024,3
OI008324,O006165,M107,2
OI008325,O006457,M006,3
OI008326,O004658,M115,1
OI008327,O002604,M176,2
OI008328,O005707,M086,1
OI008329,O007515,M192,3
OI008330,O012197,M142,3
OI008331,O000773,M165,1
OI008332,O014221,M066,1
OI008333,O008635,M114,2
OI008334,O008164,M121,3
OI008335,O009499,M247,1
OI008336,O006663,M111,1
OI008337,O011485,M132,3
OI008338,O009638,M187,1
OI008339,O006411,M160,2
OI008340,O008687,M090,2
OI008341,O007414,M223,3
OI008342,O016140,M136,3
OI008343,O019211,M200,3
OI008344,O016151,M077,1
OI008345,O011774,M250,1
OI008346,O004998,M134,1
OI008347,O000013,M110,2
OI008348,O006600,M095,2
OI008349,O009735,M074,3
OI008350,O005131,M018,1
OI008351,O011675,M190,2
OI008352,O008231,M026,2
OI008353,O012104,M086,3
OI008354,O015429,M185,3
OI008355,O014940,M007,3
OI008356,O011690,M193,1
OI008357,O016644,M154,2
OI008358,O012353,M146,1
OI008359,O006351,M050,2
OI008360,O007994,M147,2
OI008361,O008193,M084,3
OI008362,O005034,M076,2
OI008363,O016222,M146,1
OI008364,O008455,M127,3
OI008365,O014756,M194,1
OI008366,O019577,M137,2
OI008367,O014396,M084,3
OI008368,O003490,M182,1
OI008369,O003059,M006,1
OI008370,O013079,M193,2
OI008371,O005179,M224,3
OI008372,O000196,M211,3
OI008373,O008302,M071,3
OI008374,O002817,M135,3
OI008375,O004852,M069,2
OI008376,O002184,M104,1
OI008377,O008615,M201,1
OI008378,O019547,M046,2
OI008379,O002173,M032,3
OI008380,O014252,M207,3
OI008381,O007193,M040,1
OI008382,O016644,M118,2
OI008383,O009499,M126,1
OI008384,O016171,M102,2
OI008385,O008873,M104,3
OI008386,O005064,M079,1
OI008387,O017840,M189,3
OI008388,O012679,M086,1
OI008389,O005768,M158,1
OI008390,O016038,M195,1
OI008391,O017828,M195,2
OI008392,O018088,M022,2
OI008393,O006830,M033,3
OI008394,O013235,M161,3
OI008395,O019322,M059,2
OI008396,O013297,M119,1
OI008397,O016030,M045,2
OI008398,O001689,M041,2
OI008399,O012080,M131,1
OI008400,O003351,M212,1
OI008401,O000863,M209,3
OI008402,O005393,M249,3
OI008403,O005710,M236,2
OI008404,O019940,M067,3
OI008405,O008410,M135,2
OI008406,O017927,M058,3
OI008407,O005592,M241,1
OI008408,O002736,M006,2
OI008409,O019522,M086,2
OI008410,O003048,M222,2
OI008411,O015620,M122,2
OI008412,O013246,M237,1
OI008413,O012126,M155,2
OI008414,O008628,M216,3
OI008415,O007981,M051,1
OI008416,O016653,M205,3
OI008417,O010138,M163,1
OI008418,O003921,M154,1
OI008419,O001023,M191,1
OI008420,O009539,M240,3
OI008421,O014094,M099,1
OI008422,O009175,M135,2
OI008423,O016669,M034,2
OI008424,O011197,M131,3
OI008425,O017066,M225,3
OI008426,O000573,M028,2
OI008427,O001058,M081,2
OI008428,O006325,M077,1
OI008429,O007294,M120,1
OI008430,O002981,M195,2
OI008431,O015309,M124,2
OI008432,O005810,M111,2
OI008433,O009659,M192,1
OI008434,O011444,M137,2
OI008435,O008284,M189,3
OI008436,O009870,M146,2
OI008437,O003231,M114,2
OI008438,O010769,M227,1
OI008439,O009222,M149,2
OI008440,O000560,M005,3
OI008441,O001896,M074,2
OI008442,O012434,M196,1
OI008443,O010893,M245,1
OI008444,O007128,M195,3
OI008445,O009614,M146,2
OI008446,O014616,M215,2
OI008447,O010433,M131,2
OI008448,O007303,M249,1
OI008449,O015619,M229,1
OI008450,O004269,M249,3
OI008451,O009306,M246,1
OI008452,O002862,M101,3
OI008453,O014803,M202,2
OI008454,O018780,M042,1
OI008455,O016861,M178,3
OI008456,O000504,M157,3
OI008457,O014045,M246,1
OI008458,O009333,M236,3
OI008459,O001502,M024,1
OI008460,O004717,M154,3
OI008461,O018368,M090,3
OI008462,O013072,M106,2
OI008463,O018737,M057,3
OI008464,O014585,M018,3
OI008465,O014199,M177,2
OI008466,O002416,M225,2
OI008467,O000243,M210,2
OI008468,O012854,M103,3
OI008469,O009781,M082,2
OI008470,O010137,M142,1
OI008471,O008589,M126,1
OI008472,O002282,M042,3
OI008473,O001400,M030,1
OI008474,O017937,M088,2
OI008475,O019692,M196,1
OI008476,O019872,M112,3
OI008477,O011391,M110,3
OI008478,O003857,M032,3
OI008479,O008035,M063,1
OI008480,O004866,M141,3
OI008481,O013693,M139,3
OI008482,O001262,M114,3
OI008483,O014119,M117,2
OI008484,O006453,M173,3
OI008485,O009665,M062,3
OI008486,O017643,M216,3
OI008487,O015194,M070,3
OI008488,O007591,M202,3
OI008489,O011514,M022,1
OI008490,O017066,M210,1
OI008491,O009318,M146,2
OI008492,O019919,M243,3
OI008493,O012984,M125,1
OI008494,O018918,M031,3
OI008495,O019359,M079,1
OI008496,O014601,M120,3
OI008497,O008727,M210,1
OI008498,O017326,M001,2
OI008499,O012300,M140,2
OI008500,O001857,M055,2
OI008501,O018402,M142,3
OI008502,O002653,M086,3
OI008503,O008942,M078,2
OI008504,O009299,M207,3
OI008505,O019892,M220,1
OI008506,O001931,M123,3
OI008507,O006385,M137,2
OI008508,O001865,M082,1
OI008509,O006148,M174,2
OI008510,O011824,M165,1
OI008511,O005868,M111,1
OI008512,O014222,M211,1
OI008513,O017144,M014,1
OI008514,O001815,M147,1
OI008515,O017410,M195,2
OI008516,O010428,M134,1
OI008517,O012420,M081,2
OI008518,O007223,M099,3
OI008519,O001421,M085,1
OI008520,O014809,M204,1
OI008521,O014754,M076,1
OI008522,O008316,M030,1
OI008523,O002501,M045,3
OI008524,O011967,M008,2
OI008525,O001610,M205,3
OI008526,O012538,M136,3
OI008527,O010697,M183,1
OI008528,O017846,M054,2
OI008529,O008168,M101,3
OI008530,O015118,M113,1
OI008531,O000236,M156,3
OI008532,O016456,M199,1
OI008533,O010874,M146,2
OI008534,O013837,M069,2
OI008535,O014523,M111,2
OI008536,O018807,M081,3
OI008537,O008285,M145,1
OI008538,O014647,M048,1
OI008539,O018690,M038,3
OI008540,O006864,M238,2
OI008541,O002679,M193,3
OI008542,O007771,M221,1
OI008543,O018642,M030,3
OI008544,O011547,M047,2
OI008545,O007281,M212,3
OI008546,O018985,M011,2
OI008547,O000073,M233,2
OI008548,O010456,M082,2
OI008549,O007594,M250,3
OI008550,O012322,M142,3
OI008551,O007066,M076,3
OI008552,O018017,M210,1
OI008553,O003441,M039,2
OI008554,O008010,M004,1
OI008555,O014255,M017,1
OI008556,O003011,M151,3
OI008557,O001193,M058,3
OI008558,O019842,M001,3
OI008559,O010516,M227,3
OI008560,O016099,M239,1
OI008561,O003700,M151,3
OI008562,O004623,M072,2
OI008563,O007872,M097,3
OI008564,O013233,M232,3
OI008565,O003734,M091,2
OI008566,O013943,M014,3
OI008567,O008117,M146,2
OI008568,O006342,M066,2
OI008569,O017161,M053,2
OI008570,O018228,M144,3
OI008571,O013334,M247,3
OI008572,O008005,M074,3
OI008573,O007097,M062,3
OI008574,O005274,M090,1
OI008575,O015536,M247,1
OI008576,O013089,M216,1
OI008577,O002572,M129,3
OI008578,O009692,M184,1
OI008579,O012722,M086,2
OI008580,O018871,M087,2
OI008581,O015788,M129,3
OI008582,O016724,M084,3
OI008583,O001960,M248,2
OI008584,O008817,M205,3
OI008585,O007403,M114,2
OI008586,O009572,M127,3
OI008587,O013154,M170,3
OI008588,O018213,M058,2
OI008589,O017164,M105,2
OI008590,O007756,M230,3
OI008591,O011367,M080,3
OI008592,O001155,M004,1
OI008593,O003988,M032,3
OI008594,O001725,M147,1
OI008595,O016052,M124,3
OI008596,O010750,M146,1
OI008597,O012789,M071,2
OI008598,O008103,M236,2
OI008599,O019980,M050,2
OI008600,O000902,M064,3
OI008601,O009729,M090,1
OI008602,O004916,M223,2
OI008603,O013806,M227,3
OI008604,O017120,M168,3
OI008605,O012254,M053,2
OI008606,O014784,M057,1
OI008607,O017991,M111,2
OI008608,O000367,M215,3
OI008609,O014909,M225,1
OI008610,O007513,M174,3
OI008611,O006487,M115,2
OI008612,O017020,M097,1
OI008613,O012423,M128,1
OI008614,O011396,M033,3
OI008615,O016217,M098,3
OI008616,O004362,M240,1
OI008617,O017388,M123,2
OI008618,O006584,M054,1
OI008619,O003911,M202,3
OI008620,O007140,M014,2
OI008621,O017566,M208,3
OI008622,O016195,M070,2
OI008623,O007368,M229,2
OI008624,O000549,M158,3
OI008625,O014887,M217,2
OI008626,O010753,M198,1
OI008627,O009224,M065,2
OI008628,O014176,M061,2
OI008629,O014062,M092,3
OI008630,O000820,M157,3
OI008631,O018493,M079,1
OI008632,O006214,M127,3
OI008633,O019467,M050,1
OI008634,O010420,M137,1
OI008635,O018682,M036,1
OI008636,O011376,M204,1
OI008637,O011265,M047,1
OI008638,O017589,M101,3
OI008639,O002749,M158,1
OI008640,O018543,M157,1
OI008641,O013670,M116,3
OI008642,O004395,M159,3
OI008643,O018005,M085,2
OI008644,O012810,M189,3
OI008645,O006811,M215,2
OI008646,O014942,M052,1
OI008647,O001788,M009,1
OI008648,O014299,M248,3
OI008649,O019699,M206,2
OI008650,O008840,M018,1
OI008651,O014406,M227,3
OI008652,O001338,M170,1
OI008653,O005481,M106,1
OI008654,O017405,M244,3
OI008655,O018970,M163,2
OI008656,O016036,M139,3
OI008657,O011077,M210,1
OI008658,O000755,M024,3
OI008659,O003472,M083,1
OI008660,O007093,M002,2
OI008661,O006827,M043,2
OI008662,O018895,M203,2
OI008663,O004112,M144,3
OI008664,O005996,M103,1
OI008665,O017057,M053,1
OI008666,O016839,M087,3
OI008667,O014114,M131,1
OI008668,O018644,M060,2
OI008669,O017713,M123,3
OI008670,O011191,M055,2
OI008671,O005284,M018,1
OI008672,O011999,M070,2
OI008673,O018742,M233,1
OI008674,O017917,M084,3
OI008675,O017062,M124,1
OI008676,O004916,M214,2
OI008677,O007905,M031,3
OI008678,O007450,M011,3
OI008679,O001184,M157,1
OI008680,O019083,M185,2
OI008681,O010223,M049,2
OI008682,O006242,M154,3
OI008683,O001797,M011,3
OI008684,O019528,M095,2
OI008685,O004068,M228,1
OI008686,O013506,M134,1
OI008687,O000840,M223,2
OI008688,O013091,M108,1
OI008689,O015081,M196,3
OI008690,O006897,M208,1
OI008691,O012861,M062,2
OI008692,O000697,M045,2
OI008693,O004743,M128,1
OI008694,O001592,M085,2
OI008695,O004131,M017,3
OI008696,O010686,M192,3
OI008697,O018734,M218,2
OI008698,O010231,M126,2
OI008699,O006738,M027,2
OI008700,O014691,M035,2
OI008701,O011393,M042,1
OI008702,O010678,M187,1
OI008703,O009458,M121,2
OI008704,O015834,M145,2
OI008705,O012480,M144,1
OI008706,O009190,M026,1
OI008707,O017393,M207,1
OI008708,O019637,M179,1
OI008709,O001566,M135,1
OI008710,O007567,M045,3
OI008711,O013588,M199,3
OI008712,O004573,M115,2
OI008713,O004905,M201,1
OI008714,O002303,M019,1
OI008715,O017455,M221,1
OI008716,O004753,M222,1
OI008717,O000993,M177,2
OI008718,O005254,M105,2
OI008719,O009711,M145,3
OI008720,O009290,M011,1
OI008721,O018683,M038,1
OI008722,O017110,M192,3
OI008723,O011681,M025,3
OI008724,O012812,M144,1
OI008725,O009908,M202,2
OI008726,O006754,M052,3
OI008727,O008910,M159,3
OI008728,O019009,M008,2
OI008729,O002252,M025,2
OI008730,O019707,M180,1
OI008731,O005368,M086,1
OI008732,O016913,M131,2
OI008733,O006545,M240,3
OI008734,O005659,M099,2
OI008735,O014084,M118,2
OI008736,O001794,M150,3
OI008737,O014889,M066,2
OI008738,O018229,M190,1
OI008739,O016374,M183,2
OI008740,O018397,M090,3
OI008741,O016221,M006,3
OI008742,O002491,M034,2
OI008743,O006073,M076,2
OI008744,O014597,M092,1
OI008745,O012288,M131,1
OI008746,O007859,M076,1
OI008747,O006606,M237,2
OI008748,O000776,M128,3
OI008749,O000763,M231,1
OI008750,O017650,M050,2
OI008751,O004673,M045,2
OI008752,O000882,M172,3
OI008753,O007201,M106,3
OI008754,O011473,M059,3
OI008755,O008910,M197,2
OI008756,O016317,M005,3
OI008757,O003648,M090,3
OI008758,O016261,M096,3
OI008759,O010719,M109,2
OI008760,O011302,M103,3
OI008761,O005745,M071,1
OI008762,O015557,M059,3
OI008763,O014292,M144,2
OI008764,O013365,M020,3
OI008765,O018149,M107,3
OI008766,O008195,M064,3
OI008767,O016444,M136,3
OI008768,O011113,M062,1
OI008769,O010562,M240,1
OI008770,O006226,M173,3
OI008771,O002431,M068,2
OI008772,O009093,M048,1
OI008773,O003160,M027,2
OI008774,O018863,M217,2
OI008775,O019484,M129,1
OI008776,O015727,M038,1
OI008777,O000816,M024,3
OI008778,O005096,M138,2
OI008779,O008847,M156,1
OI008780,O001296,M130,3
OI008781,O017544,M051,2
OI008782,O008596,M036,3
OI008783,O007478,M199,2
OI008784,O001693,M143,1
OI008785,O018451,M013,2
OI008786,O017605,M094,2
OI008787,O008666,M092,1
OI008788,O000300,M231,2
OI008789,O018696,M217,1
OI008790,O016613,M119,2
OI008791,O013811,M201,1
OI008792,O006431,M110,2
OI008793,O003566,M153,3
OI008794,O008696,M119,2
OI008795,O000354,M201,2
OI008796,O016493,M032,3
OI008797,O015416,M012,1
OI008798,O009874,M220,3
OI008799,O016072,M033,1
OI008800,O018353,M157,3
OI008801,O014004,M235,2
OI008802,O003600,M011,1
OI008803,O003375,M195,3
OI008804,O011074,M102,2
OI008805,O018863,M129,1
OI008806,O008859,M250,2
OI008807,O014450,M169,2
OI008808,O008206,M162,3
OI008809,O006828,M095,3
OI008810,O013652,M200,2
OI008811,O008507,M074,3
OI008812,O003647,M184,2
OI008813,O008587,M094,2
OI008814,O004288,M107,1
OI008815,O007164,M204,3
OI008816,O006424,M094,3
OI008817,O019405,M067,2
OI008818,O014491,M244,1
OI008819,O001352,M072,2
OI008820,O004152,M214,3
OI008821,O019855,M043,3
OI008822,O003574,M154,2
OI008823,O019975,M094,3
OI008824,O009285,M039,1
OI008825,O016783,M226,2
OI008826,O011319,M092,2
OI008827,O002817,M245,3
OI008828,O005449,M191,1
OI008829,O004979,M052,3
OI008830,O012583,M015,2
OI008831,O005294,M236,3
OI008832,O012074,M010,3
OI008833,O009893,M200,3
OI008834,O015276,M011,2
OI008835,O009942,M102,3
OI008836,O017705,M089,2
OI008837,O019087,M195,3
OI008838,O003881,M241,1
OI008839,O016517,M146,2
OI008840,O018744,M177,1
OI008841,O014515,M013,2
OI008842,O016541,M072,2
OI008843,O016454,M110,1
OI008844,O011572,M234,1
OI008845,O011389,M114,1
OI008846,O016110,M238,3
OI008847,O014457,M186,2
OI008848,O019834,M066,2
OI008849,O007406,M226,3
OI008850,O019205,M158,2
OI008851,O008573,M211,3
OI008852,O007373,M101,1
OI008853,O017928,M182,1
OI008854,O016916,M154,2
OI008855,O001884,M131,1
OI008856,O000736,M044,2
OI008857,O004731,M155,3
OI008858,O007574,M074,3
OI008859,O011879,M219,1
OI008860,O000661,M101,1
OI008861,O007195,M005,2
OI008862,O001536,M046,3
OI008863,O018072,M160,3
OI008864,O014756,M150,3
OI008865,O002519,M031,1
OI008866,O004710,M089,2
OI008867,O018852,M024,3
OI008868,O010624,M155,1
OI008869,O011347,M238,1
OI008870,O006588,M088,3
OI008871,O018053,M111,2
OI008872,O012952,M194,1
OI008873,O009324,M064,2
OI008874,O013081,M104,1
OI008875,O001723,M210,2
OI008876,O017643,M129,2
OI008877,O018758,M112,3
OI008878,O017641,M160,1
OI008879,O000339,M115,3
OI008880,O004939,M028,2
OI008881,O020000,M034,1
OI008882,O006811,M237,1
OI008883,O008164,M206,3
OI008884,O017944,M146,1
OI008885,O004783,M191,2
OI008886,O017867,M005,3
OI008887,O012984,M006,3
OI008888,O010782,M115,2
OI008889,O008045,M196,2
OI008890,O003353,M065,1
OI008891,O012630,M128,1
OI008892,O014950,M045,2
OI008893,O019221,M089,3
OI008894,O016148,M028,2
OI008895,O018095,M051,3
OI008896,O001697,M199,1
OI008897,O018082,M191,2
OI008898,O005656,M185,3
OI008899,O013260,M209,3
OI008900,O013619,M142,2
OI008901,O012222,M017,1
OI008902,O019041,M223,2
OI008903,O009765,M117,3
OI008904,O006816,M127,1
OI008905,O004268,M106,2
OI008906,O000690,M084,3
OI008907,O017567,M131,2
OI008908,O017095,M249,2
OI008909,O019529,M073,1
OI008910,O009536,M156,1
OI008911,O017482,M169,2
OI008912,O006358,M170,1
OI008913,O000864,M128,1
OI008914,O019967,M155,2
OI008915,O015930,M230,3
OI008916,O015489,M079,3
OI008917,O012427,M077,3
OI008918,O000811,M165,1
OI008919,O011329,M249,1
OI008920,O010238,M098,1
OI008921,O002392,M093,1
OI008922,O018835,M007,2
OI008923,O009845,M005,1
OI008924,O013831,M101,1
OI008925,O017034,M112,1
OI008926,O016127,M186,3
OI008927,O010374,M016,3
OI008928,O003697,M167,2
OI008929,O013297,M103,3
OI008930,O011041,M043,3
OI008931,O001041,M223,2
OI008932,O010557,M224,2
OI008933,O018477,M200,2
OI008934,O003408,M109,3
OI008935,O013481,M020,2
OI008936,O019828,M183,1
OI008937,O010134,M073,1
OI008938,O019390,M157,2
OI008939,O016918,M122,1
OI008940,O011488,M136,2
OI008941,O005504,M222,2
OI008942,O018071,M206,1
OI008943,O013378,M191,2
OI008944,O006999,M221,1
OI008945,O003539,M041,2
OI008946,O017688,M248,1
OI008947,O017005,M015,1
OI008948,O010813,M031,1
OI008949,O013831,M166,1
OI008950,O013225,M037,2
OI008951,O005512,M186,3
OI008952,O001341,M189,1
OI008953,O011155,M128,2
OI008954,O004478,M151,1
OI008955,O016871,M064,3
OI008956,O015036,M166,3
OI008957,O015479,M076,3
OI008958,O017075,M143,1
OI008959,O016729,M026,2
OI008960,O004795,M068,2
OI008961,O015909,M223,2
OI008962,O017940,M225,2
OI008963,O014417,M109,1
OI008964,O008444,M222,1
OI008965,O015967,M028,1
OI008966,O012329,M038,2
OI008967,O002981,M133,1
OI008968,O018790,M107,2
OI008969,O019178,M062,2
OI008970,O009936,M246,1
OI008971,O014394,M077,3
OI008972,O006861,M066,1
OI008973,O005393,M200,2
OI008974,O005694,M073,3
OI008975,O011816,M181,3
OI008976,O007229,M017,3
OI008977,O014578,M039,3
OI008978,O019863,M245,1
OI008979,O012608,M038,2
OI008980,O003824,M177,1
OI008981,O013202,M182,2
OI008982,O008694,M101,2
OI008983,O017941,M210,1
OI008984,O004495,M022,1
OI008985,O002713,M135,2
OI008986,O006175,M031,1
OI008987,O009213,M177,1
OI008988,O001685,M216,3
OI008989,O007645,M153,3
OI008990,O019720,M017,1
OI008991,O008087,M105,1
OI008992,O018555,M027,1
OI008993,O003248,M170,3
OI008994,O004215,M039,2
OI008995,O005442,M130,1
OI008996,O003493,M164,3
OI008997,O009972,M244,1
OI008998,O002593,M069,3
OI008999,O011537,M248,3
OI009000,O015803,M004,3
OI009001,O011722,M206,1
OI009002,O009097,M162,1
OI009003,O019966,M047,3
OI009004,O000328,M162,2
OI009005,O018770,M042,1
OI009006,O013382,M150,2
OI009007,O007605,M117,3
OI009008,O001695,M036,1
OI009009,O001504,M137,3
OI009010,O005136,M065,3
OI009011,O016458,M200,3
OI009012,O004747,M064,3
OI009013,O018336,M040,1
OI009014,O007023,M208,1
OI009015,O007173,M040,1
OI009016,O011215,M198,1
OI009017,O004784,M055,1
OI009018,O009127,M234,2
OI009019,O005468,M119,3
OI009020,O005446,M096,2
OI009021,O003088,M126,2
OI009022,O001360,M104,1
OI009023,O001207,M160,3
OI009024,O001394,M066,1
OI009025,O008780,M219,2
OI009026,O017951,M181,1
OI009027,O018102,M191,2
OI009028,O015715,M058,2
OI009029,O007467,M176,1
OI009030,O002235,M201,2
OI009031,O015156,M142,2
OI009032,O008171,M151,1
OI009033,O012625,M047,2
OI009034,O010627,M059,1
OI009035,O002157,M231,3
OI009036,O002867,M103,3
OI009037,O000332,M195,1
OI009038,O006662,M201,1
OI009039,O012696,M087,2
OI009040,O009484,M012,2
OI009041,O001287,M092,2
OI009042,O016347,M075,3
OI009043,O000818,M115,1
OI009044,O000648,M103,1
OI009045,O019272,M209,2
OI009046,O010226,M101,2
OI009047,O018341,M250,3
OI009048,O011593,M230,2
OI009049,O011703,M157,3
OI009050,O006264,M232,3
OI009051,O012593,M064,2
OI009052,O008493,M237,2
OI009053,O015782,M165,2
OI009054,O009243,M095,1
OI009055,O002198,M229,3
OI009056,O005013,M243,3
OI009057,O004406,M077,2
OI009058,O017719,M101,1
OI009059,O016057,M231,1
OI009060,O019955,M077,1
OI009061,O017829,M119,3
OI009062,O003416,M104,3
OI009063,O004923,M242,2
OI009064,O006238,M027,1
OI009065,O000016,M218,1
OI009066,O004131,M208,3
OI009067,O013424,M024,2
OI009068,O000982,M022,3
OI009069,O006637,M050,2
OI009070,O011213,M043,1
OI009071,O017824,M214,3
OI009072,O017670,M131,3
OI009073,O006602,M239,3
OI009074,O007265,M176,1
OI009075,O005858,M071,1
OI009076,O015058,M217,3
OI009077,O004296,M190,1
OI009078,O010510,M011,2
OI009079,O010342,M202,2
OI009080,O018775,M148,1
OI009081,O004079,M066,2
OI009082,O013243,M020,2
OI009083,O008244,M011,2
OI009084,O000899,M181,2
OI009085,O019089,M082,2
OI009086,O016951,M243,1
OI009087,O017834,M001,2
OI009088,O011710,M048,3
OI009089,O007994,M095,3
OI009090,O010937,M223,1
OI009091,O006738,M080,3
OI009092,O003371,M211,3
OI009093,O010540,M171,3
OI009094,O005483,M131,2
OI009095,O004240,M128,2
OI009096,O001084,M159,1
OI009097,O004441,M038,3
OI009098,O004025,M151,3
OI009099,O008950,M031,3
OI009100,O016527,M071,2
OI009101,O001462,M039,3
OI009102,O009653,M230,2
OI009103,O006909,M186,2
OI009104,O014181,M091,2
OI009105,O018542,M129,1
OI009106,O010084,M017,1
OI009107,O017745,M135,2
OI009108,O007901,M053,3
OI009109,O014072,M233,1
OI009110,O006459,M134,1
OI009111,O019939,M216,3
OI009112,O002342,M165,1
OI009113,O007360,M129,3
OI009114,O017952,M095,2
OI009115,O016356,M024,2
OI009116,O009591,M245,2
OI009117,O014542,M128,1
OI009118,O018479,M152,3
OI009119,O002112,M232,3
OI009120,O006843,M066,1
OI009121,O014884,M221,2
OI009122,O003061,M181,2
OI009123,O005555,M217,2
OI009124,O009779,M224,3
OI009125,O011321,M207,3
OI009126,O017182,M196,1
OI009127,O016865,M147,3
OI009128,O013011,M137,3
OI009129,O009406,M215,2
OI009130,O011429,M084,3
OI009131,O008334,M196,2
OI009132,O003790,M231,1
OI009133,O001683,M137,3
OI009134,O008043,M220,3
OI009135,O011527,M108,1
OI009136,O017275,M203,1
OI009137,O002666,M214,2
OI009138,O013785,M022,1
OI009139,O005750,M062,1
OI009140,O002637,M205,3
OI009141,O006078,M119,1
OI009142,O003049,M109,3
OI009143,O007407,M144,3
OI009144,O019120,M152,2
OI009145,O006231,M048,3
OI009146,O015860,M073,3
OI009147,O013432,M230,3
OI009148,O007737,M052,2
OI009149,O009972,M169,2
OI009150,O005684,M230,1
OI009151,O008483,M202,1
OI009152,O005774,M029,1
OI009153,O013402,M235,2
OI009154,O007234,M032,3
OI009155,O007100,M109,1
OI009156,O013587,M179,1
OI009157,O017696,M210,2
OI009158,O012783,M041,1
OI009159,O010252,M044,1
OI009160,O016291,M178,2
OI009161,O001080,M198,1
OI009162,O007198,M246,1
OI009163,O018339,M016,1
OI009164,O015171,M130,2
OI009165,O015525,M062,1
OI009166,O005559,M010,3
OI009167,O015064,M056,2
OI009168,O012220,M187,3
OI009169,O015810,M224,3
OI009170,O003055,M008,3
OI009171,O005841,M236,2
OI009172,O004468,M108,1
OI009173,O015974,M027,1
OI009174,O015349,M062,2
OI009175,O001924,M156,3
OI009176,O005016,M167,2
OI009177,O009890,M143,2
OI009178,O004657,M225,3
OI009179,O000232,M250,2
OI009180,O013595,M060,1
OI009181,O017574,M242,3
OI009182,O003626,M048,3
OI009183,O017699,M118,1
OI009184,O004605,M109,1
OI009185,O010402,M102,1
OI009186,O013378,M113,2
OI009187,O008375,M067,2
OI009188,O011859,M027,2
OI009189,O000065,M012,2
OI009190,O012408,M103,3
OI009191,O005797,M059,1
OI009192,O003342,M113,2
OI009193,O018697,M148,3
OI009194,O001567,M198,3
OI009195,O002366,M106,3
OI009196,O015723,M002,1
OI009197,O015138,M099,3
OI009198,O005475,M074,3
OI009199,O010804,M217,1
OI009200,O010167,M073,2
OI009201,O014006,M130,3
OI009202,O007272,M051,2
OI009203,O013535,M203,2
OI009204,O016258,M005,3
OI009205,O013008,M036,2
OI009206,O010575,M048,1
OI009207,O005068,M114,2
OI009208,O004549,M219,1
OI009209,O016596,M002,1
OI009210,O007509,M076,1
OI009211,O001645,M219,3
OI009212,O006156,M087,3
OI009213,O006896,M152,2
OI009214,O003949,M169,2
OI009215,O008579,M227,3
OI009216,O005190,M047,1
OI009217,O003458,M101,2
OI009218,O017484,M176,3
OI009219,O016749,M140,2
OI009220,O002472,M017,3
OI009221,O017949,M140,2
OI009222,O017617,M150,1
OI009223,O000259,M028,2
OI009224,O007111,M110,3
OI009225,O017900,M173,3
OI009226,O017524,M070,2
OI009227,O016060,M173,1
OI009228,O011916,M105,1
OI009229,O002992,M228,2
OI009230,O011878,M166,2
OI009231,O013896,M197,1
OI009232,O001577,M202,3
OI009233,O010430,M182,2
OI009234,O010572,M070,1
OI009235,O001365,M179,1
OI009236,O007877,M231,1
OI009237,O016841,M067,1
OI009238,O005318,M199,1
OI009239,O009311,M231,2
OI009240,O011002,M146,1
OI009241,O005728,M014,3
OI009242,O003713,M137,1
OI009243,O001902,M201,3
OI009244,O004690,M180,2
OI009245,O018652,M071,3
OI009246,O019897,M051,2
OI009247,O019404,M029,1
OI009248,O018533,M176,1
OI009249,O004395,M244,3
OI009250,O009977,M169,3
OI009251,O003177,M006,1
OI009252,O012356,M093,3
OI009253,O011076,M048,1
OI009254,O006531,M067,1
OI009255,O011992,M167,3
OI009256,O005068,M175,1
OI009257,O013722,M025,3
OI009258,O015544,M089,1
OI009259,O014550,M003,1
OI009260,O002849,M233,2
OI009261,O008481,M118,1
OI009262,O010105,M139,1
OI009263,O019374,M194,3
OI009264,O018969,M009,2
OI009265,O019859,M099,2
OI009266,O017351,M225,2
OI009267,O006645,M084,3
OI009268,O010561,M047,1
OI009269,O015520,M042,3
OI009270,O015660,M051,3
OI009271,O015463,M180,3
OI009272,O003414,M125,2
OI009273,O014750,M097,3
OI009274,O002850,M194,3
OI009275,O017360,M247,2
OI009276,O018998,M043,3
OI009277,O011095,M101,1
OI009278,O010243,M009,1
OI009279,O015276,M133,1
OI009280,O005267,M016,2
OI009281,O000509,M061,2
OI009282,O018149,M156,1
OI009283,O005616,M248,1
OI009284,O016676,M121,2
OI009285,O004962,M218,2
OI009286,O005949,M032,3
OI009287,O015139,M001,3
OI009288,O014010,M129,2
OI009289,O013126,M209,1
OI009290,O012651,M123,1
OI009291,O000719,M038,2
OI009292,O017681,M138,2
OI009293,O011354,M063,1
OI009294,O019621,M189,1
OI009295,O006085,M207,2
OI009296,O004321,M107,1
OI009297,O009737,M175,3
OI009298,O000318,M019,1
OI009299,O018893,M129,2
OI009300,O002669,M015,2
OI009301,O004927,M208,2
OI009302,O018629,M043,2
OI009303,O019407,M122,1
OI009304,O009289,M234,1
OI009305,O006867,M151,3
OI009306,O013844,M059,1
OI009307,O010172,M224,1
OI009308,O008559,M170,1
OI009309,O001649,M069,3
OI009310,O013943,M003,2
OI009311,O009717,M051,3
OI009312,O010478,M078,3
OI009313,O007957,M036,1
OI009314,O013209,M225,1
OI009315,O001740,M161,2
OI009316,O009841,M176,3
OI009317,O008841,M191,1
OI009318,O004918,M078,1
OI009319,O015620,M086,3
OI009320,O019173,M248,2
OI009321,O016208,M044,2
OI009322,O005793,M072,2
OI009323,O000744,M034,2
OI009324,O003145,M245,3
OI009325,O016389,M087,3
OI009326,O010720,M227,2
OI009327,O012335,M123,3
OI009328,O007290,M159,2
OI009329,O019129,M020,1
OI009330,O002305,M076,3
OI009331,O003403,M214,3
OI009332,O008303,M134,1
OI009333,O013329,M147,3
OI009334,O003122,M113,2
OI009335,O010732,M101,1
OI009336,O013631,M161,3
OI009337,O013364,M054,2
OI009338,O012863,M171,1
OI009339,O009811,M120,1
OI009340,O003324,M020,3
OI009341,O014418,M121,2
OI009342,O002717,M121,2
OI009343,O014020,M156,2
OI009344,O013039,M016,3
OI009345,O003017,M060,3
OI009346,O009035,M068,1
OI009347,O008235,M179,3
OI009348,O001198,M145,1
OI009349,O019331,M123,1
OI009350,O018114,M142,1
OI009351,O002757,M042,3
OI009352,O014210,M226,3
OI009353,O003837,M233,1
OI009354,O001254,M137,2
OI009355,O008186,M151,2
OI009356,O003686,M186,1
OI009357,O019458,M001,3
OI009358,O015366,M170,1
OI009359,O011666,M114,1
OI009360,O018040,M234,3
OI009361,O003907,M142,3
OI009362,O011527,M055,1
OI009363,O015014,M202,1
OI009364,O012198,M038,1
OI009365,O013217,M138,2
OI009366,O016608,M039,1
OI009367,O013896,M061,2
OI009368,O000637,M097,2
OI009369,O016581,M231,3
OI009370,O010917,M053,3
OI009371,O001588,M211,3
OI009372,O000968,M089,2
OI009373,O010923,M177,2
OI009374,O002287,M008,3
OI009375,O007929,M087,3
OI009376,O018575,M179,2
OI009377,O019274,M164,1
OI009378,O015748,M130,3
OI009379,O004791,M230,3
OI009380,O005774,M019,2
OI009381,O018588,M218,3
OI009382,O003991,M206,3
OI009383,O014211,M109,3
OI009384,O003957,M030,3
OI009385,O008552,M024,2
OI009386,O012270,M202,3
OI009387,O011957,M110,2
OI009388,O012656,M107,2
OI009389,O000674,M148,2
OI009390,O018968,M231,2
OI009391,O006683,M240,3
OI009392,O017717,M186,2
OI009393,O013826,M206,1
OI009394,O006446,M194,3
OI009395,O016945,M248,3
OI009396,O005775,M236,3
OI009397,O017676,M054,2
OI009398,O017562,M164,2
OI009399,O012487,M233,3
OI009400,O016079,M062,2
OI009401,O007935,M104,2
OI009402,O016598,M139,2
OI009403,O019049,M130,3
OI009404,O010890,M117,2
OI009405,O010705,M144,1
OI009406,O011577,M041,1
OI009407,O003762,M175,2
OI009408,O011514,M222,2
OI009409,O008903,M212,1
OI009410,O002367,M008,2
OI009411,O002676,M128,2
OI009412,O002362,M151,3
OI009413,O017496,M085,1
OI009414,O013358,M023,3
OI009415,O016583,M005,1
OI009416,O003349,M024,3
OI009417,O015105,M228,1
OI009418,O017497,M116,1
OI009419,O012235,M033,3
OI009420,O012439,M164,3
OI009421,O015321,M106,1
OI009422,O001085,M137,3
OI009423,O019529,M244,3
OI009424,O008482,M018,2
OI009425,O016330,M061,2
OI009426,O000453,M225,1
OI009427,O000677,M054,2
OI009428,O006609,M210,1
OI009429,O013638,M244,3
OI009430,O009252,M232,2
OI009431,O010068,M175,2
OI009432,O002225,M110,1
OI009433,O004866,M103,1
OI009434,O004802,M192,3
OI009435,O016930,M190,1
OI009436,O006933,M154,2
OI009437,O016177,M040,3
OI009438,O011778,M033,1
OI009439,O019581,M150,2
OI009440,O011570,M141,1
OI009441,O004404,M113,2
OI009442,O014720,M069,1
OI009443,O015765,M209,3
OI009444,O018096,M173,1
OI009445,O003011,M068,2
OI009446,O008551,M147,2
OI009447,O009118,M153,3
OI009448,O016458,M026,1
OI009449,O008036,M181,3
OI009450,O016853,M037,3
OI009451,O010427,M140,3
OI009452,O000511,M120,1
OI009453,O007004,M224,1
OI009454,O002089,M104,1
OI009455,O012900,M057,2
OI009456,O016504,M109,3
OI009457,O005785,M142,2
OI009458,O010500,M073,2
OI009459,O007434,M067,2
OI009460,O016187,M151,1
OI009461,O017818,M208,3
OI009462,O010573,M222,2
OI009463,O010674,M007,2
OI009464,O013073,M046,1
OI009465,O001849,M216,3
OI009466,O013287,M239,1
OI009467,O005923,M242,1
OI009468,O019902,M103,3
OI009469,O008263,M034,3
OI009470,O008594,M141,3
OI009471,O013984,M039,3
OI009472,O004585,M022,2
OI009473,O005478,M213,1
OI009474,O011937,M223,2
OI009475,O004592,M105,2
OI009476,O007937,M178,1
OI009477,O004728,M006,3
OI009478,O003566,M182,3
OI009479,O006784,M186,2
OI009480,O000723,M184,2
OI009481,O009223,M244,2
OI009482,O018599,M233,2
OI009483,O017157,M114,1
OI009484,O003294,M215,2
OI009485,O013542,M112,1
OI009486,O019883,M239,1
OI009487,O012638,M172,1
OI009488,O018659,M118,1
OI009489,O000388,M086,2
OI009490,O014314,M082,3
OI009491,O009758,M068,1
OI009492,O004655,M128,1
OI009493,O015047,M121,2
OI009494,O013585,M219,3
OI009495,O013101,M110,2
OI009496,O010806,M199,1
OI009497,O000690,M051,2
OI009498,O007423,M115,2
OI009499,O001158,M038,3
OI009500,O014672,M039,1
OI009501,O004668,M173,1
OI009502,O016886,M028,2
OI009503,O003584,M104,3
OI009504,O003262,M240,1
OI009505,O000887,M010,1
OI009506,O008249,M035,2
OI009507,O012556,M029,1
OI009508,O002262,M250,1
OI009509,O018998,M060,2
OI009510,O005279,M044,1
OI009511,O014696,M189,2
OI009512,O012661,M131,1
OI009513,O018652,M205,2
OI009514,O010289,M125,3
OI009515,O004691,M108,2
OI009516,O001062,M010,2
OI009517,O013175,M014,1
OI009518,O009709,M044,3
OI009519,O002710,M216,2
OI009520,O006222,M084,2
OI009521,O001853,M077,1
OI009522,O000708,M240,3
OI009523,O000773,M243,3
OI009524,O004564,M094,2
OI009525,O008116,M036,2
OI009526,O010173,M066,1
OI009527,O010848,M250,3
OI009528,O013540,M007,2
OI009529,O000252,M172,2
OI009530,O002132,M040,3
OI009531,O002277,M179,2
OI009532,O011494,M204,3
OI009533,O013538,M231,1
OI009534,O011898,M045,2
OI009535,O019374,M104,1
OI009536,O000511,M191,1
OI009537,O007216,M036,2
OI009538,O011130,M069,2
OI009539,O017309,M144,1
OI009540,O018760,M166,3
OI009541,O004235,M229,1
OI009542,O018759,M205,3
OI009543,O013726,M207,1
OI009544,O011621,M217,2
OI009545,O017790,M038,2
OI009546,O002309,M044,3
OI009547,O010556,M100,1
OI009548,O010864,M140,3
OI009549,O006124,M078,1
OI009550,O016847,M245,3
OI009551,O012966,M125,3
OI009552,O019638,M114,1
OI009553,O011047,M003,2
OI009554,O007821,M115,1
OI009555,O019654,M230,2
OI009556,O008554,M133,1
OI009557,O005720,M209,3
OI009558,O018636,M197,1
OI009559,O017128,M073,2
OI009560,O000210,M053,3
OI009561,O014203,M080,2
OI009562,O019220,M083,3
OI009563,O008539,M239,1
OI009564,O003229,M005,3
OI009565,O016614,M154,2
OI009566,O016885,M131,3
OI009567,O017471,M135,1
OI009568,O009328,M169,2
OI009569,O002466,M057,2
OI009570,O002520,M193,1
OI009571,O006389,M190,1
OI009572,O011598,M052,3
OI009573,O012820,M082,1
OI009574,O018287,M167,2
OI009575,O002360,M115,2
OI009576,O000517,M039,2
OI009577,O010921,M218,3
OI009578,O004618,M127,1
OI009579,O008022,M129,3
OI009580,O000009,M058,2
OI009581,O011964,M119,1
OI009582,O005244,M248,1
OI009583,O002525,M087,3
OI009584,O008060,M003,2
OI009585,O006184,M183,1
OI009586,O014559,M206,2
OI009587,O011555,M009,3
OI009588,O009570,M131,1
OI009589,O006096,M230,2
OI009590,O009765,M102,1
OI009591,O015546,M178,3
OI009592,O001507,M175,1
OI009593,O018674,M058,2
OI009594,O005427,M056,3
OI009595,O019615,M200,2
OI009596,O019935,M134,3
OI009597,O007614,M129,2
OI009598,O011096,M073,1
OI009599,O015789,M157,1
OI009600,O015998,M198,2
OI009601,O007159,M154,2
OI009602,O014009,M103,2
OI009603,O001268,M025,2
OI009604,O018978,M111,3
OI009605,O004006,M100,2
OI009606,O003924,M030,3
OI009607,O005142,M244,2
OI009608,O012411,M007,2
OI009609,O004767,M124,2
OI009610,O014694,M242,2
OI009611,O009781,M055,3
OI009612,O006426,M231,3
OI009613,O003235,M208,2
OI009614,O003072,M118,1
OI009615,O015372,M014,1
OI009616,O017191,M222,2
OI009617,O014509,M191,3
OI009618,O016099,M209,3
OI009619,O011333,M234,3
OI009620,O012707,M014,1
OI009621,O003532,M195,1
OI009622,O014869,M234,1
OI009623,O003629,M136,3
OI009624,O019430,M076,3
OI009625,O005427,M064,1
OI009626,O019437,M156,3
OI009627,O001500,M115,1
OI009628,O010386,M065,1
OI009629,O009683,M071,3
OI009630,O009163,M162,1
OI009631,O017783,M008,3
OI009632,O006384,M112,3
OI009633,O015643,M156,2
OI009634,O006351,M059,3
OI009635,O003358,M171,1
OI009636,O006457,M027,3
OI009637,O012285,M102,1
OI009638,O014769,M050,1
OI009639,O006928,M213,1
OI009640,O005081,M123,1
OI009641,O014227,M197,1
OI009642,O002918,M227,1
OI009643,O014921,M029,2
OI009644,O001325,M223,1
OI009645,O014816,M009,1
OI009646,O016171,M236,1
OI009647,O005515,M108,1
OI009648,O013225,M111,3
OI009649,O003640,M221,3
OI009650,O011299,M111,3
OI009651,O013145,M045,3
OI009652,O012353,M002,1
OI009653,O005252,M094,2
OI009654,O002692,M110,1
OI009655,O006212,M098,3
OI009656,O019508,M105,2
OI009657,O016915,M185,2
OI009658,O015139,M131,1
OI009659,O008562,M189,2
OI009660,O000459,M226,2
OI009661,O013838,M037,2
OI009662,O012403,M067,1
OI009663,O010014,M222,1
OI009664,O008066,M207,3
OI009665,O010574,M145,3
OI009666,O012751,M086,2
OI009667,O011072,M234,3
OI009668,O000573,M023,3
OI009669,O019288,M013,1
OI009670,O009112,M198,3
OI009671,O003475,M042,2
OI009672,O012114,M001,3
OI009673,O003922,M021,2
OI009674,O014226,M241,2
OI009675,O015821,M138,2
OI009676,O006227,M090,3
OI009677,O009815,M092,1
OI009678,O015668,M096,1
OI009679,O012052,M173,2
OI009680,O002977,M027,3
OI009681,O008057,M078,1
OI009682,O006779,M084,1
OI009683,O015139,M160,1
OI009684,O007324,M047,1
OI009685,O011492,M114,2
OI009686,O002177,M143,2
OI009687,O003798,M125,1
OI009688,O003682,M018,1
OI009689,O010956,M202,2
OI009690,O017877,M156,3
OI009691,O019176,M155,1
OI009692,O006374,M127,2
OI009693,O013909,M181,2
OI009694,O000784,M016,2
OI009695,O000172,M095,1
OI009696,O006842,M041,2
OI009697,O011911,M052,1
OI009698,O002689,M060,2
OI009699,O004325,M097,3
OI009700,O013936,M087,3
OI009701,O008973,M013,1
OI009702,O005555,M214,3
OI009703,O002418,M244,1
OI009704,O004725,M017,3
OI009705,O019678,M181,3
OI009706,O009790,M146,2
OI009707,O014546,M078,3
OI009708,O004619,M077,3
OI009709,O006879,M224,3
OI009710,O010879,M014,2
OI009711,O018420,M129,2
OI009712,O018287,M035,1
OI009713,O016055,M085,3
OI009714,O006192,M056,3
OI009715,O004654,M233,2
OI009716,O012509,M029,1
OI009717,O001836,M188,2
OI009718,O010974,M113,1
OI009719,O005201,M211,2
OI009720,O005140,M170,1
OI009721,O014271,M246,1
OI009722,O003703,M009,2
OI009723,O015738,M064,1
OI009724,O006685,M165,2
OI009725,O002819,M086,1
OI009726,O003643,M105,3
OI009727,O003956,M166,1
OI009728,O016631,M168,2
OI009729,O004723,M065,1
OI009730,O002052,M194,2
OI009731,O017348,M033,3
OI009732,O013611,M094,1
OI009733,O013821,M121,1
OI009734,O002661,M165,1
OI009735,O017198,M075,3
OI009736,O019804,M135,1
OI009737,O001525,M134,3
OI009738,O015069,M048,3
OI009739,O012508,M098,2
OI009740,O013097,M054,3
OI009741,O011728,M030,3
OI009742,O015552,M209,1
OI009743,O016040,M207,2
OI009744,O007107,M002,3
OI009745,O011007,M074,2
OI009746,O002014,M211,2
OI009747,O014059,M027,3
OI009748,O013156,M082,1
OI009749,O002564,M243,2
OI009750,O015582,M202,2
OI009751,O002974,M160,3
OI009752,O014147,M012,3
OI009753,O005782,M024,1
OI009754,O016578,M140,1
OI009755,O010618,M210,1
OI009756,O018978,M191,1
OI009757,O008430,M192,3
OI009758,O012940,M064,1
OI009759,O004132,M005,2
OI009760,O015567,M158,1
OI009761,O015300,M137,2
OI009762,O012931,M061,2
OI009763,O008816,M208,3
OI009764,O003151,M034,1
OI009765,O011398,M177,1
OI009766,O003069,M161,1
OI009767,O011343,M084,1
OI009768,O010323,M093,3
OI009769,O000272,M132,1
OI009770,O014674,M086,3
OI009771,O004364,M073,3
OI009772,O008705,M192,3
OI009773,O006643,M103,1
OI009774,O001259,M010,1
OI009775,O016317,M128,3
OI009776,O017944,M112,2
OI009777,O017612,M221,3
OI009778,O004967,M153,1
OI009779,O012507,M198,2
OI009780,O019008,M107,1
OI009781,O014570,M102,3
OI009782,O017326,M192,2
OI009783,O007284,M211,2
OI009784,O018770,M061,3
OI009785,O009875,M113,1
OI009786,O014248,M105,2
OI009787,O005430,M043,1
OI009788,O005545,M220,1
OI009789,O000396,M220,2
OI009790,O004828,M228,3
OI009791,O018806,M096,3
OI009792,O015209,M237,2
OI009793,O011777,M004,1
OI009794,O013123,M088,1
OI009795,O009996,M011,3
OI009796,O014621,M017,1
OI009797,O007717,M122,2
OI009798,O010596,M051,1
OI009799,O003448,M022,1
OI009800,O005044,M069,1
OI009801,O007515,M153,1
OI009802,O007619,M178,1
OI009803,O017483,M245,3
OI009804,O014618,M073,2
OI009805,O005228,M194,1
OI009806,O003676,M198,3
OI009807,O005104,M070,1
OI009808,O014733,M031,1
OI009809,O010389,M018,3
OI009810,O013365,M141,2
OI009811,O017149,M023,2
OI009812,O012941,M038,1
OI009813,O007604,M190,1
OI009814,O004239,M083,2
OI009815,O015178,M214,1
OI009816,O000054,M136,1
OI009817,O017175,M211,2
OI009818,O005934,M072,1
OI009819,O018801,M038,2
OI009820,O018685,M175,2
OI009821,O019208,M102,3
OI009822,O017765,M094,2
OI009823,O010246,M024,3
OI009824,O013470,M177,2
OI009825,O018314,M227,1
OI009826,O017138,M057,2
OI009827,O018823,M065,2
OI009828,O017619,M127,3
OI009829,O014226,M181,2
OI009830,O006482,M025,1
OI009831,O001759,M047,3
OI009832,O006092,M175,2
OI009833,O009041,M056,3
OI009834,O016325,M155,2
OI009835,O019750,M240,1
OI009836,O009145,M095,2
OI009837,O009523,M143,2
OI009838,O001239,M150,2
OI009839,O011585,M192,2
OI009840,O017029,M108,3
OI009841,O011823,M044,2
OI009842,O008786,M138,1
OI009843,O006185,M081,3
OI009844,O005720,M145,3
OI009845,O009917,M216,3
OI009846,O011124,M009,3
OI009847,O005224,M166,1
OI009848,O005857,M197,3
OI009849,O017379,M181,1
OI009850,O002860,M178,1
OI009851,O012313,M058,2
OI009852,O018527,M060,2
OI009853,O010346,M038,1
OI009854,O001495,M128,3
OI009855,O007193,M024,2
OI009856,O013965,M241,2
OI009857,O005243,M080,2
OI009858,O002099,M095,3
OI009859,O016801,M217,1
OI009860,O003051,M035,3
OI009861,O004360,M020,3
OI009862,O015945,M051,2
OI009863,O006010,M042,1
OI009864,O009235,M133,2
OI009865,O014995,M060,1
OI009866,O005633,M001,3
OI009867,O016239,M249,1
OI009868,O013864,M193,2
OI009869,O005904,M230,2
OI009870,O005924,M166,1
OI009871,O015391,M068,2
OI009872,O002059,M206,3
OI009873,O019364,M087,2
OI009874,O003526,M109,2
OI009875,O018025,M143,2
OI009876,O001018,M225,1
OI009877,O009175,M086,1
OI009878,O007535,M131,2
OI009879,O017819,M114,2
OI009880,O010763,M078,3
OI009881,O001318,M118,2
OI009882,O014746,M161,2
OI009883,O010653,M129,2
OI009884,O003316,M226,2
OI009885,O009102,M132,1
OI009886,O011020,M177,3
OI009887,O018852,M244,3
OI009888,O008545,M056,1
OI009889,O010526,M218,1
OI009890,O019032,M188,3
OI009891,O000389,M159,3
OI009892,O013490,M160,2
OI009893,O018981,M008,2
OI009894,O000239,M028,1
OI009895,O018608,M120,3
OI009896,O006614,M020,3
OI009897,O018604,M182,1
OI009898,O006295,M229,3
OI009899,O012405,M181,3
OI009900,O019754,M118,2
OI009901,O004422,M191,2
OI009902,O008986,M137,3
OI009903,O015782,M055,2
OI009904,O015229,M242,1
OI009905,O009872,M004,2
OI009906,O002506,M249,1
OI009907,O003905,M238,2
OI009908,O010054,M238,3
OI009909,O007824,M217,1
OI009910,O012012,M229,1
OI009911,O017866,M089,3
OI009912,O008986,M160,3
OI009913,O011677,M147,1
OI009914,O014473,M236,1
OI009915,O013915,M001,2
OI009916,O013710,M042,2
OI009917,O004073,M189,3
OI009918,O016363,M242,3
OI009919,O004672,M022,3
OI009920,O003578,M220,1
OI009921,O000123,M227,3
OI009922,O004219,M225,2
OI009923,O013737,M075,1
OI009924,O015688,M035,2
OI009925,O019061,M207,3
OI009926,O017366,M123,3
OI009927,O019803,M016,3
OI009928,O013580,M103,1
OI009929,O018363,M145,2
OI009930,O013773,M088,2
OI009931,O017114,M103,3
OI009932,O017479,M180,3
OI009933,O002694,M231,1
OI009934,O006002,M177,2
OI009935,O002393,M179,1
OI009936,O015493,M095,1
OI009937,O019829,M040,2
OI009938,O009317,M108,1
OI009939,O013310,M045,3
OI009940,O005512,M058,3
OI009941,O012255,M101,3
OI009942,O009905,M048,1
OI009943,O000067,M137,2
OI009944,O019821,M106,1
OI009945,O009342,M152,3
OI009946,O017963,M216,2
OI009947,O012544,M163,2
OI009948,O010499,M083,2
OI009949,O003239,M142,2
OI009950,O004564,M243,3
OI009951,O008142,M233,3
OI009952,O016938,M135,1
OI009953,O012648,M018,2
OI009954,O019911,M022,2
OI009955,O010177,M149,2
OI009956,O011195,M159,2
OI009957,O011766,M227,3
OI009958,O004633,M120,1
OI009959,O018349,M179,2
OI009960,O009193,M026,1
OI009961,O004621,M014,2
OI009962,O014578,M212,3
OI009963,O011052,M047,3
OI009964,O017850,M122,3
OI009965,O000441,M091,1
OI009966,O011899,M231,1
OI009967,O002377,M093,2
OI009968,O002392,M096,1
OI009969,O015275,M154,1
OI009970,O009638,M216,3
OI009971,O011063,M189,3
OI009972,O019789,M113,3
OI009973,O012285,M119,2
OI009974,O003072,M192,2
OI009975,O006679,M213,3
OI009976,O007359,M180,2
OI009977,O003446,M219,3
OI009978,O011828,M040,3
OI009979,O019332,M034,3
OI009980,O005244,M234,1
OI009981,O000498,M220,1
OI009982,O009583,M142,3
OI009983,O006769,M039,2
OI009984,O010479,M115,3
OI009985,O010855,M217,1
OI009986,O011334,M192,2
OI009987,O011008,M044,3
OI009988,O006529,M040,1
OI009989,O009596,M017,3
OI009990,O006481,M224,2
OI009991,O017659,M084,1
OI009992,O015437,M187,3
OI009993,O002912,M072,1
OI009994,O018221,M055,3
OI009995,O001936,M096,1
OI009996,O009708,M090,3
OI009997,O001287,M227,3
OI009998,O005105,M036,1
OI009999,O007345,M050,3
OI010000,O011158,M079,3
OI010001,O011940,M214,1
OI010002,O000046,M045,2
OI010003,O011914,M226,3
OI010004,O000686,M018,2
OI010005,O008064,M123,2
OI010006,O012469,M240,3
OI010007,O014343,M078,3
OI010008,O005327,M041,2
OI010009,O007632,M079,2
OI010010,O010965,M214,2
OI010011,O009903,M077,1
OI010012,O004125,M066,2
OI010013,O008076,M089,3
OI010014,O011920,M109,2
OI010015,O011904,M239,1
OI010016,O017450,M188,3
OI010017,O010125,M202,3
OI010018,O000956,M134,3
OI010019,O012968,M074,3
OI010020,O007737,M124,3
OI010021,O013303,M108,2
OI010022,O015224,M248,2
OI010023,O011841,M082,3
OI010024,O003221,M180,2
OI010025,O006510,M048,2
OI010026,O012800,M091,1
OI010027,O004649,M035,3
OI010028,O011795,M140,3
OI010029,O013514,M120,2
OI010030,O014160,M126,3
OI010031,O014910,M144,3
OI010032,O017026,M154,1
OI010033,O006986,M066,3
OI010034,O001162,M124,2
OI010035,O002212,M153,3
OI010036,O016186,M145,1
OI010037,O001950,M093,1
OI010038,O011481,M075,1
OI010039,O014619,M022,3
OI010040,O000677,M155,3
OI010041,O016702,M157,3
OI010042,O006716,M049,2
OI010043,O011512,M017,2
OI010044,O011270,M213,2
OI010045,O015122,M153,1
OI010046,O004576,M111,2
OI010047,O012873,M010,3
OI010048,O016864,M070,1
OI010049,O005810,M222,2
OI010050,O012987,M016,3
OI010051,O004578,M001,2
OI010052,O008374,M115,1
OI010053,O014050,M179,1
OI010054,O005386,M194,2
OI010055,O016315,M011,1
OI010056,O002859,M095,1
OI010057,O017352,M174,3
OI010058,O001159,M244,3
OI010059,O014189,M250,1
OI010060,O018617,M089,3
OI010061,O008771,M044,1
OI010062,O002034,M193,1
OI010063,O005496,M022,1
OI010064,O015102,M192,1
OI010065,O012262,M219,3
OI010066,O012449,M127,3
OI010067,O011954,M182,2
OI010068,O000907,M099,3
OI010069,O016102,M106,3
OI010070,O015594,M177,1
OI010071,O019939,M105,2
OI010072,O002507,M074,2
OI010073,O001161,M122,3
OI010074,O003591,M101,2
OI010075,O004445,M241,1
OI010076,O004045,M020,2
OI010077,O008952,M226,2
OI010078,O019954,M126,3
OI010079,O015543,M018,2
OI010080,O018989,M103,1
OI010081,O000943,M248,2
OI010082,O011590,M127,2
OI010083,O009505,M181,1
OI010084,O007725,M026,1
OI010085,O007841,M231,1
OI010086,O016326,M215,3
OI010087,O002037,M025,2
OI010088,O003673,M063,3
OI010089,O004124,M166,2
OI010090,O014760,M175,2
OI010091,O006731,M006,3
OI010092,O012089,M065,3
OI010093,O006062,M182,2
OI010094,O019723,M021,1
OI010095,O016057,M004,3
OI010096,O013719,M189,3
OI010097,O015737,M083,3
OI010098,O009512,M194,3
OI010099,O017623,M101,2
OI010100,O009240,M031,2
OI010101,O010769,M046,1
OI010102,O007064,M145,2
OI010103,O009187,M227,2
OI010104,O016578,M041,1
OI010105,O014622,M018,1
OI010106,O010915,M188,2
OI010107,O002692,M166,2
OI010108,O004618,M078,1
OI010109,O016988,M143,3
OI010110,O011501,M044,3
OI010111,O017637,M191,2
OI010112,O005421,M098,3
OI010113,O003685,M052,3
OI010114,O013660,M212,1
OI010115,O015824,M112,1
OI010116,O016427,M166,1
OI010117,O009487,M012,1
OI010118,O005363,M153,3
OI010119,O001447,M209,1
OI010120,O007832,M142,2
OI010121,O019507,M038,3
OI010122,O013289,M063,1
OI010123,O000786,M100,1
OI010124,O001785,M105,2
OI010125,O013011,M051,3
OI010126,O012464,M139,1
OI010127,O012619,M073,1
OI010128,O003341,M146,3
OI010129,O008962,M054,2
OI010130,O015649,M137,3
OI010131,O002004,M043,2
OI010132,O010371,M028,2
OI010133,O013934,M120,2
OI010134,O019827,M210,2
OI010135,O001175,M106,2
OI010136,O013975,M206,3
OI010137,O011159,M187,3
OI010138,O018564,M120,1
OI010139,O010513,M111,2
OI010140,O000754,M077,2
OI010141,O009024,M017,3
OI010142,O005869,M092,2
OI010143,O016503,M174,3
OI010144,O009479,M156,1
OI010145,O015146,M103,1
OI010146,O005769,M165,1
OI010147,O012895,M108,2
OI010148,O009543,M151,3
OI010149,O002709,M124,1
OI010150,O005602,M124,3
OI010151,O014817,M212,1
OI010152,O010443,M172,1
OI010153,O001546,M039,1
OI010154,O004129,M163,3
OI010155,O014505,M031,3
OI010156,O001170,M180,1
OI010157,O016397,M195,2
OI010158,O018652,M026,3
OI010159,O004969,M244,3
OI010160,O010165,M239,1
OI010161,O010882,M140,1
OI010162,O004452,M140,2
OI010163,O010060,M141,3
OI010164,O006905,M141,1
OI010165,O018712,M219,3
OI010166,O011756,M029,3
OI010167,O007300,M215,3
OI010168,O000373,M218,1
OI010169,O005689,M130,1
OI010170,O007828,M200,2
OI010171,O004461,M172,2
OI010172,O007795,M006,1
OI010173,O012452,M034,1
OI010174,O004386,M181,1
OI010175,O018965,M163,3
OI010176,O019474,M166,1
OI010177,O008067,M057,3
OI010178,O015507,M076,1
OI010179,O010498,M134,3
OI010180,O001202,M241,2
OI010181,O005557,M217,1
OI010182,O001365,M169,1
OI010183,O000375,M008,2
OI010184,O006646,M042,3
OI010185,O011696,M093,3
OI010186,O002434,M189,1
OI010187,O017948,M163,3
OI010188,O017264,M097,3
OI010189,O019473,M249,2
OI010190,O005263,M220,3
OI010191,O009195,M222,1
OI010192,O000598,M205,2
OI010193,O006506,M213,1
OI010194,O002656,M035,1
OI010195,O019784,M177,2
OI010196,O002032,M003,1
OI010197,O016298,M226,1
OI010198,O012308,M072,3
OI010199,O015816,M035,1
OI010200,O019273,M102,2
OI010201,O015596,M204,2
OI010202,O008859,M138,3
OI010203,O005912,M035,2
OI010204,O009346,M105,3
OI010205,O019575,M224,2
OI010206,O009773,M154,1
OI010207,O010772,M195,2
OI010208,O018113,M049,2
OI010209,O006268,M041,3
OI010210,O006994,M119,2
OI010211,O007578,M132,1
OI010212,O000925,M097,2
OI010213,O007711,M161,1
OI010214,O015140,M145,3
OI010215,O013226,M015,2
OI010216,O007322,M181,2
OI010217,O004842,M153,3
OI010218,O005209,M014,1
OI010219,O004328,M187,2
OI010220,O007289,M230,2
OI010221,O015222,M249,2
OI010222,O003070,M073,1
OI010223,O003179,M236,3
OI010224,O018205,M111,2
OI010225,O007082,M053,1
OI010226,O010203,M234,1
OI010227,O018596,M211,2
OI010228,O013797,M095,2
OI010229,O011458,M107,2
OI010230,O015848,M112,2
OI010231,O009857,M002,1
OI010232,O008357,M087,2
OI010233,O001741,M099,2
OI010234,O006780,M155,1
OI010235,O000235,M239,3
OI010236,O005964,M145,1
OI010237,O008940,M101,2
OI010238,O005667,M154,2
OI010239,O016045,M055,3
OI010240,O008103,M141,3
OI010241,O013222,M038,1
OI010242,O005451,M245,3
OI010243,O001613,M063,2
OI010244,O010237,M016,3
OI010245,O018547,M050,1
OI010246,O012189,M026,3
OI010247,O000054,M162,2
OI010248,O010839,M080,3
OI010249,O007026,M120,2
OI010250,O004427,M231,3
OI010251,O018827,M206,3
OI010252,O001406,M225,1
OI010253,O018193,M220,1
OI010254,O009005,M076,3
OI010255,O018231,M144,1
OI010256,O004014,M178,1
OI010257,O004302,M032,2
OI010258,O006818,M019,2
OI010259,O018825,M022,3
OI010260,O017310,M229,2
OI010261,O017986,M073,2
OI010262,O008367,M207,3
OI010263,O017848,M120,2
OI010264,O002328,M174,2
OI010265,O000011,M077,3
OI010266,O007742,M144,3
OI010267,O015131,M053,3
OI010268,O008854,M215,2
OI010269,O018432,M130,1
OI010270,O014978,M197,3
OI010271,O012354,M248,2
OI010272,O000129,M144,2
OI010273,O016513,M244,3
OI010274,O013686,M031,1
OI010275,O010173,M180,3
OI010276,O016249,M208,1
OI010277,O018511,M224,3
OI010278,O003691,M177,1
OI010279,O015649,M240,2
OI010280,O008950,M172,1
OI010281,O008107,M050,2
OI010282,O002003,M117,2
OI010283,O011631,M242,2
OI010284,O019812,M154,3
OI010285,O006405,M245,3
OI010286,O019740,M148,2
OI010287,O004515,M140,1
OI010288,O010013,M142,2
OI010289,O004668,M060,3
OI010290,O007761,M033,2
OI010291,O006311,M246,2
OI010292,O001004,M208,3
OI010293,O012464,M107,3
OI010294,O015806,M112,2
OI010295,O015641,M122,1
OI010296,O017656,M089,3
OI010297,O005659,M149,3
OI010298,O002677,M238,1
OI010299,O010443,M013,2
OI010300,O002162,M188,2
OI010301,O001260,M007,1
OI010302,O004928,M034,1
OI010303,O015320,M111,1
OI010304,O009177,M064,1
OI010305,O004213,M047,1
OI010306,O004960,M018,1
OI010307,O007656,M086,1
OI010308,O008057,M072,1
OI010309,O000371,M245,1
OI010310,O006588,M209,2
OI010311,O003904,M065,2
OI010312,O018563,M171,1
OI010313,O017358,M108,3
OI010314,O007388,M063,3
OI010315,O006071,M141,1
OI010316,O007700,M158,2
OI010317,O004168,M032,3
OI010318,O010289,M164,2
OI010319,O010414,M012,2
OI010320,O014982,M089,3
OI010321,O004371,M016,3
OI010322,O017401,M039,3
OI010323,O009566,M085,1
OI010324,O007218,M130,2
OI010325,O002310,M179,2
OI010326,O011313,M091,2
OI010327,O001831,M042,2
OI010328,O015163,M199,3
OI010329,O016666,M124,3
OI010330,O000719,M047,1
OI010331,O000924,M126,3
OI010332,O010374,M107,2
OI010333,O001440,M223,1
OI010334,O000807,M244,2
OI010335,O009728,M007,3
OI010336,O006468,M195,1
OI010337,O019229,M249,2
OI010338,O016191,M172,1
OI010339,O003525,M035,2
OI010340,O000606,M076,2
OI010341,O000388,M187,2
OI010342,O004401,M018,3
OI010343,O010632,M147,1
OI010344,O014262,M148,3
OI010345,O007190,M219,2
OI010346,O016937,M127,3
OI010347,O003015,M153,1
OI010348,O006056,M026,2
OI010349,O000907,M031,2
OI010350,O003280,M241,1
OI010351,O004923,M090,1
OI010352,O005139,M069,1
OI010353,O008076,M091,3
OI010354,O011389,M018,1
OI010355,O004779,M052,2
OI010356,O016546,M095,2
OI010357,O015855,M137,2
OI010358,O008797,M040,1
OI010359,O004222,M068,2
OI010360,O015826,M098,2
OI010361,O018679,M195,1
OI010362,O004761,M184,3
OI010363,O009163,M163,1
OI010364,O000189,M020,1
OI010365,O015253,M151,1
OI010366,O011156,M053,3
OI010367,O012062,M140,2
OI010368,O004236,M089,2
OI010369,O012636,M160,3
OI010370,O010858,M221,2
OI010371,O009967,M051,1
OI010372,O015969,M236,3
OI010373,O007461,M056,3
OI010374,O019408,M184,2
OI010375,O015980,M145,3
OI010376,O005791,M089,1
OI010377,O017868,M220,2
OI010378,O008807,M230,2
OI010379,O009373,M176,2
OI010380,O002167,M250,3
OI010381,O017606,M015,1
OI010382,O005882,M088,2
OI010383,O009207,M232,1
OI010384,O013493,M018,3
OI010385,O009054,M175,3
OI010386,O001690,M210,3
OI010387,O012160,M164,1
OI010388,O003962,M240,2
OI010389,O012528,M106,3
OI010390,O000029,M030,2
OI010391,O000632,M062,3
OI010392,O005295,M056,2
OI010393,O000343,M186,3
OI010394,O012539,M047,1
OI010395,O018422,M032,2
OI010396,O011643,M077,1
OI010397,O014518,M004,2
OI010398,O007847,M061,3
OI010399,O004720,M067,3
OI010400,O019394,M017,1
OI010401,O011949,M234,1
OI010402,O000690,M024,3
OI010403,O019644,M175,3
OI010404,O019267,M143,1
OI010405,O000471,M227,3
OI010406,O019951,M015,3
OI010407,O011770,M051,1
OI010408,O017096,M077,3
OI010409,O009268,M145,1
OI010410,O002182,M175,2
OI010411,O019297,M204,2
OI010412,O003603,M031,2
OI010413,O007674,M166,3
OI010414,O017578,M181,1
OI010415,O012198,M169,2
OI010416,O004937,M135,2
OI010417,O008168,M152,1
OI010418,O003797,M011,2
OI010419,O005157,M012,3
OI010420,O017062,M169,1
OI010421,O006571,M170,3
OI010422,O007440,M247,2
OI010423,O007546,M243,3
OI010424,O018368,M065,2
OI010425,O004861,M181,1
OI010426,O009935,M162,1
OI010427,O009577,M182,1
OI010428,O004063,M123,2
OI010429,O013744,M125,1
OI010430,O010695,M166,1
OI010431,O007775,M018,2
OI010432,O019205,M092,2
OI010433,O005401,M035,2
OI010434,O014832,M200,2
OI010435,O006453,M197,2
OI010436,O017742,M129,3
OI010437,O008838,M188,2
OI010438,O004518,M122,3
OI010439,O018020,M039,1
OI010440,O003573,M046,3
OI010441,O012695,M115,3
OI010442,O001847,M167,1
OI010443,O001352,M235,1
OI010444,O005878,M017,3
OI010445,O002379,M002,3
OI010446,O007714,M236,2
OI010447,O010575,M163,3
OI010448,O007942,M022,3
OI010449,O004599,M233,2
OI010450,O000581,M206,3
OI010451,O000063,M014,2
OI010452,O008068,M127,2
OI010453,O012425,M037,2
OI010454,O012378,M001,1
OI010455,O002058,M126,3
OI010456,O012812,M150,2
OI010457,O002051,M002,1
OI010458,O013131,M005,3
OI010459,O003359,M047,2
OI010460,O000457,M169,2
OI010461,O009964,M015,3
OI010462,O015694,M188,2
OI010463,O005523,M208,3
OI010464,O019917,M105,2
OI010465,O002950,M086,1
OI010466,O016139,M038,1
OI010467,O007596,M031,3
OI010468,O014577,M160,1
OI010469,O013224,M024,3
OI010470,O014459,M204,3
OI010471,O005487,M153,1
OI010472,O004420,M221,1
OI010473,O010687,M032,3
OI010474,O019446,M154,3
OI010475,O000069,M117,1
OI010476,O002156,M089,3
OI010477,O002208,M200,3
OI010478,O001440,M011,2
OI010479,O004637,M080,3
OI010480,O008917,M110,2
OI010481,O008498,M178,1
OI010482,O013504,M032,1
OI010483,O013629,M215,2
OI010484,O017325,M025,3
OI010485,O009999,M131,1
OI010486,O010117,M010,1
OI010487,O010956,M154,2
OI010488,O004868,M025,3
OI010489,O002561,M157,1
OI010490,O009311,M145,1
OI010491,O006346,M135,2
OI010492,O001083,M038,1
OI010493,O003197,M146,2
OI010494,O001923,M129,3
OI010495,O004571,M063,2
OI010496,O017292,M027,1
OI010497,O017600,M010,3
OI010498,O007367,M201,1
OI010499,O002899,M215,3
OI010500,O012611,M080,2
OI010501,O004845,M136,2
OI010502,O002493,M142,1
OI010503,O005071,M058,1
OI010504,O008322,M140,2
OI010505,O019005,M199,1
OI010506,O003272,M101,3
OI010507,O013924,M118,2
OI010508,O012751,M169,2
OI010509,O006912,M103,1
OI010510,O006943,M114,3
OI010511,O006002,M041,3
OI010512,O009056,M026,2
OI010513,O007387,M083,1
OI010514,O018700,M084,3
OI010515,O003144,M214,3
OI010516,O009575,M130,2
OI010517,O000413,M131,3
OI010518,O009519,M242,2
OI010519,O005641,M043,1
OI010520,O011401,M136,1
OI010521,O014820,M234,2
OI010522,O015498,M186,1
OI010523,O012893,M195,3
OI010524,O015572,M030,2
OI010525,O018158,M182,1
OI010526,O010588,M071,2
OI010527,O015875,M230,2
OI010528,O010063,M084,1
OI010529,O019897,M132,2
OI010530,O001103,M239,1
OI010531,O006163,M217,2
OI010532,O004725,M100,1
OI010533,O000258,M225,3
OI010534,O005360,M123,2
OI010535,O008918,M074,2
OI010536,O008303,M147,3
OI010537,O004899,M115,1
OI010538,O012524,M184,3
OI010539,O006529,M123,3
OI010540,O012535,M017,2
OI010541,O014445,M093,2
OI010542,O007098,M198,2
OI010543,O005756,M159,2
OI010544,O016043,M219,1
OI010545,O018856,M138,1
OI010546,O017820,M024,1
OI010547,O010075,M112,1
OI010548,O008197,M179,1
OI010549,O012799,M131,1
OI010550,O001017,M096,1
OI010551,O009018,M144,1
OI010552,O009155,M210,3
OI010553,O009530,M111,1
OI010554,O004682,M049,3
OI010555,O013482,M178,3
OI010556,O017891,M014,2
OI010557,O001093,M188,3
OI010558,O013071,M232,1
OI010559,O018077,M198,3
OI010560,O013091,M069,2
OI010561,O006323,M012,3
OI010562,O000296,M074,2
OI010563,O009391,M069,3
OI010564,O009603,M185,3
OI010565,O009320,M067,1
OI010566,O004834,M045,3
OI010567,O000603,M214,1
OI010568,O005136,M093,2
OI010569,O001728,M106,1
OI010570,O001202,M022,3
OI010571,O008163,M085,1
OI010572,O011187,M190,3
OI010573,O010709,M051,2
OI010574,O001768,M007,3
OI010575,O003354,M238,2
OI010576,O008118,M045,3
OI010577,O010442,M204,2
OI010578,O003438,M021,1
OI010579,O004786,M016,2
OI010580,O016511,M109,2
OI010581,O012844,M035,1
OI010582,O002849,M106,2
OI010583,O003649,M198,1
OI010584,O017322,M174,2
OI010585,O015985,M149,1
OI010586,O017093,M119,1
OI010587,O016641,M044,2
OI010588,O013613,M135,3
OI010589,O004054,M211,2
OI010590,O013006,M080,3
OI010591,O018399,M015,1
OI010592,O010415,M053,2
OI010593,O003176,M246,2
OI010594,O019921,M121,3
OI010595,O014631,M054,3
OI010596,O001847,M198,1
OI010597,O019954,M215,1
OI010598,O011174,M205,1
OI010599,O013577,M199,2
OI010600,O013021,M157,1
OI010601,O003255,M185,2
OI010602,O013981,M018,1
OI010603,O016463,M104,3
OI010604,O004748,M173,2
OI010605,O002981,M089,1
OI010606,O005316,M099,1
OI010607,O016210,M107,1
OI010608,O000300,M012,1
OI010609,O011691,M066,2
OI010610,O017692,M244,1
OI010611,O010354,M085,1
OI010612,O018016,M027,1
OI010613,O002533,M209,2
OI010614,O014036,M016,3
OI010615,O012930,M079,1
OI010616,O004395,M114,1
OI010617,O000525,M066,3
OI010618,O010919,M188,2
OI010619,O009064,M007,1
OI010620,O014668,M173,1
OI010621,O011491,M168,2
OI010622,O002338,M170,3
OI010623,O015092,M091,2
OI010624,O005580,M066,3
OI010625,O006648,M235,2
OI010626,O001118,M233,2
OI010627,O000930,M024,3
OI010628,O008756,M222,2
OI010629,O011993,M052,1
OI010630,O011441,M157,3
OI010631,O005934,M182,3
OI010632,O008136,M108,1
OI010633,O000041,M023,2
OI010634,O008200,M146,3
OI010635,O010698,M179,2
OI010636,O005355,M210,2
OI010637,O018888,M236,1
OI010638,O017946,M092,1
OI010639,O010679,M136,2
OI010640,O000359,M203,3
OI010641,O018147,M250,3
OI010642,O001462,M112,3
OI010643,O016814,M007,2
OI010644,O009813,M233,2
OI010645,O009295,M246,3
OI010646,O009094,M044,3
OI010647,O000166,M090,3
OI010648,O005258,M164,1
OI010649,O019211,M109,2
OI010650,O015996,M156,2
OI010651,O008226,M036,2
OI010652,O005309,M127,1
OI010653,O017461,M229,3
OI010654,O001944,M231,2
OI010655,O003000,M228,1
OI010656,O012539,M130,2
OI010657,O000812,M131,1
OI010658,O010611,M242,1
OI010659,O018557,M094,1
OI010660,O019530,M189,3
OI010661,O007728,M138,1
OI010662,O014572,M107,3
OI010663,O002876,M010,2
OI010664,O011862,M210,1
OI010665,O017378,M071,2
OI010666,O008029,M023,2
OI010667,O017574,M087,2
OI010668,O016860,M026,2
OI010669,O012133,M109,2
OI010670,O012906,M246,1
OI010671,O005862,M105,2
OI010672,O012080,M238,1
OI010673,O000619,M070,3
OI010674,O004698,M035,3
OI010675,O019420,M089,1
OI010676,O010532,M206,1
OI010677,O017672,M249,1
OI010678,O005267,M061,1
OI010679,O016828,M068,2
OI010680,O019988,M047,2
OI010681,O018591,M201,1
OI010682,O001196,M003,3
OI010683,O016955,M121,1
OI010684,O001975,M064,1
OI010685,O001449,M177,3
OI010686,O000892,M192,3
OI010687,O010373,M144,3
OI010688,O019974,M082,2
OI010689,O009679,M088,3
OI010690,O013578,M057,2
OI010691,O014601,M198,2
OI010692,O011714,M190,1
OI010693,O019104,M219,3
OI010694,O012487,M088,3
OI010695,O010534,M002,1
OI010696,O003037,M141,1
OI010697,O003179,M012,1
OI010698,O007710,M229,2
OI010699,O015735,M200,1
OI010700,O004642,M064,1
OI010701,O017615,M158,1
OI010702,O007782,M103,1
OI010703,O004867,M238,2
OI010704,O005681,M130,2
OI010705,O015349,M110,2
OI010706,O008525,M216,2
OI010707,O002903,M059,3
OI010708,O002186,M056,1
OI010709,O018050,M036,2
OI010710,O009386,M117,2
OI010711,O014687,M210,1
OI010712,O018261,M019,3
OI010713,O011828,M061,1
OI010714,O006658,M040,1
OI010715,O016097,M157,1
OI010716,O015103,M002,2
OI010717,O013323,M027,3
OI010718,O013308,M142,1
OI010719,O002465,M192,1
OI010720,O001153,M244,2
OI010721,O009752,M051,1
OI010722,O019675,M225,3
OI010723,O010393,M092,1
OI010724,O008445,M184,1
OI010725,O003210,M160,3
OI010726,O016012,M141,2
OI010727,O004570,M116,1
OI010728,O002380,M092,2
OI010729,O013244,M030,3
OI010730,O004653,M069,3
OI010731,O002586,M085,2
OI010732,O015332,M106,2
OI010733,O006745,M233,3
OI010734,O013573,M081,3
OI010735,O009855,M074,3
OI010736,O004314,M083,2
OI010737,O016459,M116,2
OI010738,O016341,M197,3
OI010739,O018372,M239,1
OI010740,O011415,M126,3
OI010741,O006471,M102,1
OI010742,O016511,M238,2
OI010743,O002713,M069,1
OI010744,O006899,M095,3
OI010745,O018101,M132,3
OI010746,O005274,M091,1
OI010747,O003539,M247,2
OI010748,O011160,M050,3
OI010749,O002894,M164,1
OI010750,O000080,M173,1
OI010751,O017369,M164,2
OI010752,O017794,M197,3
OI010753,O015796,M187,2
OI010754,O016613,M138,3
OI010755,O010425,M246,2
OI010756,O015330,M227,1
OI010757,O012296,M236,2
OI010758,O013251,M042,2
OI010759,O015178,M120,2
OI010760,O012061,M193,3
OI010761,O014002,M175,2
OI010762,O018880,M138,3
OI010763,O018939,M099,1
OI010764,O013273,M133,3
OI010765,O014714,M044,3
OI010766,O002786,M217,2
OI010767,O019089,M122,3
OI010768,O013641,M067,2
OI010769,O017616,M044,2
OI010770,O004575,M056,3
OI010771,O002340,M059,3
OI010772,O011948,M244,1
OI010773,O017334,M210,1
OI010774,O019898,M110,1
OI010775,O018898,M070,3
OI010776,O011002,M129,3
OI010777,O000011,M001,2
OI010778,O016898,M072,1
OI010779,O002302,M115,3
OI010780,O006613,M132,1
OI010781,O002907,M147,2
OI010782,O017305,M082,3
OI010783,O008964,M123,2
OI010784,O002171,M175,3
OI010785,O003074,M003,2
OI010786,O004560,M057,3
OI010787,O017099,M243,1
OI010788,O004755,M228,1
OI010789,O018801,M211,1
OI010790,O017735,M215,3
OI010791,O013472,M216,3
OI010792,O005205,M094,1
OI010793,O007300,M223,3
OI010794,O016769,M055,1
OI010795,O010930,M047,2
OI010796,O017006,M176,1
OI010797,O004580,M180,1
OI010798,O019370,M171,3
OI010799,O009733,M017,2
OI010800,O010843,M051,3
OI010801,O004201,M073,3
OI010802,O016271,M111,2
OI010803,O010717,M235,3
OI010804,O016107,M230,1
OI010805,O011621,M054,1
OI010806,O004456,M063,2
OI010807,O013697,M250,3
OI010808,O016044,M182,1
OI010809,O005789,M105,3
OI010810,O014610,M234,1
OI010811,O000345,M193,3
OI010812,O019803,M167,1
OI010813,O010221,M226,3
OI010814,O004896,M110,2
OI010815,O011625,M093,2
OI010816,O016320,M184,1
OI010817,O016909,M110,3
OI010818,O012158,M142,2
OI010819,O009584,M067,2
OI010820,O000461,M085,1
OI010821,O002900,M001,2
OI010822,O003734,M055,1
OI010823,O013256,M057,2
OI010824,O003600,M042,3
OI010825,O009360,M178,3
OI010826,O013119,M068,1
OI010827,O008333,M146,3
OI010828,O011250,M106,1
OI010829,O009196,M162,3
OI010830,O011000,M146,1
OI010831,O006660,M122,2
OI010832,O004503,M003,3
OI010833,O003941,M207,1
OI010834,O010310,M049,3
OI010835,O010754,M242,2
OI010836,O000264,M095,2
OI010837,O014180,M052,1
OI010838,O008474,M025,3
OI010839,O013549,M088,3
OI010840,O001810,M170,3
OI010841,O017238,M017,3
OI010842,O018471,M016,3
OI010843,O016917,M018,1
OI010844,O012905,M060,1
OI010845,O009882,M059,3
OI010846,O009017,M076,2
OI010847,O008408,M123,2
OI010848,O016481,M164,2
OI010849,O004618,M143,3
OI010850,O008556,M126,3
OI010851,O018595,M213,3
OI010852,O004637,M093,3
OI010853,O016989,M076,3
OI010854,O019744,M109,1
OI010855,O004260,M143,1
OI010856,O012642,M199,1
OI010857,O018803,M111,2
OI010858,O014865,M168,2
OI010859,O019285,M054,1
OI010860,O014659,M222,3
OI010861,O000554,M060,3
OI010862,O008718,M211,2
OI010863,O001419,M037,2
OI010864,O008851,M240,2
OI010865,O008103,M210,1
OI010866,O013480,M140,3
OI010867,O005290,M097,2
OI010868,O018399,M117,1
OI010869,O004950,M217,3
OI010870,O009948,M102,1
OI010871,O017800,M237,1
OI010872,O004876,M199,1
OI010873,O006322,M167,1
OI010874,O016327,M111,2
OI010875,O007238,M047,3
OI010876,O004741,M109,3
OI010877,O014049,M014,2
OI010878,O018782,M175,2
OI010879,O015493,M250,1
OI010880,O008045,M111,1
OI010881,O001445,M071,2
OI010882,O004293,M128,2
OI010883,O005218,M081,1
OI010884,O018871,M187,2
OI010885,O017747,M152,2
OI010886,O015557,M204,1
OI010887,O017238,M096,1
OI010888,O014630,M163,1
OI010889,O004569,M060,1
OI010890,O005156,M007,2
OI010891,O012390,M245,1
OI010892,O001040,M015,3
OI010893,O000553,M106,2
OI010894,O011527,M048,3
OI010895,O004920,M179,2
OI010896,O017565,M053,1
OI010897,O013145,M211,1
OI010898,O018876,M050,3
OI010899,O009414,M188,3
OI010900,O012794,M236,2
OI010901,O006863,M211,2
OI010902,O005644,M143,3
OI010903,O010137,M209,1
OI010904,O017778,M248,1
OI010905,O007328,M087,3
OI010906,O005526,M041,3
OI010907,O014136,M182,1
OI010908,O006741,M105,3
OI010909,O000215,M031,2
OI010910,O017578,M167,2
OI010911,O019954,M080,2
OI010912,O007614,M193,3
OI010913,O004649,M248,3
OI010914,O010354,M242,2
OI010915,O009496,M120,1
OI010916,O011042,M009,2
OI010917,O016614,M192,1
OI010918,O000187,M211,3
OI010919,O002063,M239,2
OI010920,O003695,M133,3
OI010921,O017243,M045,2
OI010922,O018423,M073,1
OI010923,O014870,M008,3
OI010924,O011311,M085,1
OI010925,O009634,M194,1
OI010926,O014097,M054,3
OI010927,O010300,M057,3
OI010928,O006499,M107,2
OI010929,O010743,M092,3
OI010930,O019254,M011,3
OI010931,O006540,M041,3
OI010932,O013061,M169,3
OI010933,O008323,M058,1
OI010934,O007012,M158,1
OI010935,O018097,M188,1
OI010936,O008064,M039,3
OI010937,O017516,M005,1
OI010938,O011220,M209,1
OI010939,O017277,M106,3
OI010940,O004056,M215,2
OI010941,O015834,M106,1
OI010942,O001776,M244,2
OI010943,O008165,M115,3
OI010944,O000881,M218,1
OI010945,O010052,M248,1
OI010946,O005677,M210,1
OI010947,O001064,M027,3
OI010948,O011310,M191,1
OI010949,O013694,M174,3
OI010950,O006854,M058,1
OI010951,O019668,M078,2
OI010952,O012550,M014,3
OI010953,O018592,M123,1
OI010954,O008441,M114,2
OI010955,O012173,M095,2
OI010956,O007434,M182,1
OI010957,O010099,M004,3
OI010958,O015417,M142,1
OI010959,O018248,M076,1
OI010960,O015662,M226,3
OI010961,O007275,M207,3
OI010962,O012786,M179,3
OI010963,O015921,M227,2
OI010964,O014564,M236,3
OI010965,O000762,M071,3
OI010966,O015905,M103,2
OI010967,O010284,M128,1
OI010968,O011720,M179,1
OI010969,O000455,M155,2
OI010970,O002225,M132,3
OI010971,O015554,M233,3
OI010972,O009826,M057,3
OI010973,O004229,M035,3
OI010974,O004249,M229,1
OI010975,O013919,M117,3
OI010976,O007572,M134,3
OI010977,O019526,M028,3
OI010978,O017063,M203,1
OI010979,O010485,M185,2
OI010980,O011813,M020,1
OI010981,O009338,M024,3
OI010982,O007205,M151,3
OI010983,O013859,M148,2
OI010984,O019129,M134,2
OI010985,O000942,M230,3
OI010986,O011821,M069,2
OI010987,O016009,M026,2
OI010988,O009460,M187,2
OI010989,O004138,M160,2
OI010990,O011581,M135,2
OI010991,O001553,M045,3
OI010992,O000840,M222,1
OI010993,O012654,M179,1
OI010994,O015350,M066,3
OI010995,O013194,M021,2
OI010996,O015253,M215,2
OI010997,O016649,M055,3
OI010998,O010479,M134,3
OI010999,O016098,M065,2
OI011000,O003665,M179,1
OI011001,O004901,M054,2
OI011002,O018070,M110,2
OI011003,O007928,M035,1
OI011004,O007882,M102,2
OI011005,O016689,M070,1
OI011006,O006950,M020,2
OI011007,O009963,M118,1
OI011008,O010364,M131,1
OI011009,O019413,M068,3
OI011010,O007768,M209,3
OI011011,O009364,M100,3
OI011012,O006979,M179,1
OI011013,O000073,M097,1
OI011014,O005207,M247,3
OI011015,O004299,M241,3
OI011016,O002840,M100,3
OI011017,O019273,M216,1
OI011018,O007740,M241,1
OI011019,O009554,M122,1
OI011020,O012625,M160,3
OI011021,O004874,M122,2
OI011022,O017608,M003,3
OI011023,O002795,M204,2
OI011024,O018080,M082,1
OI011025,O013770,M220,2
OI011026,O003148,M070,3
OI011027,O008008,M031,3
OI011028,O017618,M241,2
OI011029,O012153,M134,1
OI011030,O012932,M138,1
OI011031,O001904,M171,2
OI011032,O014832,M091,3
OI011033,O019585,M159,1
OI011034,O003563,M148,3
OI011035,O019693,M061,1
OI011036,O011391,M043,2
OI011037,O014759,M141,1
OI011038,O008090,M024,2
OI011039,O003940,M104,2
OI011040,O018695,M198,1
OI011041,O000480,M167,3
OI011042,O011144,M227,1
OI011043,O019953,M126,2
OI011044,O010580,M061,3
OI011045,O011268,M037,2
OI011046,O002769,M220,3
OI011047,O008621,M106,2
OI011048,O005593,M007,2
OI011049,O007752,M121,3
OI011050,O016587,M157,3
OI011051,O003998,M225,3
OI011052,O015062,M227,2
OI011053,O004232,M080,3
OI011054,O017225,M141,1
OI011055,O001111,M045,3
OI011056,O010978,M183,3
OI011057,O001227,M228,3
OI011058,O008525,M137,3
OI011059,O008214,M240,1
OI011060,O003440,M055,1
OI011061,O000513,M137,1
OI011062,O017412,M084,3
OI011063,O018456,M207,2
OI011064,O019940,M215,1
OI011065,O009740,M152,1
OI011066,O001477,M221,2
OI011067,O000843,M146,3
OI011068,O010692,M214,2
OI011069,O003040,M057,3
OI011070,O005093,M183,1
OI011071,O014919,M006,3
OI011072,O013095,M061,1
OI011073,O003973,M082,1
OI011074,O012674,M018,3
OI011075,O017251,M244,2
OI011076,O010500,M031,2
OI011077,O014327,M219,1
OI011078,O003414,M073,3
OI011079,O017943,M076,2
OI011080,O017629,M148,2
OI011081,O002842,M086,3
OI011082,O013672,M151,2
OI011083,O004419,M035,3
OI011084,O003044,M192,3
OI011085,O001467,M004,1
OI011086,O013062,M206,3
OI011087,O004875,M015,3
OI011088,O014976,M215,1
OI011089,O014027,M132,1
OI011090,O015464,M091,1
OI011091,O000226,M244,1
OI011092,O006565,M121,3
OI011093,O002427,M037,2
OI011094,O006256,M034,3
OI011095,O000259,M133,1
OI011096,O004535,M216,3
OI011097,O009062,M235,1
OI011098,O002998,M032,2
OI011099,O006714,M115,2
OI011100,O018002,M097,3
OI011101,O015078,M146,1
OI011102,O007058,M211,1
OI011103,O003232,M111,3
OI011104,O018389,M041,2
OI011105,O006703,M146,3
OI011106,O014644,M024,1
OI011107,O005760,M069,1
OI011108,O014681,M141,1
OI011109,O004019,M103,2
OI011110,O015562,M181,2
OI011111,O005659,M246,1
OI011112,O007248,M043,1
OI011113,O007011,M147,3
OI011114,O014292,M184,3
OI011115,O008061,M171,3
OI011116,O009924,M121,1
OI011117,O006423,M124,1
OI011118,O017884,M207,1
OI011119,O017125,M067,1
OI011120,O016125,M016,2
OI011121,O013892,M136,3
OI011122,O010402,M016,2
OI011123,O001684,M014,2
OI011124,O000639,M142,1
OI011125,O006624,M113,2
OI011126,O006593,M248,1
OI011127,O000985,M203,2
OI011128,O011116,M059,1
OI011129,O017784,M148,3
OI011130,O012142,M018,2
OI011131,O018420,M096,2
OI011132,O015426,M175,2
OI011133,O004338,M148,1
OI011134,O009198,M177,1
OI011135,O011645,M180,2
OI011136,O006624,M006,3
OI011137,O018110,M223,1
OI011138,O010423,M049,2
OI011139,O015695,M073,2
OI011140,O007390,M196,2
OI011141,O012316,M239,1
OI011142,O000493,M197,3
OI011143,O019055,M065,1
OI011144,O006593,M045,1
OI011145,O013397,M194,3
OI011146,O011546,M194,3
OI011147,O005936,M109,2
OI011148,O017459,M015,1
OI011149,O012881,M094,1
OI011150,O014913,M107,3
OI011151,O007699,M203,2
OI011152,O010899,M248,3
OI011153,O017213,M138,1
OI011154,O005615,M142,3
OI011155,O013895,M132,1
OI011156,O002363,M185,1
OI011157,O007444,M164,3
OI011158,O016537,M190,2
OI011159,O016584,M122,1
OI011160,O019832,M104,2
OI011161,O014872,M174,2
OI011162,O012375,M114,1
OI011163,O014125,M178,2
OI011164,O009557,M003,1
OI011165,O019409,M208,2
OI011166,O002561,M035,3
OI011167,O012075,M021,2
OI011168,O004235,M131,2
OI011169,O015987,M064,2
OI011170,O018485,M113,3
OI011171,O015674,M187,3
OI011172,O006092,M233,2
OI011173,O017187,M058,2
OI011174,O016447,M118,3
OI011175,O013346,M024,2
OI011176,O008303,M042,2
OI011177,O012706,M214,1
OI011178,O013379,M230,3
OI011179,O002039,M201,3
OI011180,O000876,M154,3
OI011181,O008208,M223,2
OI011182,O019199,M236,3
OI011183,O003736,M056,3
OI011184,O016858,M175,3
OI011185,O013836,M091,3
OI011186,O014017,M113,3
OI011187,O008520,M052,1
OI011188,O003531,M091,2
OI011189,O018232,M021,1
OI011190,O015271,M193,1
OI011191,O014685,M106,2
OI011192,O009152,M206,2
OI011193,O001871,M232,1
OI011194,O010993,M119,3
OI011195,O009325,M250,3
OI011196,O001534,M190,3
OI011197,O002697,M085,2
OI011198,O002079,M218,1
OI011199,O016707,M185,2
OI011200,O002972,M115,2
OI011201,O000372,M094,2
OI011202,O018367,M189,2
OI011203,O013207,M049,3
OI011204,O012575,M030,1
OI011205,O003305,M115,1
OI011206,O014703,M034,2
OI011207,O017974,M120,1
OI011208,O007677,M008,3
OI011209,O009253,M079,1
OI011210,O004540,M199,1
OI011211,O004491,M039,3
OI011212,O016172,M140,2
OI011213,O016141,M218,2
OI011214,O019353,M232,1
OI011215,O019079,M134,3
OI011216,O010045,M120,3
OI011217,O005046,M127,1
OI011218,O003655,M010,3
OI011219,O000768,M110,1
OI011220,O007738,M095,2
OI011221,O003193,M069,1
OI011222,O017394,M005,3
OI011223,O002652,M082,2
OI011224,O007645,M233,3
OI011225,O008067,M155,3
OI011226,O002609,M029,1
OI011227,O012161,M009,3
OI011228,O007820,M212,3
OI011229,O014821,M036,2
OI011230,O009173,M221,2
OI011231,O013659,M238,3
OI011232,O008023,M234,2
OI011233,O019810,M225,2
OI011234,O007923,M173,1
OI011235,O003872,M048,3
OI011236,O011774,M183,1
OI011237,O012526,M030,2
OI011238,O007160,M219,3
OI011239,O017447,M014,2
OI011240,O003315,M157,2
OI011241,O017362,M159,3
OI011242,O005387,M128,3
OI011243,O016830,M212,2
OI011244,O008111,M061,3
OI011245,O002328,M144,1
OI011246,O005604,M098,2
OI011247,O014768,M189,3
OI011248,O017514,M138,1
OI011249,O003622,M140,2
OI011250,O003536,M231,1
OI011251,O013880,M231,3
OI011252,O008592,M190,1
OI011253,O001128,M150,1
OI011254,O001898,M221,1
OI011255,O009715,M024,1
OI011256,O006935,M146,3
OI011257,O004646,M111,1
OI011258,O006480,M100,1
OI011259,O016794,M090,2
OI011260,O007405,M170,3
OI011261,O003657,M087,1
OI011262,O016812,M147,3
OI011263,O000990,M047,3
OI011264,O012123,M025,3
OI011265,O012670,M148,2
OI011266,O013462,M058,1
OI011267,O018457,M005,3
OI011268,O002343,M018,2
OI011269,O000167,M219,1
OI011270,O000503,M136,2
OI011271,O010536,M249,3
OI011272,O018731,M138,2
OI011273,O000834,M108,3
OI011274,O017076,M213,1
OI011275,O005585,M022,1
OI011276,O006838,M009,2
OI011277,O012084,M213,1
OI011278,O000025,M181,3
OI011279,O003651,M016,2
OI011280,O000460,M076,2
OI011281,O016954,M172,2
OI011282,O007760,M091,3
OI011283,O018539,M013,1
OI011284,O013959,M071,3
OI011285,O017043,M124,3
OI011286,O013972,M155,3
OI011287,O011207,M201,3
OI011288,O018490,M107,2
OI011289,O019516,M177,3
OI011290,O010581,M237,3
OI011291,O012426,M082,1
OI011292,O003364,M205,3
OI011293,O014832,M105,1
OI011294,O016847,M146,1
OI011295,O005016,M207,2
OI011296,O010605,M010,1
OI011297,O009181,M156,3
OI011298,O003166,M166,3
OI011299,O010603,M212,1
OI011300,O005060,M131,1
OI011301,O014191,M021,1
OI011302,O003355,M104,2
OI011303,O005486,M093,3
OI011304,O010297,M186,3
OI011305,O001610,M128,1
OI011306,O003337,M198,1
OI011307,O003083,M027,1
OI011308,O007806,M022,2
OI011309,O005162,M179,1
OI011310,O015224,M167,1
OI011311,O000923,M185,1
OI011312,O011490,M114,2
OI011313,O014569,M145,3
OI011314,O016137,M131,1
OI011315,O000219,M079,3
OI011316,O010027,M119,3
OI011317,O014218,M124,1
OI011318,O000098,M008,2
OI011319,O012233,M043,3
OI011320,O001806,M243,3
OI011321,O011331,M066,1
OI011322,O007784,M105,1
OI011323,O002228,M013,1
OI011324,O007237,M111,2
OI011325,O018869,M036,2
OI011326,O000307,M242,1
OI011327,O015931,M190,1
OI011328,O016513,M098,3
OI011329,O000329,M200,3
OI011330,O009639,M023,1
OI011331,O004283,M134,3
OI011332,O015703,M047,2
OI011333,O004091,M102,3
OI011334,O002230,M196,2
OI011335,O010176,M011,3
OI011336,O005907,M102,3
OI011337,O003653,M150,3
OI011338,O000026,M084,1
OI011339,O019244,M185,3
OI011340,O013317,M193,3
OI011341,O015389,M234,2
OI011342,O014803,M082,3
OI011343,O001963,M202,1
OI011344,O006927,M065,1
OI011345,O019952,M123,3
OI011346,O001545,M218,3
OI011347,O002591,M245,1
OI011348,O019858,M188,3
OI011349,O016346,M159,2
OI011350,O004690,M070,3
OI011351,O008009,M139,1
OI011352,O008529,M121,1
OI011353,O019336,M030,3
OI011354,O019593,M108,3
OI011355,O003237,M144,1
OI011356,O014852,M222,3
OI011357,O004055,M120,2
OI011358,O019493,M180,3
OI011359,O017560,M186,1
OI011360,O012148,M011,3
OI011361,O002240,M241,2
OI011362,O014395,M196,2
OI011363,O001054,M150,2
OI011364,O000382,M090,3
OI011365,O000820,M172,3
OI011366,O002336,M093,2
OI011367,O018257,M054,2
OI011368,O001712,M166,3
OI011369,O004794,M014,3
OI011370,O001839,M025,1
OI011371,O007108,M047,2
OI011372,O013836,M111,3
OI011373,O010247,M109,1
OI011374,O011062,M129,1
OI011375,O010248,M004,3
OI011376,O009800,M134,1
OI011377,O016566,M135,2
OI011378,O002190,M207,2
OI011379,O015588,M250,2
OI011380,O002982,M250,1
OI011381,O009907,M155,3
OI011382,O013463,M203,3
OI011383,O001143,M010,2
OI011384,O012854,M030,2
OI011385,O006090,M235,2
OI011386,O009878,M097,3
OI011387,O011647,M102,3
OI011388,O011137,M234,2
OI011389,O017167,M169,3
OI011390,O005857,M150,2
OI011391,O000885,M046,3
OI011392,O019568,M049,1
OI011393,O006654,M168,3
OI011394,O019324,M176,2
OI011395,O010093,M051,1
OI011396,O003402,M043,1
OI011397,O015669,M167,2
OI011398,O004409,M234,1
OI011399,O004865,M073,1
OI011400,O016294,M171,3
OI011401,O016269,M138,1
OI011402,O009174,M153,1
OI011403,O013872,M064,3
OI011404,O015863,M106,3
OI011405,O007559,M244,2
OI011406,O002126,M239,3
OI011407,O014781,M003,3
OI011408,O015340,M205,1
OI011409,O002064,M210,3
OI011410,O019564,M088,2
OI011411,O007676,M060,3
OI011412,O019360,M178,3
OI011413,O010831,M053,2
OI011414,O007946,M205,3
OI011415,O015366,M229,2
OI011416,O013638,M227,1
OI011417,O001790,M206,1
OI011418,O005371,M162,2
OI011419,O007542,M239,1
OI011420,O017462,M117,2
OI011421,O010197,M144,2
OI011422,O016501,M029,1
OI011423,O007462,M183,1
OI011424,O016614,M195,3
OI011425,O000052,M134,2
OI011426,O000167,M080,3
OI011427,O007896,M006,3
OI011428,O016480,M168,1
OI011429,O007950,M023,2
OI011430,O019883,M131,2
OI011431,O008024,M149,1
OI011432,O001020,M185,3
OI011433,O002334,M029,1
OI011434,O007662,M165,2
OI011435,O009747,M131,2
OI011436,O008839,M036,3
OI011437,O010895,M184,2
OI011438,O017783,M109,1
OI011439,O011679,M019,3
OI011440,O001091,M176,1
OI011441,O008889,M208,3
OI011442,O015217,M015,2
OI011443,O005768,M042,2
OI011444,O006771,M178,1
OI011445,O004796,M098,1
OI011446,O005944,M204,2
OI011447,O004541,M014,2
OI011448,O008715,M038,3
OI011449,O012226,M091,2
OI011450,O007176,M075,3
OI011451,O014853,M072,2
OI011452,O016588,M180,2
OI011453,O015381,M221,1
OI011454,O010626,M180,1
OI011455,O017101,M175,2
OI011456,O012432,M238,3
OI011457,O000533,M078,3
OI011458,O009426,M110,2
OI011459,O002155,M189,2
OI011460,O006411,M036,1
OI011461,O001188,M021,3
OI011462,O011531,M188,3
OI011463,O015047,M239,3
OI011464,O017117,M026,2
OI011465,O007329,M147,2
OI011466,O013049,M108,2
OI011467,O010578,M140,1
OI011468,O013205,M211,1
OI011469,O002627,M181,3
OI011470,O001688,M206,3
OI011471,O002332,M039,1
OI011472,O018869,M225,2
OI011473,O004098,M176,3
OI011474,O002861,M089,3
OI011475,O016396,M037,2
OI011476,O004490,M120,3
OI011477,O016748,M051,2
OI011478,O010924,M130,3
OI011479,O019383,M020,1
OI011480,O015706,M239,3
OI011481,O012528,M220,2
OI011482,O000789,M158,3
OI011483,O009540,M225,1
OI011484,O002284,M226,2
OI011485,O008894,M109,3
OI011486,O007084,M215,1
OI011487,O004598,M227,2
OI011488,O000878,M239,2
OI011489,O015732,M208,2
OI011490,O002700,M068,3
OI011491,O001962,M174,2
OI011492,O006139,M121,3
OI011493,O018707,M244,3
OI011494,O014645,M015,2
OI011495,O019779,M210,1
OI011496,O015979,M194,1
OI011497,O019265,M238,2
OI011498,O012276,M066,1
OI011499,O008983,M158,1
OI011500,O006957,M215,2
OI011501,O003003,M152,2
OI011502,O004390,M015,1
OI011503,O006685,M225,1
OI011504,O016273,M122,1
OI011505,O012449,M003,1
OI011506,O002145,M146,3
OI011507,O008221,M232,1
OI011508,O000594,M071,1
OI011509,O001457,M077,2
OI011510,O015832,M227,2
OI011511,O009756,M238,1
OI011512,O005698,M099,3
OI011513,O000553,M200,3
OI011514,O015396,M150,2
OI011515,O008155,M145,2
OI011516,O014083,M172,1
OI011517,O019580,M058,1
OI011518,O014398,M084,3
OI011519,O009197,M231,3
OI011520,O005982,M110,2
OI011521,O016898,M043,1
OI011522,O004959,M112,3
OI011523,O001467,M228,1
OI011524,O004454,M183,1
OI011525,O017758,M210,3
OI011526,O015858,M168,1
OI011527,O013060,M125,1
OI011528,O010310,M193,3
OI011529,O015748,M040,2
OI011530,O006928,M064,1
OI011531,O011832,M109,2
OI011532,O002491,M195,3
OI011533,O004312,M202,3
OI011534,O019507,M190,3
OI011535,O011050,M100,2
OI011536,O011799,M084,3
OI011537,O013512,M023,2
OI011538,O004894,M127,3
OI011539,O002900,M077,1
OI011540,O019553,M070,3
OI011541,O015518,M179,3
OI011542,O012212,M236,2
OI011543,O007438,M078,2
OI011544,O013202,M156,3
OI011545,O008346,M045,1
OI011546,O011116,M088,2
OI011547,O007936,M003,3
OI011548,O006266,M217,2
OI011549,O013202,M109,3
OI011550,O014851,M185,2
OI011551,O005793,M018,3
OI011552,O017669,M168,3
OI011553,O019355,M163,1
OI011554,O002714,M076,3
OI011555,O005319,M012,1
OI011556,O004613,M050,2
OI011557,O010965,M056,2
OI011558,O009977,M145,3
OI011559,O011094,M085,3
OI011560,O007923,M176,3
OI011561,O006192,M224,1
OI011562,O003292,M008,1
OI011563,O003303,M227,1
OI011564,O013575,M107,1
OI011565,O005628,M133,3
OI011566,O001875,M210,3
OI011567,O006845,M220,3
OI011568,O018345,M247,1
OI011569,O014278,M150,1
OI011570,O005701,M141,1
OI011571,O019878,M096,3
OI011572,O019925,M170,2
OI011573,O011121,M098,2
OI011574,O015854,M154,3
OI011575,O011651,M113,2
OI011576,O014195,M134,3
OI011577,O007694,M051,2
OI011578,O010196,M181,2
OI011579,O013708,M026,2
OI011580,O019051,M174,1
OI011581,O000290,M172,1
OI011582,O005109,M185,3
OI011583,O008291,M087,3
OI011584,O013471,M115,2
OI011585,O018593,M227,1
OI011586,O003147,M207,1
OI011587,O006378,M054,3
OI011588,O005349,M231,2
OI011589,O012638,M004,2
OI011590,O001337,M218,3
OI011591,O007084,M175,2
OI011592,O007168,M221,2
OI011593,O017166,M233,2
OI011594,O003385,M142,3
OI011595,O018758,M158,1
OI011596,O003127,M152,1
OI011597,O015114,M051,3
OI011598,O010077,M001,1
OI011599,O003475,M088,3
OI011600,O007162,M205,3
OI011601,O007900,M180,3
OI011602,O002810,M133,1
OI011603,O013465,M125,1
OI011604,O009992,M006,3
OI011605,O010000,M239,2
OI011606,O019219,M168,1
OI011607,O017929,M176,2
OI011608,O003368,M056,3
OI011609,O011268,M146,3
OI011610,O017667,M115,1
OI011611,O008021,M169,1
OI011612,O010519,M150,3
OI011613,O017471,M191,3
OI011614,O013818,M134,2
OI011615,O007452,M114,3
OI011616,O001596,M106,3
OI011617,O013917,M146,2
OI011618,O016909,M095,3
OI011619,O011741,M085,2
OI011620,O018543,M036,1
OI011621,O000882,M164,1
OI011622,O001503,M027,3
OI011623,O016698,M222,2
OI011624,O013102,M193,3
OI011625,O017939,M090,2
OI011626,O016094,M201,1
OI011627,O014186,M199,1
OI011628,O005154,M153,1
OI011629,O002631,M115,3
OI011630,O011883,M034,2
OI011631,O017659,M088,2
OI011632,O003082,M065,3
OI011633,O015362,M113,1
OI011634,O011333,M181,2
OI011635,O008218,M228,1
OI011636,O016366,M007,2
OI011637,O015449,M165,2
OI011638,O000375,M097,2
OI011639,O009735,M249,2
OI011640,O012600,M243,2
OI011641,O016134,M103,3
OI011642,O000911,M028,1
OI011643,O018782,M175,1
OI011644,O011058,M070,1
OI011645,O017220,M122,2
OI011646,O008802,M231,2
OI011647,O012635,M129,3
OI011648,O006343,M161,2
OI011649,O012510,M181,2
OI011650,O017531,M003,3
OI011651,O004166,M082,2
OI011652,O019367,M026,3
OI011653,O000793,M247,2
OI011654,O016537,M128,2
OI011655,O011206,M138,3
OI011656,O000947,M111,2
OI011657,O003845,M187,2
OI011658,O002871,M118,2
OI011659,O007315,M051,3
OI011660,O013063,M204,1
OI011661,O004851,M081,2
OI011662,O010851,M084,2
OI011663,O017102,M047,2
OI011664,O000010,M132,2
OI011665,O014131,M176,3
OI011666,O009532,M055,1
OI011667,O002395,M062,3
OI011668,O010876,M208,1
OI011669,O002406,M174,2
OI011670,O016070,M119,2
OI011671,O017701,M137,1
OI011672,O006514,M187,3
OI011673,O014097,M179,3
OI011674,O005814,M008,2
OI011675,O004778,M049,3
OI011676,O004991,M200,2
OI011677,O015923,M240,3
OI011678,O013883,M246,3
OI011679,O005596,M095,2
OI011680,O015806,M007,1
OI011681,O015925,M148,1
OI011682,O017468,M112,3
OI011683,O012243,M213,2
OI011684,O003846,M204,3
OI011685,O003120,M157,2
OI011686,O009477,M202,1
OI011687,O005237,M061,1
OI011688,O005242,M221,3
OI011689,O013772,M245,1
OI011690,O017782,M099,1
OI011691,O003897,M069,1
OI011692,O004876,M204,1
OI011693,O014946,M024,1
OI011694,O003304,M184,3
OI011695,O017302,M084,1
OI011696,O008647,M204,3
OI011697,O017923,M013,1
OI011698,O000533,M072,1
OI011699,O010212,M061,2
OI011700,O008431,M071,3
OI011701,O019684,M155,1
OI011702,O013855,M085,3
OI011703,O009613,M163,2
OI011704,O001100,M065,3
OI011705,O003275,M140,3
OI011706,O012189,M240,3
OI011707,O007658,M021,1
OI011708,O016986,M009,3
OI011709,O004860,M122,1
OI011710,O005460,M225,1
OI011711,O008010,M202,2
OI011712,O003330,M240,2
OI011713,O009311,M027,3
OI011714,O006512,M235,2
OI011715,O006157,M117,2
OI011716,O000781,M061,2
OI011717,O001923,M162,2
OI011718,O011470,M023,2
OI011719,O008684,M108,3
OI011720,O006184,M151,1
OI011721,O018339,M236,2
OI011722,O007141,M242,3
OI011723,O015228,M131,3
OI011724,O017430,M009,1
OI011725,O009867,M180,1
OI011726,O009426,M131,3
OI011727,O013323,M083,1
OI011728,O011062,M025,2
OI011729,O013799,M093,3
OI011730,O003190,M168,2
OI011731,O000680,M235,1
OI011732,O010461,M120,1
OI011733,O009168,M035,3
OI011734,O013262,M250,1
OI011735,O002375,M090,3
OI011736,O004971,M165,2
OI011737,O019912,M040,3
OI011738,O002273,M202,1
OI011739,O007895,M050,2
OI011740,O015319,M097,2
OI011741,O003529,M203,3
OI011742,O001735,M100,1
OI011743,O019635,M091,1
OI011744,O019523,M181,3
OI011745,O016996,M210,1
OI011746,O013541,M180,2
OI011747,O000937,M240,3
OI011748,O018612,M218,3
OI011749,O000519,M014,1
OI011750,O011993,M038,1
OI011751,O006182,M227,2
OI011752,O001274,M129,2
OI011753,O016075,M162,3
OI011754,O001919,M060,2
OI011755,O018522,M169,3
OI011756,O006789,M212,2
OI011757,O013926,M072,1
OI011758,O015824,M121,3
OI011759,O016072,M008,2
OI011760,O005613,M090,1
OI011761,O011609,M229,1
OI011762,O005017,M125,2
OI011763,O002879,M181,3
OI011764,O012597,M181,2
OI011765,O015051,M204,2
OI011766,O008371,M107,3
OI011767,O011599,M157,3
OI011768,O014145,M125,3
OI011769,O000827,M205,2
OI011770,O012510,M112,1
OI011771,O012156,M100,3
OI011772,O018996,M230,3
OI011773,O017239,M227,3
OI011774,O003708,M155,3
OI011775,O005925,M050,3
OI011776,O003557,M055,1
OI011777,O008770,M246,2
OI011778,O014967,M081,1
OI011779,O011342,M036,2
OI011780,O002344,M232,3
OI011781,O002508,M018,1
OI011782,O000738,M154,2
OI011783,O009188,M229,1
OI011784,O014852,M032,3
OI011785,O002248,M091,3
OI011786,O008534,M132,3
OI011787,O013787,M096,1
OI011788,O012553,M044,1
OI011789,O013564,M024,1
OI011790,O005341,M206,1
OI011791,O002155,M026,1
OI011792,O002219,M203,3
OI011793,O019274,M172,2
OI011794,O001945,M054,1
OI011795,O017264,M082,2
OI011796,O000073,M121,1
OI011797,O006839,M079,1
OI011798,O008927,M096,2
OI011799,O002294,M205,3
OI011800,O006242,M033,1
OI011801,O010877,M054,1
OI011802,O004868,M057,2
OI011803,O004870,M158,3
OI011804,O005335,M212,2
OI011805,O014329,M210,3
OI011806,O017073,M056,1
OI011807,O012941,M243,1
OI011808,O013624,M114,1
OI011809,O008435,M224,1
OI011810,O001046,M240,2
OI011811,O011495,M016,1
OI011812,O007355,M011,2
OI011813,O012126,M200,3
OI011814,O007740,M216,1
OI011815,O010618,M046,3
OI011816,O019143,M200,3
OI011817,O001894,M179,1
OI011818,O009951,M102,1
OI011819,O008897,M100,1
OI011820,O008961,M206,1
OI011821,O011685,M216,3
OI011822,O012245,M028,1
OI011823,O016323,M132,1
OI011824,O018652,M064,2
OI011825,O012812,M048,2
OI011826,O002065,M125,2
OI011827,O004479,M094,2
OI011828,O014798,M176,3
OI011829,O001961,M169,2
OI011830,O001911,M250,2
OI011831,O009134,M012,3
OI011832,O013326,M143,2
OI011833,O001006,M232,3
OI011834,O010735,M224,1
OI011835,O016019,M100,2
OI011836,O003091,M022,2
OI011837,O014656,M040,3
OI011838,O004979,M230,1
OI011839,O015963,M103,3
OI011840,O009583,M219,1
OI011841,O019549,M082,2
OI011842,O006161,M166,3
OI011843,O008871,M149,3
OI011844,O004283,M195,1
OI011845,O000677,M121,3
OI011846,O001406,M027,1
OI011847,O014039,M013,2
OI011848,O002601,M009,1
OI011849,O015345,M236,2
OI011850,O000914,M095,1
OI011851,O014406,M156,1
OI011852,O003953,M120,3
OI011853,O000491,M219,2
OI011854,O008781,M022,1
OI011855,O006736,M102,3
OI011856,O002835,M013,2
OI011857,O008666,M191,1
OI011858,O009222,M065,2
OI011859,O001149,M238,2
OI011860,O006645,M243,1
OI011861,O013434,M222,3
OI011862,O009345,M023,2
OI011863,O001327,M220,3
OI011864,O009587,M177,3
OI011865,O008740,M021,2
OI011866,O010431,M132,2
OI011867,O002087,M077,1
OI011868,O018039,M124,2
OI011869,O018541,M250,1
OI011870,O007237,M178,2
OI011871,O007934,M018,1
OI011872,O008782,M138,3
OI011873,O018100,M012,1
OI011874,O012832,M052,2
OI011875,O009135,M146,1
OI011876,O007592,M077,2
OI011877,O013861,M182,3
OI011878,O019457,M053,3
OI011879,O006845,M072,1
OI011880,O004427,M250,2
OI011881,O017920,M200,3
OI011882,O010952,M237,3
OI011883,O012566,M079,3
OI011884,O009096,M219,2
OI011885,O006863,M064,1
OI011886,O009210,M140,3
OI011887,O015733,M226,1
OI011888,O000727,M094,1
OI011889,O009592,M177,1
OI011890,O016343,M225,3
OI011891,O015560,M238,2
OI011892,O002117,M034,3
OI011893,O013960,M079,1
OI011894,O004170,M241,3
OI011895,O003670,M121,3
OI011896,O005897,M009,2
OI011897,O000401,M077,1
OI011898,O007752,M188,1
OI011899,O013623,M116,2
OI011900,O006828,M101,1
OI011901,O000327,M061,2
OI011902,O004143,M086,2
OI011903,O001887,M114,3
OI011904,O000845,M247,2
OI011905,O000635,M148,3
OI011906,O005674,M085,2
OI011907,O009219,M216,1
OI011908,O003808,M080,2
OI011909,O011278,M023,3
OI011910,O016374,M175,1
OI011911,O004742,M247,2
OI011912,O015860,M016,2
OI011913,O013174,M146,1
OI011914,O010778,M059,2
OI011915,O011422,M185,1
OI011916,O017296,M181,3
OI011917,O015453,M168,3
OI011918,O006187,M143,3
OI011919,O009331,M022,3
OI011920,O007782,M139,1
OI011921,O000378,M215,1
OI011922,O019253,M245,3
OI011923,O004056,M235,2
OI011924,O018238,M206,3
OI011925,O019512,M119,1
OI011926,O002056,M229,1
OI011927,O001617,M051,1
OI011928,O000674,M164,2
OI011929,O003225,M021,3
OI011930,O006945,M022,1
OI011931,O007333,M086,3
OI011932,O006518,M025,2
OI011933,O009836,M214,1
OI011934,O003941,M119,2
OI011935,O001513,M064,2
OI011936,O014871,M061,2
OI011937,O001506,M087,1
OI011938,O012671,M196,1
OI011939,O014382,M133,1
OI011940,O014093,M177,1
OI011941,O019878,M148,3
OI011942,O010920,M207,2
OI011943,O001734,M042,3
OI011944,O019620,M184,1
OI011945,O015900,M153,2
OI011946,O004285,M053,2
OI011947,O014469,M229,1
OI011948,O012309,M134,1
OI011949,O003743,M148,2
OI011950,O015032,M086,2
OI011951,O000590,M121,1
OI011952,O009927,M108,3
OI011953,O011517,M024,1
OI011954,O010926,M094,3
OI011955,O015688,M235,2
OI011956,O001964,M232,2
OI011957,O012274,M149,2
OI011958,O005817,M005,3
OI011959,O012670,M212,1
OI011960,O017131,M249,2
OI011961,O013212,M067,1
OI011962,O015335,M104,3
OI011963,O015405,M175,1
OI011964,O006104,M188,1
OI011965,O018442,M065,2
OI011966,O018014,M018,1
OI011967,O014194,M124,2
OI011968,O019450,M015,2
OI011969,O016568,M206,1
OI011970,O003394,M199,2
OI011971,O013726,M030,1
OI011972,O003006,M059,1
OI011973,O000423,M244,1
OI011974,O010205,M148,2
OI011975,O006765,M042,1
OI011976,O000680,M113,1
OI011977,O018770,M198,2
OI011978,O008184,M130,3
OI011979,O011315,M150,3
OI011980,O001851,M221,2
OI011981,O017873,M111,1
OI011982,O014261,M097,1
OI011983,O011395,M195,3
OI011984,O017595,M081,2
OI011985,O007808,M228,2
OI011986,O013437,M243,2
OI011987,O014205,M157,3
OI011988,O019442,M058,2
OI011989,O008103,M157,2
OI011990,O006739,M174,1
OI011991,O011700,M113,2
OI011992,O017537,M012,1
OI011993,O019444,M107,1
OI011994,O013521,M155,2
OI011995,O000506,M026,3
OI011996,O018983,M097,1
OI011997,O017297,M150,1
OI011998,O011496,M147,2
OI011999,O006163,M085,3
OI012000,O001283,M019,2
OI012001,O002459,M046,2
OI012002,O004916,M061,2
OI012003,O012516,M188,3
OI012004,O009740,M152,3
OI012005,O010895,M105,3
OI012006,O005721,M193,3
OI012007,O006792,M034,2
OI012008,O005778,M041,3
OI012009,O011815,M232,1
OI012010,O007584,M122,3
OI012011,O015458,M126,2
OI012012,O013784,M104,2
OI012013,O000588,M189,2
OI012014,O003795,M090,2
OI012015,O017047,M108,2
OI012016,O018990,M016,3
OI012017,O016843,M153,3
OI012018,O006193,M017,3
OI012019,O002692,M008,3
OI012020,O009760,M191,1
OI012021,O016540,M126,1
OI012022,O009446,M003,3
OI012023,O017730,M041,3
OI012024,O003022,M202,1
OI012025,O017806,M171,2
OI012026,O003507,M111,2
OI012027,O018737,M038,2
OI012028,O009526,M010,1
OI012029,O008455,M154,2
OI012030,O017636,M204,1
OI012031,O006738,M203,3
OI012032,O019748,M188,3
OI012033,O001462,M211,3
OI012034,O017492,M108,3
OI012035,O007521,M120,1
OI012036,O017784,M146,1
OI012037,O011171,M208,2
OI012038,O002671,M142,1
OI012039,O007348,M203,1
OI012040,O011099,M025,3
OI012041,O012707,M218,1
OI012042,O008546,M087,3
OI012043,O014130,M235,3
OI012044,O015893,M130,1
OI012045,O014697,M228,3
OI012046,O013122,M011,2
OI012047,O003328,M216,2
OI012048,O004149,M231,1
OI012049,O012033,M165,1
OI012050,O004840,M212,3
OI012051,O018781,M016,1
OI012052,O019776,M117,2
OI012053,O008293,M039,3
OI012054,O002008,M188,1
OI012055,O014671,M241,3
OI012056,O003114,M067,3
OI012057,O014403,M027,3
OI012058,O010455,M200,2
OI012059,O000584,M145,3
OI012060,O002324,M024,1
OI012061,O005524,M176,2
OI012062,O009164,M153,2
OI012063,O000970,M106,2
OI012064,O018522,M230,1
OI012065,O016623,M035,3
OI012066,O012348,M062,2
OI012067,O014029,M202,2
OI012068,O007637,M209,3
OI012069,O017159,M005,3
OI012070,O001041,M222,3
OI012071,O005218,M043,1
OI012072,O014409,M232,1
OI012073,O019006,M173,1
OI012074,O007951,M023,1
OI012075,O003678,M168,2
OI012076,O018251,M248,1
OI012077,O015801,M157,1
OI012078,O007216,M137,2
OI012079,O016889,M115,2
OI012080,O004937,M033,2
OI012081,O018996,M051,3
OI012082,O001856,M015,2
OI012083,O017149,M023,3
OI012084,O000320,M105,2
OI012085,O000032,M064,2
OI012086,O006813,M125,1
OI012087,O003553,M003,2
OI012088,O007018,M153,2
OI012089,O013406,M199,1
OI012090,O003673,M012,1
OI012091,O019682,M168,2
OI012092,O011055,M140,1
OI012093,O014079,M132,3
OI012094,O002721,M078,1
OI012095,O016261,M094,2
OI012096,O013942,M144,1
OI012097,O008520,M171,1
OI012098,O006413,M159,3
OI012099,O019905,M115,1
OI012100,O019372,M032,1
OI012101,O002848,M104,1
OI012102,O018016,M229,3
OI012103,O004469,M029,3
OI012104,O007429,M053,1
OI012105,O007379,M179,2
OI012106,O015208,M029,3
OI012107,O009280,M084,2
OI012108,O008659,M227,3
OI012109,O012547,M108,1
OI012110,O018954,M150,2
OI012111,O000604,M196,3
OI012112,O014168,M076,2
OI012113,O015093,M231,2
OI012114,O009057,M092,2
OI012115,O002023,M111,3
OI012116,O003172,M150,2
OI012117,O017803,M017,3
OI012118,O012358,M080,3
OI012119,O014306,M013,1
OI012120,O004978,M052,3
OI012121,O013449,M130,1
OI012122,O017002,M013,1
OI012123,O002190,M159,3
OI012124,O019448,M157,2
OI012125,O010736,M125,2
OI012126,O018301,M224,1
OI012127,O006672,M210,1
OI012128,O017361,M154,3
OI012129,O001785,M202,3
OI012130,O006280,M219,2
OI012131,O002084,M203,2
OI012132,O010855,M126,3
OI012133,O008003,M037,1
OI012134,O006403,M132,1
OI012135,O015409,M053,1
OI012136,O006903,M172,1
OI012137,O017846,M046,2
OI012138,O000668,M026,2
OI012139,O004845,M169,3
OI012140,O010281,M047,3
OI012141,O006874,M210,2
OI012142,O013953,M190,3
OI012143,O007919,M056,1
OI012144,O013572,M084,1
OI012145,O001962,M245,1
OI012146,O009175,M176,1
OI012147,O009272,M174,2
OI012148,O019290,M094,3
OI012149,O002328,M115,3
OI012150,O018240,M103,3
OI012151,O018528,M098,3
OI012152,O015587,M174,2
OI012153,O013035,M065,3
OI012154,O010056,M205,1
OI012155,O010098,M174,1
OI012156,O019824,M118,2
OI012157,O015416,M220,2
OI012158,O017605,M104,2
OI012159,O005064,M128,3
OI012160,O010008,M031,1
OI012161,O016226,M120,3
OI012162,O006779,M115,2
OI012163,O009253,M067,3
OI012164,O013256,M036,1
OI012165,O007535,M132,2
OI012166,O017161,M139,2
OI012167,O003563,M076,2
OI012168,O004832,M140,2
OI012169,O016179,M153,3
OI012170,O016156,M002,2
OI012171,O010366,M229,1
OI012172,O016005,M018,2
OI012173,O017158,M210,2
OI012174,O000706,M049,2
OI012175,O008279,M199,3
OI012176,O001973,M222,3
OI012177,O016170,M064,3
OI012178,O009255,M152,1
OI012179,O001646,M030,2
OI012180,O013438,M107,1
OI012181,O010526,M215,3
OI012182,O015713,M056,2
OI012183,O016234,M215,3
OI012184,O007036,M159,3
OI012185,O018464,M203,1
OI012186,O009613,M018,1
OI012187,O012442,M185,1
OI012188,O019585,M229,3
OI012189,O000148,M190,1
OI012190,O006081,M123,1
OI012191,O002212,M083,2
OI012192,O010102,M020,1
OI012193,O000787,M164,2
OI012194,O005298,M163,3
OI012195,O009415,M210,2
OI012196,O018734,M179,2
OI012197,O006888,M237,3
OI012198,O002239,M105,2
OI012199,O010985,M026,2
OI012200,O009393,M115,3
OI012201,O013958,M070,1
OI012202,O000020,M034,3
OI012203,O007587,M242,1
OI012204,O004517,M004,3
OI012205,O007290,M107,1
OI012206,O018028,M186,1
OI012207,O003966,M078,2
OI012208,O018673,M052,2
OI012209,O013556,M115,3
OI012210,O015884,M138,2
OI012211,O015869,M212,1
OI012212,O002835,M147,1
OI012213,O017777,M127,1
OI012214,O012180,M182,2
OI012215,O019112,M180,3
OI012216,O000966,M095,3
OI012217,O009886,M096,2
OI012218,O017486,M118,1
OI012219,O009487,M229,2
OI012220,O001679,M149,2
OI012221,O003247,M118,3
OI012222,O009079,M010,2
OI012223,O007284,M126,2
OI012224,O006361,M134,1
OI012225,O010142,M167,2
OI012226,O001312,M139,1
OI012227,O019992,M020,3
OI012228,O008093,M162,2
OI012229,O001176,M103,1
OI012230,O011244,M248,2
OI012231,O005415,M146,3
OI012232,O013650,M208,3
OI012233,O015805,M237,1
OI012234,O006858,M119,2
OI012235,O003899,M107,3
OI012236,O012426,M184,3
OI012237,O013187,M143,1
OI012238,O013067,M105,3
OI012239,O000152,M216,1
OI012240,O005501,M048,1
OI012241,O018413,M176,2
OI012242,O017469,M232,3
OI012243,O002566,M095,2
OI012244,O009458,M026,3
OI012245,O000543,M214,1
OI012246,O002245,M134,2
OI012247,O016070,M075,3
OI012248,O019028,M041,1
OI012249,O013655,M116,1
OI012250,O017024,M041,2
OI012251,O019960,M185,3
OI012252,O011113,M055,3
OI012253,O014285,M041,1
OI012254,O018571,M211,1
OI012255,O004348,M015,2
OI012256,O001764,M250,1
OI012257,O017135,M019,3
OI012258,O008922,M238,3
OI012259,O001716,M063,1
OI012260,O015046,M075,3
OI012261,O000169,M096,1
OI012262,O017966,M084,3
OI012263,O018290,M116,1
OI012264,O001430,M178,1
OI012265,O003721,M097,2
OI012266,O007293,M046,3
OI012267,O016612,M051,2
OI012268,O009454,M010,1
OI012269,O009482,M141,3
OI012270,O013357,M122,1
OI012271,O012290,M245,2
OI012272,O008064,M033,3
OI012273,O017042,M105,2
OI012274,O009580,M003,1
OI012275,O009081,M242,2
OI012276,O014283,M028,3
OI012277,O015662,M069,1
OI012278,O017611,M211,2
OI012279,O002885,M155,3
OI012280,O008788,M148,2
OI012281,O005469,M003,2
OI012282,O003816,M054,1
OI012283,O005363,M222,3
OI012284,O017842,M133,1
OI012285,O018172,M167,2
OI012286,O016065,M082,2
OI012287,O012712,M172,1
OI012288,O014227,M058,2
OI012289,O005938,M015,2
OI012290,O019846,M120,1
OI012291,O007606,M020,2
OI012292,O016383,M197,1
OI012293,O003922,M027,3
OI012294,O010903,M101,3
OI012295,O004348,M181,2
OI012296,O002184,M233,1
OI012297,O007321,M138,1
OI012298,O012736,M240,2
OI012299,O003733,M224,3
OI012300,O017543,M114,2
OI012301,O005187,M163,2
OI012302,O002465,M007,2
OI012303,O016853,M121,2
OI012304,O008001,M177,2
OI012305,O014102,M027,2
OI012306,O007616,M011,1
OI012307,O000344,M111,2
OI012308,O009033,M125,3
OI012309,O003131,M145,3
OI012310,O017793,M103,3
OI012311,O004177,M246,2
OI012312,O016851,M106,1
OI012313,O018841,M085,3
OI012314,O002200,M004,2
OI012315,O013007,M011,1
OI012316,O015119,M028,1
OI012317,O008839,M102,3
OI012318,O000311,M119,2
OI012319,O019480,M070,3
OI012320,O010705,M161,3
OI012321,O001425,M041,1
OI012322,O017660,M063,3
OI012323,O014456,M228,3
OI012324,O019410,M067,1
OI012325,O012430,M239,3
OI012326,O005292,M048,1
OI012327,O015072,M004,3
OI012328,O017873,M149,3
OI012329,O018136,M059,1
OI012330,O001637,M065,3
OI012331,O005143,M155,2
OI012332,O019570,M220,3
OI012333,O001003,M186,1
OI012334,O002459,M143,2
OI012335,O000474,M123,2
OI012336,O007047,M187,1
OI012337,O011473,M174,3
OI012338,O007919,M241,2
OI012339,O014651,M132,2
OI012340,O011873,M021,3
OI012341,O008816,M029,2
OI012342,O009654,M193,3
OI012343,O016470,M131,1
OI012344,O015297,M112,2
OI012345,O000120,M068,3
OI012346,O017015,M123,2
OI012347,O000149,M171,2
OI012348,O005691,M072,3
OI012349,O012617,M178,3
OI012350,O003478,M128,1
OI012351,O012742,M180,3
OI012352,O007938,M007,2
OI012353,O004209,M073,1
OI012354,O004874,M124,3
OI012355,O019823,M154,3
OI012356,O000486,M245,3
OI012357,O012779,M011,1
OI012358,O010807,M160,2
OI012359,O002465,M193,2
OI012360,O018449,M040,3
OI012361,O007319,M186,2
OI012362,O014593,M170,2
OI012363,O008204,M046,3
OI012364,O018393,M039,2
OI012365,O001878,M131,2
OI012366,O001242,M199,3
OI012367,O002159,M038,1
OI012368,O010595,M189,1
OI012369,O011607,M099,1
OI012370,O016011,M137,2
OI012371,O016446,M245,1
OI012372,O010610,M151,2
OI012373,O002196,M077,1
OI012374,O019087,M093,3
OI012375,O000420,M188,3
OI012376,O000280,M124,3
OI012377,O012216,M199,1
OI012378,O014614,M070,2
OI012379,O014638,M188,2
OI012380,O003072,M112,2
OI012381,O011307,M030,2
OI012382,O008509,M212,2
OI012383,O007454,M074,2
OI012384,O008249,M103,3
OI012385,O014767,M201,2
OI012386,O000075,M219,2
OI012387,O004705,M226,3
OI012388,O014173,M004,2
OI012389,O012336,M060,1
OI012390,O015320,M034,3
OI012391,O017595,M243,2
OI012392,O002327,M100,3
OI012393,O006213,M023,2
OI012394,O017975,M244,2
OI012395,O013199,M087,3
OI012396,O010301,M229,2
OI012397,O008589,M004,3
OI012398,O018664,M077,1
OI012399,O013186,M216,1
OI012400,O019396,M171,1
OI012401,O011503,M048,3
OI012402,O009272,M007,3
OI012403,O003214,M064,3
OI012404,O016848,M048,3
OI012405,O008028,M038,2
OI012406,O017238,M233,3
OI012407,O017296,M040,2
OI012408,O003978,M147,2
OI012409,O016103,M205,2
OI012410,O001012,M247,1
OI012411,O007559,M239,1
OI012412,O006027,M113,2
OI012413,O016623,M102,3
OI012414,O015391,M109,2
OI012415,O017113,M030,2
OI012416,O018974,M229,3
OI012417,O017452,M222,2
OI012418,O016942,M137,2
OI012419,O008271,M163,3
OI012420,O016866,M099,3
OI012421,O014984,M190,3
OI012422,O010456,M152,1
OI012423,O000694,M216,1
OI012424,O003331,M218,2
OI012425,O018193,M113,3
OI012426,O019686,M200,2
OI012427,O001434,M207,2
OI012428,O012426,M236,2
OI012429,O019004,M010,1
OI012430,O005210,M099,1
OI012431,O019110,M045,3
OI012432,O015239,M114,3
OI012433,O017031,M115,3
OI012434,O011738,M227,2
OI012435,O016585,M073,1
OI012436,O005455,M203,2
OI012437,O016423,M240,3
OI012438,O008429,M003,3
OI012439,O011740,M065,1
OI012440,O019728,M057,2
OI012441,O013998,M017,3
OI012442,O014994,M007,2
OI012443,O006204,M167,2
OI012444,O013791,M046,2
OI012445,O008414,M052,1
OI012446,O013244,M121,2
OI012447,O004041,M019,3
OI012448,O016382,M171,2
OI012449,O018209,M014,2
OI012450,O012231,M243,1
OI012451,O010595,M154,3
OI012452,O008635,M089,1
OI012453,O011578,M035,3
OI012454,O014692,M041,1
OI012455,O016692,M135,2
OI012456,O001489,M147,2
OI012457,O013021,M099,2
OI012458,O007314,M153,2
OI012459,O016872,M063,2
OI012460,O010437,M226,3
OI012461,O013440,M041,3
OI012462,O003421,M027,1
OI012463,O018030,M221,2
OI012464,O018152,M221,3
OI012465,O010027,M177,3
OI012466,O000634,M143,3
OI012467,O008856,M038,3
OI012468,O009114,M182,2
OI012469,O005648,M141,2
OI012470,O013730,M079,2
OI012471,O004354,M152,1
OI012472,O008317,M154,1
OI012473,O000766,M205,2
OI012474,O005890,M221,3
OI012475,O011362,M211,3
OI012476,O005939,M170,2
OI012477,O017803,M202,1
OI012478,O001862,M139,2
OI012479,O008903,M101,1
OI012480,O017180,M001,3
OI012481,O011778,M139,1
OI012482,O012629,M148,1
OI012483,O009844,M033,2
OI012484,O015007,M214,3
OI012485,O012897,M133,1
OI012486,O001803,M143,3
OI012487,O001049,M096,3
OI012488,O018054,M146,3
OI012489,O006867,M209,3
OI012490,O013889,M094,2
OI012491,O008538,M173,1
OI012492,O013472,M138,1
OI012493,O000431,M210,1
OI012494,O016219,M009,3
OI012495,O015283,M185,2
OI012496,O012687,M208,3
OI012497,O019247,M232,2
OI012498,O010559,M098,1
OI012499,O004847,M171,2
OI012500,O006017,M003,1
OI012501,O018997,M245,1
OI012502,O010516,M180,2
OI012503,O015761,M175,3
OI012504,O003229,M192,3
OI012505,O015219,M222,2
OI012506,O018221,M091,1
OI012507,O019329,M128,1
OI012508,O017609,M104,1
OI012509,O005202,M036,3
OI012510,O010133,M105,1
OI012511,O009264,M101,1
OI012512,O010412,M140,3
OI012513,O002537,M048,2
OI012514,O019704,M194,2
OI012515,O016138,M167,2
OI012516,O019517,M185,1
OI012517,O009512,M017,1
OI012518,O003334,M138,2
OI012519,O001609,M201,3
OI012520,O017332,M181,1
OI012521,O011268,M038,1
OI012522,O007260,M094,2
OI012523,O019596,M189,3
OI012524,O018243,M048,3
OI012525,O017277,M034,2
OI012526,O005196,M063,1
OI012527,O016180,M018,1
OI012528,O014508,M128,1
OI012529,O016646,M025,3
OI012530,O001257,M179,3
OI012531,O010642,M163,3
OI012532,O004272,M141,1
OI012533,O003429,M162,3
OI012534,O002556,M162,1
OI012535,O002946,M136,1
OI012536,O001223,M247,1
OI012537,O015476,M150,3
OI012538,O016239,M155,2
OI012539,O011022,M068,1
OI012540,O019149,M245,1
OI012541,O004877,M097,1
OI012542,O005985,M166,2
OI012543,O007209,M203,3
OI012544,O012215,M197,3
OI012545,O004965,M211,1
OI012546,O004503,M100,3
OI012547,O006647,M004,3
OI012548,O019185,M030,3
OI012549,O015019,M091,2
OI012550,O002051,M210,2
OI012551,O006099,M063,2
OI012552,O000133,M041,3
OI012553,O013373,M111,3
OI012554,O014662,M120,2
OI012555,O015857,M119,1
OI012556,O016015,M216,2
OI012557,O013486,M219,1
OI012558,O001566,M039,2
OI012559,O009110,M228,3
OI012560,O003366,M149,2
OI012561,O002308,M073,2
OI012562,O016812,M063,1
OI012563,O007023,M190,3
OI012564,O010070,M004,2
OI012565,O003648,M138,1
OI012566,O008542,M045,2
OI012567,O016136,M013,3
OI012568,O005522,M241,1
OI012569,O015949,M038,2
OI012570,O009769,M224,2
OI012571,O008431,M199,1
OI012572,O003430,M017,2
OI012573,O019075,M126,3
OI012574,O000805,M171,3
OI012575,O007531,M001,3
OI012576,O011494,M098,1
OI012577,O008908,M128,3
OI012578,O004505,M155,2
OI012579,O018928,M111,2
OI012580,O016964,M077,3
OI012581,O010773,M029,3
OI012582,O016909,M211,3
OI012583,O016348,M105,2
OI012584,O013664,M215,1
OI012585,O008309,M011,1
OI012586,O000748,M221,2
OI012587,O008878,M171,3
OI012588,O005685,M119,2
OI012589,O008191,M079,3
OI012590,O019196,M207,2
OI012591,O013008,M149,2
OI012592,O015853,M050,1
OI012593,O014564,M227,2
OI012594,O005302,M057,2
OI012595,O007895,M004,3
OI012596,O004183,M064,3
OI012597,O014560,M019,1
OI012598,O010050,M109,2
OI012599,O014940,M063,1
OI012600,O000384,M142,1
OI012601,O000139,M186,2
OI012602,O010935,M177,3
OI012603,O003223,M238,3
OI012604,O011660,M186,3
OI012605,O003153,M175,2
OI012606,O017138,M158,2
OI012607,O018269,M229,1
OI012608,O001977,M230,3
OI012609,O007244,M026,1
OI012610,O018728,M227,2
OI012611,O002925,M028,3
OI012612,O015985,M192,1
OI012613,O018912,M086,2
OI012614,O018888,M248,1
OI012615,O000876,M173,3
OI012616,O011274,M203,2
OI012617,O003824,M232,1
OI012618,O003888,M250,3
OI012619,O004168,M165,2
OI012620,O006189,M109,1
OI012621,O000017,M067,1
OI012622,O016398,M209,3
OI012623,O011975,M149,1
OI012624,O015555,M147,2
OI012625,O019994,M228,1
OI012626,O003729,M071,2
OI012627,O019096,M011,2
OI012628,O016822,M220,3
OI012629,O001337,M002,3
OI012630,O006186,M159,2
OI012631,O010364,M047,2
OI012632,O017484,M229,1
OI012633,O011348,M159,3
OI012634,O006364,M163,2
OI012635,O003919,M231,1
OI012636,O001683,M043,2
OI012637,O001310,M160,1
OI012638,O012878,M153,3
OI012639,O016424,M166,1
OI012640,O005941,M043,3
OI012641,O012411,M028,3
OI012642,O003570,M194,1
OI012643,O015399,M028,3
OI012644,O010437,M194,3
OI012645,O006245,M084,3
OI012646,O004023,M023,2
OI012647,O002298,M055,3
OI012648,O019267,M218,3
OI012649,O010032,M195,1
OI012650,O002030,M089,2
OI012651,O009252,M087,2
OI012652,O019495,M017,3
OI012653,O018878,M066,1
OI012654,O012552,M191,1
OI012655,O007988,M158,2
OI012656,O015638,M156,2
OI012657,O005713,M137,3
OI012658,O018420,M115,3
OI012659,O009969,M140,1
OI012660,O009814,M145,3
OI012661,O015155,M236,2
OI012662,O014769,M076,3
OI012663,O006114,M128,2
OI012664,O018194,M015,1
OI012665,O004899,M136,2
OI012666,O014630,M048,1
OI012667,O019464,M085,3
OI012668,O004331,M142,1
OI012669,O003186,M046,3
OI012670,O008310,M111,2
OI012671,O004521,M053,1
OI012672,O010525,M121,1
OI012673,O010975,M160,2
OI012674,O003156,M209,3
OI012675,O011379,M065,1
OI012676,O010519,M084,1
OI012677,O017397,M220,2
OI012678,O010911,M215,1
OI012679,O015273,M032,3
OI012680,O006047,M189,3
OI012681,O011960,M153,2
OI012682,O003524,M081,3
OI012683,O016435,M243,3
OI012684,O019661,M209,1
OI012685,O013149,M201,3
OI012686,O007139,M132,2
OI012687,O006095,M182,1
OI012688,O000406,M147,2
OI012689,O007330,M032,2
OI012690,O019320,M059,2
OI012691,O013946,M249,2
OI012692,O007949,M131,1
OI012693,O004573,M057,3
OI012694,O006120,M192,3
OI012695,O008052,M213,2
OI012696,O003138,M010,3
OI012697,O013870,M076,2
OI012698,O005812,M103,1
OI012699,O006792,M238,2
OI012700,O007669,M138,2
OI012701,O012431,M143,2
OI012702,O019142,M063,3
OI012703,O002592,M197,2
OI012704,O002729,M066,1
OI012705,O011409,M002,2
OI012706,O019357,M034,2
OI012707,O012095,M022,2
OI012708,O013160,M235,2
OI012709,O013071,M215,3
OI012710,O010820,M239,1
OI012711,O011742,M002,2
OI012712,O017782,M080,1
OI012713,O004412,M016,2
OI012714,O010828,M200,2
OI012715,O013768,M124,1
OI012716,O014035,M198,2
OI012717,O010687,M109,1
OI012718,O011970,M038,3
OI012719,O001809,M035,1
OI012720,O018721,M055,3
OI012721,O012034,M137,1
OI012722,O013748,M144,2
OI012723,O004448,M080,3
OI012724,O000673,M202,2
OI012725,O012313,M098,2
OI012726,O016158,M057,1
OI012727,O017383,M016,2
OI012728,O016168,M189,2
OI012729,O014241,M234,2
OI012730,O007395,M205,3
OI012731,O014471,M168,1
OI012732,O009881,M119,2
OI012733,O005698,M031,1
OI012734,O012893,M093,3
OI012735,O011126,M227,2
OI012736,O015331,M012,1
OI012737,O015466,M098,2
OI012738,O019946,M192,1
OI012739,O009028,M126,3
OI012740,O008173,M242,3
OI012741,O015457,M093,3
OI012742,O000977,M138,1
OI012743,O000046,M192,1
OI012744,O006726,M223,3
OI012745,O012543,M162,3
OI012746,O017304,M119,2
OI012747,O016216,M091,1
OI012748,O000652,M103,3
OI012749,O019434,M092,2
OI012750,O002682,M223,1
OI012751,O014862,M080,1
OI012752,O003235,M065,3
OI012753,O009294,M173,1
OI012754,O016484,M185,1
OI012755,O018961,M181,3
OI012756,O015011,M058,1
OI012757,O008872,M044,1
OI012758,O017771,M164,3
OI012759,O007351,M066,1
OI012760,O001169,M117,3
OI012761,O010765,M241,2
OI012762,O017959,M169,1
OI012763,O000928,M022,1
OI012764,O002430,M248,3
OI012765,O002731,M137,1
OI012766,O007158,M080,1
OI012767,O016150,M096,2
OI012768,O005482,M182,1
OI012769,O005406,M050,1
OI012770,O018589,M219,2
OI012771,O006725,M234,2
OI012772,O011107,M240,2
OI012773,O014448,M104,3
OI012774,O010466,M136,3
OI012775,O015113,M235,1
OI012776,O003835,M164,3
OI012777,O012556,M039,2
OI012778,O008889,M196,1
OI012779,O006278,M114,3
OI012780,O000216,M038,3
OI012781,O010647,M144,3
OI012782,O010891,M126,2
OI012783,O006112,M208,1
OI012784,O000726,M097,2
OI012785,O017267,M108,3
OI012786,O006576,M104,1
OI012787,O001058,M046,2
OI012788,O009155,M132,3
OI012789,O018336,M108,1
OI012790,O018888,M079,3
OI012791,O005337,M163,3
OI012792,O013998,M089,2
OI012793,O003186,M108,3
OI012794,O002931,M196,3
OI012795,O005662,M036,2
OI012796,O016159,M113,2
OI012797,O015129,M208,2
OI012798,O008042,M073,3
OI012799,O010245,M104,2
OI012800,O005910,M085,3
OI012801,O014481,M078,2
OI012802,O006818,M190,1
OI012803,O003360,M059,3
OI012804,O018999,M006,1
OI012805,O013722,M228,1
OI012806,O009733,M126,2
OI012807,O002211,M097,3
OI012808,O007440,M050,2
OI012809,O009121,M244,1
OI012810,O018839,M160,2
OI012811,O008253,M101,2
OI012812,O019931,M083,1
OI012813,O019350,M245,1
OI012814,O018201,M013,1
OI012815,O015635,M049,1
OI012816,O011155,M123,3
OI012817,O016885,M205,1
OI012818,O016688,M195,2
OI012819,O001639,M114,2
OI012820,O007689,M141,1
OI012821,O012399,M170,3
OI012822,O017889,M130,1
OI012823,O010611,M137,3
OI012824,O017365,M022,1
OI012825,O004547,M132,1
OI012826,O008421,M152,2
OI012827,O002673,M218,3
OI012828,O019075,M178,3
OI012829,O003163,M108,3
OI012830,O002401,M026,1
OI012831,O009233,M249,3
OI012832,O016530,M044,2
OI012833,O011787,M118,3
OI012834,O004871,M208,3
OI012835,O014342,M100,3
OI012836,O002521,M204,1
OI012837,O008643,M143,3
OI012838,O015360,M086,1
OI012839,O007669,M161,2
OI012840,O017629,M148,1
OI012841,O001924,M150,3
OI012842,O013044,M196,3
OI012843,O002630,M008,1
OI012844,O011572,M069,2
OI012845,O013074,M140,3
OI012846,O016549,M076,3
OI012847,O007487,M109,2
OI012848,O012616,M061,1
OI012849,O011088,M162,1
OI012850,O001090,M167,2
OI012851,O019140,M081,1
OI012852,O007230,M220,2
OI012853,O017533,M064,3
OI012854,O015026,M212,1
OI012855,O004142,M141,2
OI012856,O015104,M131,2
OI012857,O002673,M169,2
OI012858,O019270,M057,2
OI012859,O017957,M089,2
OI012860,O018250,M181,2
OI012861,O002294,M124,2
OI012862,O014741,M166,2
OI012863,O012290,M208,3
OI012864,O001804,M146,1
OI012865,O015152,M149,2
OI012866,O005142,M174,2
OI012867,O002839,M231,3
OI012868,O005251,M047,3
OI012869,O005721,M183,3
OI012870,O001765,M176,2
OI012871,O010965,M226,3
OI012872,O004964,M190,1
OI012873,O008521,M088,3
OI012874,O018735,M103,2
OI012875,O013950,M197,3
OI012876,O009881,M010,1
OI012877,O000236,M069,3
OI012878,O002262,M137,2
OI012879,O012998,M118,2
OI012880,O003082,M037,3
OI012881,O013661,M044,1
OI012882,O006440,M240,1
OI012883,O018002,M024,1
OI012884,O019436,M210,1
OI012885,O007527,M137,2
OI012886,O009602,M188,2
OI012887,O010200,M219,2
OI012888,O005387,M083,3
OI012889,O008367,M238,1
OI012890,O017055,M238,3
OI012891,O010015,M135,3
OI012892,O010002,M220,3
OI012893,O017455,M166,3
OI012894,O001086,M014,3
OI012895,O015599,M093,2
OI012896,O013351,M006,2
OI012897,O005645,M112,2
OI012898,O009395,M129,3
OI012899,O008125,M070,2
OI012900,O000187,M178,2
OI012901,O011957,M041,1
OI012902,O011130,M148,1
OI012903,O015624,M076,1
OI012904,O018154,M180,3
OI012905,O019637,M131,2
OI012906,O015917,M162,1
OI012907,O018221,M096,2
OI012908,O008282,M098,2
OI012909,O010851,M184,3
OI012910,O010253,M244,2
OI012911,O004274,M224,1
OI012912,O004919,M168,1
OI012913,O008784,M238,1
OI012914,O004940,M160,2
OI012915,O007125,M056,3
OI012916,O010126,M109,2
OI012917,O001744,M027,3
OI012918,O016144,M095,2
OI012919,O018864,M017,1
OI012920,O005824,M124,1
OI012921,O015835,M130,2
OI012922,O011217,M229,1
OI012923,O013368,M014,1
OI012924,O018135,M023,1
OI012925,O000069,M099,1
OI012926,O011091,M077,3
OI012927,O007149,M198,3
OI012928,O015125,M135,1
OI012929,O007285,M060,2
OI012930,O014862,M123,1
OI012931,O005074,M147,1
OI012932,O019244,M122,1
OI012933,O000507,M218,2
OI012934,O000255,M250,1
OI012935,O009206,M087,2
OI012936,O006142,M131,2
OI012937,O013429,M039,1
OI012938,O002481,M170,2
OI012939,O008042,M214,3
OI012940,O001054,M190,1
OI012941,O012068,M250,1
OI012942,O005527,M026,1
OI012943,O004235,M181,1
OI012944,O012907,M132,1
OI012945,O013341,M023,3
OI012946,O000055,M050,3
OI012947,O009930,M017,2
OI012948,O001280,M222,2
OI012949,O000596,M070,1
OI012950,O001933,M074,1
OI012951,O006671,M053,3
OI012952,O004039,M107,2
OI012953,O014834,M177,2
OI012954,O007791,M058,1
OI012955,O009687,M143,2
OI012956,O006716,M124,2
OI012957,O009621,M107,3
OI012958,O015227,M194,1
OI012959,O001641,M135,3
OI012960,O005016,M020,2
OI012961,O015740,M250,1
OI012962,O014808,M200,3
OI012963,O007030,M171,2
OI012964,O015764,M221,1
OI012965,O005396,M019,2
OI012966,O013172,M219,2
OI012967,O008720,M129,1
OI012968,O003117,M110,2
OI012969,O002878,M046,1
OI012970,O001516,M009,2
OI012971,O010982,M073,3
OI012972,O007923,M235,3
OI012973,O003417,M001,2
OI012974,O007662,M015,2
OI012975,O000326,M175,1
OI012976,O007839,M187,3
OI012977,O006993,M211,2
OI012978,O003414,M090,3
OI012979,O007821,M169,2
OI012980,O019737,M209,2
OI012981,O015432,M194,2
OI012982,O007152,M035,3
OI012983,O018223,M221,1
OI012984,O015420,M211,3
OI012985,O010598,M026,3
OI012986,O007448,M140,3
OI012987,O011735,M083,3
OI012988,O012026,M211,1
OI012989,O011699,M080,3
OI012990,O002633,M191,1
OI012991,O012546,M185,2
OI012992,O005709,M245,3
OI012993,O010444,M054,1
OI012994,O016717,M229,2
OI012995,O011984,M123,1
OI012996,O007024,M018,3
OI012997,O005419,M070,1
OI012998,O009840,M248,1
OI012999,O017343,M017,2
OI013000,O015674,M111,2
OI013001,O014412,M169,2
OI013002,O019178,M075,3
OI013003,O003988,M073,1
OI013004,O009961,M072,2
OI013005,O003312,M068,1
OI013006,O003110,M178,3
OI013007,O003055,M110,2
OI013008,O003788,M223,3
OI013009,O000286,M063,2
OI013010,O010697,M232,3
OI013011,O016943,M143,1
OI013012,O014578,M026,2
OI013013,O012980,M227,1
OI013014,O007130,M244,1
OI013015,O015132,M052,3
OI013016,O015224,M141,1
OI013017,O002632,M208,2
OI013018,O015705,M194,3
OI013019,O018591,M079,3
OI013020,O019215,M028,2
OI013021,O019444,M107,1
OI013022,O000825,M077,3
OI013023,O014434,M246,1
OI013024,O013724,M055,3
OI013025,O000280,M179,1
OI013026,O000915,M198,2
OI013027,O014998,M031,2
OI013028,O001003,M189,3
OI013029,O009925,M009,2
OI013030,O010283,M212,1
OI013031,O013969,M082,2
OI013032,O017328,M126,3
OI013033,O007261,M055,2
OI013034,O000048,M162,1
OI013035,O009067,M212,3
OI013036,O005499,M184,2
OI013037,O000702,M087,2
OI013038,O001033,M137,1
OI013039,O010457,M169,1
OI013040,O011698,M018,1
OI013041,O016277,M175,2
OI013042,O000107,M093,2
OI013043,O011694,M162,1
OI013044,O018456,M079,1
OI013045,O018499,M082,3
OI013046,O009183,M248,3
OI013047,O013846,M224,1
OI013048,O001575,M015,3
OI013049,O009380,M101,1
OI013050,O018893,M248,2
OI013051,O010223,M096,3
OI013052,O005122,M164,2
OI013053,O014132,M135,1
OI013054,O018273,M087,2
OI013055,O011849,M212,2
OI013056,O017629,M018,2
OI013057,O004953,M090,3
OI013058,O018167,M190,3
OI013059,O002339,M009,3
OI013060,O012864,M083,1
OI013061,O001836,M146,3
OI013062,O018501,M055,2
OI013063,O005920,M064,2
OI013064,O007832,M072,1
OI013065,O018059,M150,2
OI013066,O016403,M138,1
OI013067,O019491,M007,3
OI013068,O005135,M063,3
OI013069,O003639,M069,3
OI013070,O014840,M112,1
OI013071,O018259,M060,3
OI013072,O013343,M152,1
OI013073,O011881,M025,2
OI013074,O007177,M167,1
OI013075,O007189,M217,1
OI013076,O002959,M090,2
OI013077,O018720,M153,3
OI013078,O012277,M175,1
OI013079,O000151,M203,2
OI013080,O011548,M049,2
OI013081,O004860,M127,3
OI013082,O009895,M062,3
OI013083,O016774,M247,2
OI013084,O013153,M207,1
OI013085,O010365,M204,2
OI013086,O008251,M138,1
OI013087,O001972,M055,3
OI013088,O001392,M126,3
OI013089,O012300,M165,1
OI013090,O016275,M108,3
OI013091,O013356,M098,2
OI013092,O004104,M248,3
OI013093,O018011,M007,1
OI013094,O006240,M174,2
OI013095,O007163,M202,3
OI013096,O014865,M215,2
OI013097,O002932,M244,1
OI013098,O006412,M009,2
OI013099,O018269,M132,3
OI013100,O012735,M144,1
OI013101,O006070,M170,2
OI013102,O012441,M191,3
OI013103,O015297,M232,1
OI013104,O008410,M143,1
OI013105,O011436,M025,2
OI013106,O011804,M247,3
OI013107,O003486,M219,3
OI013108,O005243,M152,3
OI013109,O015135,M152,1
OI013110,O018828,M125,1
OI013111,O001339,M128,3
OI013112,O017788,M132,2
OI013113,O013907,M144,1
OI013114,O002834,M051,1
OI013115,O006188,M032,2
OI013116,O004416,M049,1
OI013117,O006146,M128,2
OI013118,O014305,M091,3
OI013119,O005002,M239,3
OI013120,O018266,M210,3
OI013121,O002461,M106,2
OI013122,O009241,M088,2
OI013123,O019488,M175,3
OI013124,O001451,M197,2
OI013125,O011556,M203,2
OI013126,O012487,M152,1
OI013127,O018736,M242,1
OI013128,O001053,M049,1
OI013129,O000082,M126,1
OI013130,O015911,M158,2
OI013131,O015811,M189,1
OI013132,O001353,M104,2
OI013133,O009793,M166,3
OI013134,O008283,M082,1
OI013135,O010726,M004,1
OI013136,O011626,M021,2
OI013137,O019136,M053,2
OI013138,O005927,M247,1
OI013139,O011517,M030,2
OI013140,O000199,M048,1
OI013141,O003004,M153,2
OI013142,O011990,M184,2
OI013143,O007762,M054,1
OI013144,O012644,M082,1
OI013145,O013997,M241,3
OI013146,O009135,M003,2
OI013147,O015602,M035,2
OI013148,O000242,M094,2
OI013149,O010815,M085,3
OI013150,O019706,M210,2
OI013151,O014061,M065,1
OI013152,O018921,M149,1
OI013153,O016907,M022,1
OI013154,O019917,M176,2
OI013155,O004817,M200,3
OI013156,O009848,M051,1
OI013157,O001027,M073,3
OI013158,O016422,M227,1
OI013159,O005396,M094,3
OI013160,O019794,M144,2
OI013161,O009902,M051,1
OI013162,O016908,M107,1
OI013163,O014422,M065,3
OI013164,O017289,M138,1
OI013165,O009505,M216,1
OI013166,O001876,M201,3
OI013167,O016328,M215,1
OI013168,O019088,M184,2
OI013169,O018911,M055,3
OI013170,O006515,M032,1
OI013171,O002298,M149,2
OI013172,O007967,M212,2
OI013173,O017039,M193,3
OI013174,O012246,M219,2
OI013175,O011818,M038,3
OI013176,O007223,M245,3
OI013177,O008264,M195,1
OI013178,O003622,M038,2
OI013179,O003071,M115,3
OI013180,O015001,M248,2
OI013181,O013687,M151,1
OI013182,O008801,M171,1
OI013183,O003112,M180,1
OI013184,O000737,M076,1
OI013185,O011797,M115,2
OI013186,O013857,M130,2
OI013187,O004636,M242,2
OI013188,O016923,M229,1
OI013189,O000346,M034,1
OI013190,O006817,M113,1
OI013191,O017658,M097,2
OI013192,O010499,M161,3
OI013193,O013714,M147,3
OI013194,O005066,M107,2
OI013195,O019586,M201,3
OI013196,O016184,M248,3
OI013197,O007725,M031,1
OI013198,O019762,M043,1
OI013199,O004600,M169,2
OI013200,O015872,M196,2
OI013201,O000470,M157,2
OI013202,O002902,M071,1
OI013203,O019042,M033,3
OI013204,O000724,M217,3
OI013205,O001228,M044,2
OI013206,O012725,M171,2
OI013207,O001165,M023,3
OI013208,O019571,M034,3
OI013209,O015420,M157,1
OI013210,O003947,M221,3
OI013211,O001504,M227,1
OI013212,O012597,M060,3
OI013213,O007757,M061,1
OI013214,O018116,M106,3
OI013215,O019006,M169,2
OI013216,O001027,M020,2
OI013217,O011024,M166,3
OI013218,O000411,M104,1
OI013219,O000468,M163,3
OI013220,O009779,M086,2
OI013221,O003476,M071,1
OI013222,O009289,M165,1
OI013223,O017644,M104,1
OI013224,O007330,M148,2
OI013225,O003351,M007,1
OI013226,O019336,M213,1
OI013227,O003338,M204,2
OI013228,O019648,M017,2
OI013229,O009595,M101,3
OI013230,O010738,M101,1
OI013231,O004465,M215,1
OI013232,O012001,M045,3
OI013233,O012666,M089,2
OI013234,O016942,M220,1
OI013235,O016007,M142,2
OI013236,O002535,M038,1
OI013237,O016978,M074,3
OI013238,O003205,M043,1
OI013239,O002414,M030,3
OI013240,O005899,M154,1
OI013241,O018059,M036,3
OI013242,O005318,M092,3
OI013243,O012645,M116,3
OI013244,O019517,M181,3
OI013245,O011016,M018,2
OI013246,O010053,M164,1
OI013247,O019931,M198,1
OI013248,O006453,M011,2
OI013249,O010871,M244,2
OI013250,O009544,M074,3
OI013251,O001883,M032,2
OI013252,O013406,M150,2
OI013253,O010412,M006,2
OI013254,O019577,M232,1
OI013255,O000580,M201,2
OI013256,O015386,M060,2
OI013257,O002073,M203,1
OI013258,O013311,M249,3
OI013259,O009886,M152,2
OI013260,O009153,M233,2
OI013261,O001268,M008,2
OI013262,O009999,M198,3
OI013263,O016316,M226,2
OI013264,O000572,M169,2
OI013265,O003298,M119,3
OI013266,O002113,M095,3
OI013267,O001881,M039,3
OI013268,O011334,M063,1
OI013269,O006441,M224,1
OI013270,O019565,M103,1
OI013271,O009908,M204,3
OI013272,O004392,M221,3
OI013273,O013952,M140,3
OI013274,O009517,M036,1
OI013275,O007899,M123,2
OI013276,O002541,M074,3
OI013277,O019025,M009,3
OI013278,O009607,M183,3
OI013279,O014474,M181,3
OI013280,O009930,M090,3
OI013281,O013253,M202,3
OI013282,O007029,M112,2
OI013283,O006159,M162,2
OI013284,O019796,M163,2
OI013285,O018426,M211,2
OI013286,O002361,M090,1
OI013287,O013566,M088,1
OI013288,O009632,M192,1
OI013289,O005533,M222,1
OI013290,O014228,M035,3
OI013291,O010987,M078,1
OI013292,O004135,M215,1
OI013293,O005455,M061,3
OI013294,O003546,M125,1
OI013295,O004158,M083,3
OI013296,O012737,M045,3
OI013297,O008221,M238,2
OI013298,O009895,M133,2
OI013299,O006470,M031,1
OI013300,O011541,M238,1
OI013301,O005744,M152,3
OI013302,O002304,M123,1
OI013303,O015583,M212,2
OI013304,O001794,M041,3
OI013305,O004505,M129,1
OI013306,O000950,M187,2
OI013307,O009398,M129,3
OI013308,O000694,M224,2
OI013309,O010574,M178,2
OI013310,O019123,M079,2
OI013311,O007299,M210,2
OI013312,O006916,M042,2
OI013313,O019607,M045,2
OI013314,O011144,M084,1
OI013315,O006198,M092,1
OI013316,O009011,M120,1
OI013317,O005690,M035,3
OI013318,O001392,M133,3
OI013319,O018733,M096,1
OI013320,O009313,M067,3
OI013321,O001749,M098,2
OI013322,O011670,M211,3
OI013323,O008146,M059,3
OI013324,O011355,M069,1
OI013325,O003140,M190,1
OI013326,O018846,M042,1
OI013327,O005287,M248,2
OI013328,O009510,M223,2
OI013329,O014762,M104,1
OI013330,O005273,M030,1
OI013331,O018772,M081,2
OI013332,O007951,M175,3
OI013333,O000407,M042,2
OI013334,O019033,M165,1
OI013335,O010142,M043,3
OI013336,O014671,M079,3
OI013337,O015235,M154,3
OI013338,O013352,M031,2
OI013339,O004214,M138,3
OI013340,O002028,M029,1
OI013341,O001889,M007,3
OI013342,O001604,M244,1
OI013343,O014270,M092,3
OI013344,O004267,M098,2
OI013345,O008198,M128,2
OI013346,O003783,M017,1
OI013347,O002609,M141,3
OI013348,O011655,M196,1
OI013349,O002966,M192,3
OI013350,O016142,M212,1
OI013351,O010507,M115,2
OI013352,O017537,M098,1
OI013353,O013744,M133,3
OI013354,O016769,M235,1
OI013355,O012881,M004,2
OI013356,O012504,M095,1
OI013357,O017337,M033,3
OI013358,O011757,M227,1
OI013359,O005536,M027,2
OI013360,O008204,M172,1
OI013361,O009058,M145,2
OI013362,O008158,M002,3
OI013363,O010135,M227,3
OI013364,O016523,M229,2
OI013365,O008018,M210,1
OI013366,O014221,M123,3
OI013367,O009712,M075,2
OI013368,O008722,M164,3
OI013369,O015557,M053,1
OI013370,O009672,M105,2
OI013371,O017614,M042,3
OI013372,O006078,M033,2
OI013373,O006676,M016,3
OI013374,O010802,M203,2
OI013375,O017198,M203,2
OI013376,O006236,M086,3
OI013377,O004140,M102,2
OI013378,O000363,M165,2
OI013379,O005429,M223,1
OI013380,O004428,M076,2
OI013381,O017278,M115,2
OI013382,O015911,M057,2
OI013383,O013416,M137,3
OI013384,O007549,M097,3
OI013385,O011300,M205,3
OI013386,O016941,M190,3
OI013387,O004303,M017,1
OI013388,O007655,M155,2
OI013389,O016567,M061,2
OI013390,O003492,M229,3
OI013391,O013720,M094,3
OI013392,O000058,M240,2
OI013393,O010120,M069,1
OI013394,O009864,M029,2
OI013395,O019578,M188,1
OI013396,O011313,M181,2
OI013397,O012595,M009,2
OI013398,O003871,M225,2
OI013399,O010582,M004,2
OI013400,O010324,M051,3
OI013401,O004023,M098,3
OI013402,O003763,M098,3
OI013403,O013400,M165,1
OI013404,O009744,M033,1
OI013405,O015554,M186,1
OI013406,O005482,M061,2
OI013407,O001222,M065,3
OI013408,O006916,M073,1
OI013409,O009629,M005,1
OI013410,O006559,M074,3
OI013411,O008245,M101,2
OI013412,O001143,M236,3
OI013413,O002780,M056,1
OI013414,O000867,M222,2
OI013415,O017985,M057,3
OI013416,O013050,M127,2
OI013417,O011044,M174,3
OI013418,O005500,M015,1
OI013419,O013150,M076,1
OI013420,O007790,M241,3
OI013421,O016051,M199,1
OI013422,O004540,M040,2
OI013423,O001458,M083,2
OI013424,O002164,M250,1
OI013425,O003281,M195,2
OI013426,O003922,M075,3
OI013427,O015908,M143,2
OI013428,O017410,M119,3
OI013429,O009689,M105,3
OI013430,O018186,M244,1
OI013431,O014860,M122,3
OI013432,O010701,M144,3
OI013433,O017982,M214,1
OI013434,O001294,M228,1
OI013435,O013980,M023,2
OI013436,O013788,M177,3
OI013437,O014546,M228,3
OI013438,O012498,M175,1
OI013439,O009801,M173,1
OI013440,O005657,M073,3
OI013441,O008001,M166,1
OI013442,O015950,M081,1
OI013443,O001763,M113,1
OI013444,O006610,M055,2
OI013445,O019958,M168,1
OI013446,O008190,M082,3
OI013447,O011897,M236,3
OI013448,O004270,M141,3
OI013449,O015118,M051,2
OI013450,O001869,M194,2
OI013451,O016770,M071,2
OI013452,O007854,M210,3
OI013453,O008853,M058,1
OI013454,O006568,M022,2
OI013455,O016072,M220,2
OI013456,O001053,M062,1
OI013457,O006071,M156,1
OI013458,O004953,M198,1
OI013459,O009788,M117,2
OI013460,O000755,M030,3
OI013461,O000960,M143,1
OI013462,O011190,M216,2
OI013463,O007070,M115,1
OI013464,O019873,M088,3
OI013465,O013855,M135,3
OI013466,O012505,M005,3
OI013467,O015009,M021,2
OI013468,O018147,M073,2
OI013469,O010057,M184,2
OI013470,O000209,M184,1
OI013471,O009831,M072,3
OI013472,O015036,M238,2
OI013473,O009750,M100,3
OI013474,O005467,M055,2
OI013475,O015759,M009,2
OI013476,O000098,M228,1
OI013477,O013055,M066,1
OI013478,O009830,M165,2
OI013479,O015673,M105,3
OI013480,O015826,M063,3
OI013481,O016395,M034,3
OI013482,O012618,M175,1
OI013483,O015348,M033,2
OI013484,O004812,M035,3
OI013485,O004144,M179,3
OI013486,O005134,M033,3
OI013487,O008623,M163,2
OI013488,O013728,M092,3
OI013489,O003932,M180,2
OI013490,O011357,M230,3
OI013491,O001179,M062,3
OI013492,O012253,M066,1
OI013493,O019500,M130,3
OI013494,O011792,M076,2
OI013495,O017107,M242,3
OI013496,O011226,M187,1
OI013497,O001127,M147,3
OI013498,O013762,M131,2
OI013499,O005623,M232,1
OI013500,O005121,M186,3
OI013501,O003280,M114,3
OI013502,O015693,M187,2
OI013503,O011025,M039,1
OI013504,O001305,M020,3
OI013505,O016376,M168,2
OI013506,O016839,M059,3
OI013507,O010725,M068,2
OI013508,O015843,M091,3
OI013509,O002690,M200,2
OI013510,O000009,M031,2
OI013511,O015224,M152,2
OI013512,O000157,M002,3
OI013513,O016965,M127,2
OI013514,O006490,M248,2
OI013515,O009789,M014,3
OI013516,O000728,M104,3
OI013517,O012359,M174,1
OI013518,O004665,M027,2
OI013519,O006714,M104,2
OI013520,O016415,M072,1
OI013521,O016859,M247,1
OI013522,O011207,M079,3
OI013523,O005405,M114,3
OI013524,O005227,M071,1
OI013525,O013603,M173,1
OI013526,O003125,M234,1
OI013527,O010526,M099,3
OI013528,O006838,M202,1
OI013529,O007038,M086,1
OI013530,O018576,M036,2
OI013531,O009461,M049,1
OI013532,O018258,M205,1
OI013533,O013141,M206,1
OI013534,O012495,M018,3
OI013535,O014910,M103,2
OI013536,O012259,M155,2
OI013537,O014972,M194,3
OI013538,O018112,M068,2
OI013539,O015028,M075,1
OI013540,O013968,M064,3
OI013541,O004638,M233,3
OI013542,O006721,M247,3
OI013543,O017778,M047,3
OI013544,O017142,M024,1
OI013545,O015498,M215,3
OI013546,O011231,M193,2
OI013547,O004546,M145,2
OI013548,O009182,M134,2
OI013549,O000134,M233,2
OI013550,O008039,M188,1
OI013551,O014790,M135,2
OI013552,O001223,M215,2
OI013553,O006970,M127,1
OI013554,O010592,M213,1
OI013555,O004401,M007,1
OI013556,O010928,M219,1
OI013557,O018974,M245,3
OI013558,O012475,M029,2
OI013559,O011959,M103,3
OI013560,O013844,M091,3
OI013561,O007365,M077,1
OI013562,O010232,M074,2
OI013563,O019813,M027,1
OI013564,O019139,M067,1
OI013565,O012740,M092,2
OI013566,O010560,M008,2
OI013567,O013336,M107,2
OI013568,O014588,M150,2
OI013569,O008283,M160,3
OI013570,O018914,M176,1
OI013571,O013850,M090,1
OI013572,O014832,M153,1
OI013573,O002637,M127,1
OI013574,O005587,M201,3
OI013575,O003372,M008,1
OI013576,O013600,M177,1
OI013577,O000614,M082,1
OI013578,O015329,M250,1
OI013579,O006724,M235,1
OI013580,O017083,M241,3
OI013581,O006023,M219,2
OI013582,O004839,M097,3
OI013583,O011361,M128,1
OI013584,O004770,M182,3
OI013585,O018358,M121,3
OI013586,O007370,M055,2
OI013587,O013525,M225,2
OI013588,O018530,M208,2
OI013589,O015232,M111,3
OI013590,O017885,M085,2
OI013591,O002628,M129,1
OI013592,O008099,M034,3
OI013593,O015958,M040,2
OI013594,O010395,M042,3
OI013595,O008060,M096,2
OI013596,O015241,M169,2
OI013597,O017816,M186,2
OI013598,O009762,M168,2
OI013599,O005363,M055,2
OI013600,O004212,M005,3
OI013601,O005372,M142,1
OI013602,O018026,M087,2
OI013603,O017290,M240,2
OI013604,O014966,M088,3
OI013605,O012891,M058,1
OI013606,O006397,M213,1
OI013607,O016501,M053,3
OI013608,O012136,M094,2
OI013609,O014798,M061,3
OI013610,O010772,M112,2
OI013611,O012673,M060,3
OI013612,O014963,M198,1
OI013613,O018349,M221,1
OI013614,O007706,M055,1
OI013615,O005145,M224,3
OI013616,O000259,M141,1
OI013617,O002444,M204,3
OI013618,O013865,M021,2
OI013619,O005755,M144,2
OI013620,O008894,M185,1
OI013621,O007396,M118,1
OI013622,O000609,M206,3
OI013623,O018284,M196,2
OI013624,O010033,M103,3
OI013625,O012784,M175,2
OI013626,O019714,M056,3
OI013627,O013126,M002,1
OI013628,O002091,M124,2
OI013629,O006709,M131,2
OI013630,O000901,M001,1
OI013631,O003811,M058,1
OI013632,O010936,M131,2
OI013633,O002033,M089,2
OI013634,O009382,M188,1
OI013635,O014386,M177,2
OI013636,O011597,M114,2
OI013637,O003001,M023,1
OI013638,O002541,M044,1
OI013639,O004170,M207,2
OI013640,O016917,M105,1
OI013641,O019673,M002,2
OI013642,O018116,M219,1
OI013643,O000991,M179,3
OI013644,O009786,M226,2
OI013645,O016358,M044,1
OI013646,O008766,M090,3
OI013647,O012752,M179,1
OI013648,O015422,M247,3
OI013649,O010698,M119,2
OI013650,O015209,M038,3
OI013651,O006531,M141,1
OI013652,O004986,M026,1
OI013653,O011975,M079,3
OI013654,O000683,M186,3
OI013655,O017804,M021,2
OI013656,O003471,M046,2
OI013657,O003063,M197,1
OI013658,O003347,M189,3
OI013659,O012291,M235,1
OI013660,O016567,M248,1
OI013661,O009702,M051,2
OI013662,O002770,M077,2
OI013663,O008898,M199,1
OI013664,O013255,M073,3
OI013665,O012556,M034,3
OI013666,O019402,M100,1
OI013667,O015443,M039,3
OI013668,O018184,M023,3
OI013669,O015112,M158,1
OI013670,O001701,M208,3
OI013671,O007704,M116,2
OI013672,O015426,M150,2
OI013673,O016044,M204,3
OI013674,O005517,M078,2
OI013675,O003883,M111,3
OI013676,O006035,M225,1
OI013677,O001238,M111,3
OI013678,O002862,M049,3
OI013679,O007449,M204,2
OI013680,O010875,M051,3
OI013681,O012655,M043,1
OI013682,O001016,M074,3
OI013683,O010835,M176,2
OI013684,O018251,M075,2
OI013685,O011801,M002,1
OI013686,O000531,M070,2
OI013687,O015841,M040,3
OI013688,O003409,M055,3
OI013689,O007308,M163,1
OI013690,O008969,M109,2
OI013691,O006178,M147,3
OI013692,O009824,M137,3
OI013693,O004018,M181,1
OI013694,O016186,M190,2
OI013695,O018567,M225,2
OI013696,O014530,M024,3
OI013697,O010111,M138,2
OI013698,O004393,M012,1
OI013699,O015234,M054,1
OI013700,O009694,M197,3
OI013701,O006481,M154,1
OI013702,O005044,M115,2
OI013703,O006911,M236,2
OI013704,O000242,M244,3
OI013705,O008400,M007,2
OI013706,O002299,M088,1
OI013707,O006015,M228,2
OI013708,O004164,M060,2
OI013709,O009727,M244,3
OI013710,O016688,M006,2
OI013711,O013602,M102,3
OI013712,O014106,M245,1
OI013713,O002783,M161,3
OI013714,O001760,M104,2
OI013715,O013032,M139,1
OI013716,O003914,M040,3
OI013717,O016588,M099,1
OI013718,O005936,M124,3
OI013719,O003217,M250,1
OI013720,O015854,M173,3
OI013721,O012316,M246,1
OI013722,O013336,M036,3
OI013723,O012543,M014,2
OI013724,O002228,M139,2
OI013725,O005433,M052,1
OI013726,O009403,M075,3
OI013727,O012736,M113,1
OI013728,O003472,M086,2
OI013729,O016414,M065,3
OI013730,O008475,M158,3
OI013731,O001354,M027,2
OI013732,O005287,M115,3
OI013733,O008571,M149,2
OI013734,O019400,M197,1
OI013735,O013374,M188,2
OI013736,O006851,M055,3
OI013737,O017247,M178,3
OI013738,O012804,M172,2
OI013739,O017648,M108,2
OI013740,O005964,M126,3
OI013741,O009221,M161,2
OI013742,O017111,M204,2
OI013743,O014059,M052,3
OI013744,O011561,M002,1
OI013745,O015310,M051,1
OI013746,O003263,M153,2
OI013747,O009686,M204,1
OI013748,O017352,M241,2
OI013749,O008181,M242,3
OI013750,O014499,M129,2
OI013751,O008858,M060,1
OI013752,O012003,M001,1
OI013753,O000459,M055,3
OI013754,O012273,M074,3
OI013755,O017886,M226,1
OI013756,O002241,M190,3
OI013757,O003845,M113,1
OI013758,O019192,M166,2
OI013759,O014270,M004,1
OI013760,O007010,M225,3
OI013761,O011179,M242,2
OI013762,O009410,M032,1
OI013763,O000984,M022,1
OI013764,O015374,M206,3
OI013765,O010529,M151,1
OI013766,O009897,M200,2
OI013767,O016476,M060,1
OI013768,O008123,M174,2
OI013769,O002728,M223,1
OI013770,O001307,M166,3
OI013771,O002682,M107,2
OI013772,O016201,M042,3
OI013773,O007036,M205,3
OI013774,O008418,M057,1
OI013775,O012627,M049,3
OI013776,O013880,M070,3
OI013777,O002288,M017,2
OI013778,O019077,M193,2
OI013779,O003799,M187,1
OI013780,O016316,M009,3
OI013781,O006038,M091,3
OI013782,O014202,M223,3
OI013783,O018324,M236,1
OI013784,O002915,M184,1
OI013785,O015804,M047,2
OI013786,O004691,M120,1
OI013787,O005952,M046,1
OI013788,O016171,M203,2
OI013789,O014652,M108,1
OI013790,O019270,M076,1
OI013791,O007692,M007,2
OI013792,O010248,M179,1
OI013793,O015026,M250,3
OI013794,O015180,M141,1
OI013795,O005257,M192,3
OI013796,O015414,M068,3
OI013797,O012963,M185,1
OI013798,O011075,M180,2
OI013799,O007214,M250,1
OI013800,O000884,M004,2
OI013801,O011693,M025,3
OI013802,O002463,M174,2
OI013803,O016875,M223,2
OI013804,O018940,M043,3
OI013805,O011001,M224,3
OI013806,O000950,M196,3
OI013807,O009689,M199,2
OI013808,O005947,M091,3
OI013809,O006114,M058,1
OI013810,O005468,M168,2
OI013811,O018939,M034,3
OI013812,O015775,M075,1
OI013813,O016297,M172,3
OI013814,O017432,M073,1
OI013815,O016740,M191,3
OI013816,O008574,M144,1
OI013817,O002594,M140,1
OI013818,O001127,M152,3
OI013819,O009127,M013,1
OI013820,O013652,M040,1
OI013821,O007484,M145,2
OI013822,O003740,M150,2
OI013823,O004635,M049,3
OI013824,O014160,M178,2
OI013825,O003418,M120,3
OI013826,O007436,M201,2
OI013827,O015410,M172,3
OI013828,O002257,M002,1
OI013829,O018710,M190,3
OI013830,O000424,M237,2
OI013831,O012114,M070,1
OI013832,O008200,M194,2
OI013833,O007986,M059,1
OI013834,O015548,M010,3
OI013835,O007268,M063,1
OI013836,O000430,M010,3
OI013837,O000020,M245,1
OI013838,O000543,M208,3
OI013839,O006171,M195,2
OI013840,O018390,M002,1
OI013841,O019162,M236,1
OI013842,O013501,M095,2
OI013843,O015811,M177,1
OI013844,O001420,M166,3
OI013845,O002674,M087,3
OI013846,O006465,M035,2
OI013847,O011157,M126,3
OI013848,O000202,M242,1
OI013849,O019969,M099,2
OI013850,O012296,M207,3
OI013851,O009027,M065,2
OI013852,O019418,M124,3
OI013853,O014243,M153,3
OI013854,O018203,M103,2
OI013855,O016590,M036,3
OI013856,O000539,M107,2
OI013857,O000596,M123,1
OI013858,O005262,M243,2
OI013859,O010286,M176,2
OI013860,O005719,M231,3
OI013861,O014859,M027,2
OI013862,O011077,M075,3
OI013863,O014613,M143,1
OI013864,O012664,M030,1
OI013865,O011894,M021,1
OI013866,O002005,M025,1
OI013867,O007357,M216,3
OI013868,O015786,M061,1
OI013869,O017432,M165,2
OI013870,O002289,M089,3
OI013871,O003177,M061,2
OI013872,O009510,M150,3
OI013873,O003577,M083,1
OI013874,O004163,M045,1
OI013875,O014806,M104,3
OI013876,O014717,M219,1
OI013877,O006884,M156,2
OI013878,O000377,M068,2
OI013879,O002197,M131,1
OI013880,O000210,M108,1
OI013881,O007805,M127,2
OI013882,O016656,M121,1
OI013883,O017625,M070,2
OI013884,O008486,M145,2
OI013885,O005940,M194,1
OI013886,O001956,M087,3
OI013887,O010248,M057,2
OI013888,O001417,M233,1
OI013889,O013324,M219,1
OI013890,O018228,M046,2
OI013891,O013783,M193,2
OI013892,O008296,M191,2
OI013893,O018594,M071,2
OI013894,O003450,M056,3
OI013895,O009117,M223,2
OI013896,O005630,M145,3
OI013897,O009752,M143,2
OI013898,O004159,M221,1
OI013899,O018003,M150,3
OI013900,O015730,M185,1
OI013901,O014262,M149,1
OI013902,O001150,M116,1
OI013903,O015205,M195,1
OI013904,O017201,M078,1
OI013905,O007072,M030,1
OI013906,O016479,M215,2
OI013907,O014598,M056,1
OI013908,O015616,M200,1
OI013909,O001457,M060,1
OI013910,O014099,M049,2
OI013911,O017548,M003,3
OI013912,O001929,M188,2
OI013913,O016495,M209,2
OI013914,O006790,M079,2
OI013915,O000168,M131,2
OI013916,O009577,M147,2
OI013917,O019467,M244,1
OI013918,O005117,M239,3
OI013919,O017088,M119,1
OI013920,O002210,M129,1
OI013921,O000299,M208,3
OI013922,O019767,M032,1
OI013923,O000121,M171,1
OI013924,O018005,M212,2
OI013925,O010118,M052,1
OI013926,O011626,M055,1
OI013927,O004386,M022,1
OI013928,O015696,M082,2
OI013929,O004238,M085,1
OI013930,O001853,M082,1
OI013931,O006575,M100,1
OI013932,O010870,M209,2
OI013933,O017428,M250,2
OI013934,O013153,M120,2
OI013935,O003371,M153,3
OI013936,O013389,M173,1
OI013937,O001272,M228,2
OI013938,O014132,M109,2
OI013939,O001249,M135,3
OI013940,O007806,M219,3
OI013941,O019328,M182,1
OI013942,O003513,M222,1
OI013943,O011289,M047,3
OI013944,O011125,M082,2
OI013945,O003934,M003,2
OI013946,O008228,M031,2
OI013947,O017461,M215,2
OI013948,O018293,M142,3
OI013949,O014477,M042,2
OI013950,O003330,M240,1
OI013951,O019220,M233,1
OI013952,O007720,M224,2
OI013953,O002470,M202,2
OI013954,O006973,M207,2
OI013955,O013163,M214,2
OI013956,O014748,M014,1
OI013957,O003737,M138,2
OI013958,O019101,M028,3
OI013959,O011014,M020,1
OI013960,O003739,M097,1
OI013961,O017444,M238,1
OI013962,O014725,M151,3
OI013963,O012605,M020,2
OI013964,O014988,M045,3
OI013965,O010954,M209,1
OI013966,O010212,M238,2
OI013967,O000109,M172,3
OI013968,O019454,M126,3
OI013969,O013831,M085,3
OI013970,O004011,M038,2
OI013971,O005778,M218,2
OI013972,O003968,M014,1
OI013973,O018980,M128,1
OI013974,O006398,M072,3
OI013975,O016890,M215,1
OI013976,O006436,M221,1
OI013977,O000227,M113,2
OI013978,O015199,M105,2
OI013979,O019692,M072,1
OI013980,O015945,M111,3
OI013981,O009317,M108,2
OI013982,O009626,M081,1
OI013983,O018377,M198,3
OI013984,O004940,M047,2
OI013985,O006556,M035,3
OI013986,O001105,M097,3
OI013987,O000183,M028,1
OI013988,O017950,M005,1
OI013989,O011962,M101,2
OI013990,O001060,M026,2
OI013991,O000514,M118,2
OI013992,O013140,M235,2
OI013993,O013177,M200,2
OI013994,O000238,M122,1
OI013995,O005983,M064,3
OI013996,O017355,M167,1
OI013997,O003863,M166,2
OI013998,O014673,M139,1
OI013999,O008521,M091,3
OI014000,O014679,M168,3
OI014001,O005351,M064,2
OI014002,O003519,M238,3
OI014003,O005599,M194,3
OI014004,O009039,M150,3
OI014005,O019230,M043,1
OI014006,O009927,M003,2
OI014007,O015073,M161,2
OI014008,O003592,M158,2
OI014009,O012063,M042,2
OI014010,O015035,M020,1
OI014011,O010206,M152,2
OI014012,O003963,M067,1
OI014013,O002018,M238,1
OI014014,O007598,M162,3
OI014015,O012755,M112,3
OI014016,O000549,M047,1
OI014017,O014758,M150,1
OI014018,O014047,M078,1
OI014019,O002377,M124,1
OI014020,O018476,M054,3
OI014021,O003556,M217,2
OI014022,O014711,M043,1
OI014023,O013192,M104,2
OI014024,O003581,M072,1
OI014025,O002749,M002,2
OI014026,O019808,M013,3
OI014027,O016990,M187,2
OI014028,O011306,M139,1
OI014029,O009717,M219,2
OI014030,O005388,M212,1
OI014031,O007708,M086,1
OI014032,O018772,M057,1
OI014033,O016161,M071,2
OI014034,O004549,M198,1
OI014035,O004764,M240,3
OI014036,O001899,M207,2
OI014037,O015688,M019,3
OI014038,O001435,M161,2
OI014039,O018822,M218,2
OI014040,O000847,M140,2
OI014041,O010641,M198,2
OI014042,O002088,M243,1
OI014043,O005526,M144,3
OI014044,O002406,M139,3
OI014045,O002702,M058,1
OI014046,O015725,M110,2
OI014047,O014108,M176,3
OI014048,O013903,M221,2
OI014049,O005186,M034,2
OI014050,O015332,M115,2
OI014051,O002625,M062,1
OI014052,O017400,M097,2
OI014053,O000065,M090,2
OI014054,O012541,M197,1
OI014055,O005018,M141,1
OI014056,O014750,M139,3
OI014057,O009559,M106,3
OI014058,O003494,M199,2
OI014059,O008714,M213,1
OI014060,O017009,M015,3
OI014061,O015668,M185,3
OI014062,O003960,M246,2
OI014063,O017771,M051,3
OI014064,O009187,M123,3
OI014065,O016534,M042,2
OI014066,O008352,M184,1
OI014067,O012203,M043,3
OI014068,O009585,M062,3
OI014069,O014597,M100,1
OI014070,O019516,M080,2
OI014071,O012190,M188,1
OI014072,O007119,M125,3
OI014073,O000686,M090,2
OI014074,O006761,M238,1
OI014075,O015358,M040,3
OI014076,O004068,M244,1
OI014077,O008524,M182,3
OI014078,O010704,M208,2
OI014079,O017031,M232,2
OI014080,O009631,M160,3
OI014081,O014624,M129,3
OI014082,O002887,M062,1
OI014083,O008952,M138,3
OI014084,O015491,M076,3
OI014085,O018722,M229,3
OI014086,O018344,M222,3
OI014087,O014439,M219,1
OI014088,O008356,M073,2
OI014089,O011416,M236,1
OI014090,O013881,M008,2
OI014091,O009582,M163,2
OI014092,O010606,M045,1
OI014093,O000705,M207,3
OI014094,O006273,M094,2
OI014095,O018770,M046,3
OI014096,O009513,M093,3
OI014097,O010093,M047,3
OI014098,O018264,M172,1
OI014099,O018912,M219,3
OI014100,O000045,M145,1
OI014101,O009016,M120,3
OI014102,O006826,M227,2
OI014103,O019858,M087,1
OI014104,O011685,M197,2
OI014105,O006641,M016,1
OI014106,O001830,M036,3
OI014107,O018972,M041,2
OI014108,O019884,M087,1
OI014109,O009213,M201,1
OI014110,O011905,M198,2
OI014111,O007682,M245,3
OI014112,O004353,M233,1
OI014113,O002559,M178,3
OI014114,O005975,M239,2
OI014115,O003251,M204,3
OI014116,O017201,M190,1
OI014117,O019514,M204,2
OI014118,O001059,M238,3
OI014119,O010395,M120,1
OI014120,O010285,M184,3
OI014121,O012316,M022,1
OI014122,O013338,M003,2
OI014123,O007321,M220,1
OI014124,O015412,M076,3
OI014125,O010559,M189,3
OI014126,O014821,M194,3
OI014127,O006022,M202,1
OI014128,O011270,M093,1
OI014129,O016679,M092,1
OI014130,O002818,M081,1
OI014131,O001310,M070,2
OI014132,O012883,M142,2
OI014133,O015293,M168,1
OI014134,O017968,M046,3
OI014135,O006995,M054,3
OI014136,O013814,M201,2
OI014137,O016077,M129,2
OI014138,O008389,M116,3
OI014139,O015016,M027,3
OI014140,O004945,M117,1
OI014141,O009349,M211,2
OI014142,O012908,M216,3
OI014143,O003529,M176,1
OI014144,O016233,M212,1
OI014145,O013392,M050,3
OI014146,O002233,M208,1
OI014147,O009276,M189,1
OI014148,O015896,M033,2
OI014149,O006139,M214,3
OI014150,O001733,M080,1
OI014151,O013573,M146,1
OI014152,O008358,M204,3
OI014153,O009699,M024,2
OI014154,O005683,M083,3
OI014155,O019105,M043,2
OI014156,O009412,M168,1
OI014157,O004697,M072,2
OI014158,O004393,M206,3
OI014159,O014064,M135,2
OI014160,O014921,M058,1
OI014161,O008936,M229,1
OI014162,O010428,M042,3
OI014163,O006031,M033,3
OI014164,O018180,M140,1
OI014165,O011329,M185,1
OI014166,O011752,M099,3
OI014167,O007769,M158,3
OI014168,O003887,M026,1
OI014169,O001109,M111,1
OI014170,O008062,M121,3
OI014171,O001240,M218,3
OI014172,O010988,M056,3
OI014173,O013833,M024,3
OI014174,O002206,M181,2
OI014175,O013502,M159,3
OI014176,O001929,M236,3
OI014177,O017928,M184,1
OI014178,O012176,M137,2
OI014179,O009474,M201,3
OI014180,O015098,M123,3
OI014181,O007506,M183,2
OI014182,O016974,M041,3
OI014183,O015759,M193,2
OI014184,O001317,M136,3
OI014185,O001471,M136,3
OI014186,O000077,M106,2
OI014187,O000928,M127,1
OI014188,O006714,M123,2
OI014189,O010057,M029,1
OI014190,O003207,M156,2
OI014191,O009080,M241,3
OI014192,O019567,M154,2
OI014193,O015728,M089,3
OI014194,O005474,M208,3
OI014195,O008357,M003,1
OI014196,O011351,M212,2
OI014197,O007737,M177,1
OI014198,O007595,M216,2
OI014199,O014580,M098,2
OI014200,O004613,M047,1
OI014201,O017455,M076,1
OI014202,O001584,M220,2
OI014203,O007757,M216,1
OI014204,O007491,M245,2
OI014205,O007422,M214,3
OI014206,O009119,M036,3
OI014207,O007794,M170,2
OI014208,O015100,M005,1
OI014209,O012961,M051,2
OI014210,O012197,M068,3
OI014211,O007400,M177,2
OI014212,O009839,M054,3
OI014213,O013607,M012,2
OI014214,O004323,M216,3
OI014215,O012829,M191,1
OI014216,O001178,M050,1
OI014217,O005140,M091,2
OI014218,O000804,M105,1
OI014219,O003212,M116,1
OI014220,O015663,M213,3
OI014221,O005200,M160,1
OI014222,O010920,M217,2
OI014223,O006252,M037,3
OI014224,O002211,M112,2
OI014225,O007682,M130,1
OI014226,O018765,M095,2
OI014227,O008558,M240,1
OI014228,O011209,M189,1
OI014229,O013963,M090,3
OI014230,O014236,M248,1
OI014231,O001306,M158,1
OI014232,O005222,M107,3
OI014233,O006327,M228,1
OI014234,O001362,M061,3
OI014235,O001973,M037,2
OI014236,O002234,M140,2
OI014237,O004796,M105,1
OI014238,O014761,M110,1
OI014239,O013181,M141,1
OI014240,O006449,M110,2
OI014241,O009896,M198,3
OI014242,O011457,M170,1
OI014243,O013114,M010,2
OI014244,O005318,M094,2
OI014245,O017017,M020,1
OI014246,O010102,M183,1
OI014247,O004576,M167,2
OI014248,O004506,M187,2
OI014249,O016688,M059,3
OI014250,O017067,M159,2
OI014251,O019016,M205,3
OI014252,O008807,M183,2
OI014253,O008355,M159,1
OI014254,O019805,M095,2
OI014255,O008947,M031,2
OI014256,O001776,M047,1
OI014257,O006755,M141,1
OI014258,O008356,M083,1
OI014259,O001599,M203,2
OI014260,O005900,M015,3
OI014261,O016482,M203,3
OI014262,O015681,M016,3
OI014263,O015910,M009,3
OI014264,O010397,M105,2
OI014265,O019176,M024,1
OI014266,O009513,M214,1
OI014267,O007147,M117,1
OI014268,O013197,M054,1
OI014269,O016757,M206,3
OI014270,O011416,M180,3
OI014271,O010430,M209,2
OI014272,O015805,M057,3
OI014273,O005432,M039,3
OI014274,O004720,M237,3
OI014275,O004195,M008,3
OI014276,O014839,M165,3
OI014277,O018504,M141,1
OI014278,O017678,M180,2
OI014279,O014229,M162,1
OI014280,O017526,M095,3
OI014281,O008005,M010,1
OI014282,O006960,M085,1
OI014283,O000263,M213,1
OI014284,O013281,M187,2
OI014285,O003451,M025,3
OI014286,O004765,M009,3
OI014287,O007928,M094,2
OI014288,O007054,M009,1
OI014289,O019038,M186,1
OI014290,O018547,M163,1
OI014291,O003227,M178,1
OI014292,O001367,M028,2
OI014293,O001822,M121,1
OI014294,O018162,M015,1
OI014295,O015334,M201,2
OI014296,O012643,M200,3
OI014297,O014116,M031,2
OI014298,O004534,M044,2
OI014299,O001078,M128,3
OI014300,O003086,M140,1
OI014301,O005686,M246,1
OI014302,O010470,M023,1
OI014303,O004756,M166,3
OI014304,O012905,M101,1
OI014305,O003834,M028,2
OI014306,O004394,M159,1
OI014307,O016692,M175,1
OI014308,O016394,M245,3
OI014309,O015750,M026,3
OI014310,O001189,M208,2
OI014311,O014512,M241,3
OI014312,O010286,M054,2
OI014313,O007946,M096,3
OI014314,O002466,M096,2
OI014315,O014103,M180,1
OI014316,O000540,M241,1
OI014317,O011442,M034,3
OI014318,O009428,M233,3
OI014319,O018675,M093,2
OI014320,O005225,M142,3
OI014321,O013561,M233,1
OI014322,O002436,M047,1
OI014323,O014833,M131,1
OI014324,O018048,M187,3
OI014325,O003642,M067,1
OI014326,O017861,M173,2
OI014327,O016723,M071,1
OI014328,O017397,M199,2
OI014329,O000482,M040,3
OI014330,O005307,M220,1
OI014331,O000024,M011,1
OI014332,O018541,M176,1
OI014333,O000174,M095,1
OI014334,O016247,M217,3
OI014335,O005927,M174,2
OI014336,O014383,M149,1
OI014337,O004323,M241,3
OI014338,O017958,M244,1
OI014339,O019286,M036,1
OI014340,O006853,M143,2
OI014341,O013747,M050,2
OI014342,O005553,M224,2
OI014343,O017742,M013,1
OI014344,O013093,M022,3
OI014345,O014384,M056,1
OI014346,O007642,M177,1
OI014347,O013923,M085,1
OI014348,O019359,M246,1
OI014349,O003094,M130,2
OI014350,O004069,M058,1
OI014351,O019983,M183,1
OI014352,O016067,M128,2
OI014353,O004037,M128,2
OI014354,O017258,M019,3
OI014355,O007900,M197,2
OI014356,O009533,M073,3
OI014357,O011689,M160,3
OI014358,O003417,M075,1
OI014359,O001976,M047,1
OI014360,O001537,M097,3
OI014361,O010784,M196,1
OI014362,O014580,M046,2
OI014363,O007786,M042,2
OI014364,O015284,M233,1
OI014365,O009659,M024,3
OI014366,O006012,M154,2
OI014367,O006825,M064,1
OI014368,O013914,M152,3
OI014369,O015731,M027,3
OI014370,O010674,M087,3
OI014371,O008015,M025,1
OI014372,O002314,M083,1
OI014373,O003133,M059,2
OI014374,O002264,M235,1
OI014375,O010068,M215,1
OI014376,O012040,M045,1
OI014377,O008753,M126,1
OI014378,O000136,M028,3
OI014379,O012758,M038,3
OI014380,O019108,M162,1
OI014381,O003374,M236,2
OI014382,O015840,M008,2
OI014383,O009477,M016,2
OI014384,O002886,M090,1
OI014385,O011425,M183,2
OI014386,O003072,M159,2
OI014387,O019854,M180,1
OI014388,O012718,M142,3
OI014389,O016293,M019,1
OI014390,O005195,M185,2
OI014391,O016233,M199,1
OI014392,O014077,M202,3
OI014393,O007042,M135,3
OI014394,O008557,M104,2
OI014395,O013936,M052,2
OI014396,O007145,M026,3
OI014397,O017069,M094,2
OI014398,O002678,M146,2
OI014399,O013085,M090,1
OI014400,O018174,M214,1
OI014401,O008986,M120,3
OI014402,O011337,M221,2
OI014403,O017529,M044,3
OI014404,O009501,M212,2
OI014405,O013723,M018,2
OI014406,O015765,M084,2
OI014407,O002884,M103,1
OI014408,O006391,M053,3
OI014409,O009620,M224,1
OI014410,O007846,M151,2
OI014411,O011749,M092,3
OI014412,O001290,M167,3
OI014413,O005637,M133,1
OI014414,O009454,M218,3
OI014415,O011506,M214,2
OI014416,O012280,M165,2
OI014417,O015855,M179,3
OI014418,O015598,M148,1
OI014419,O013071,M123,2
OI014420,O009628,M184,3
OI014421,O014726,M244,3
OI014422,O017146,M113,3
OI014423,O010784,M177,3
OI014424,O006372,M170,2
OI014425,O005680,M062,1
OI014426,O012824,M106,2
OI014427,O017341,M021,3
OI014428,O015786,M074,3
OI014429,O003553,M137,1
OI014430,O011789,M102,3
OI014431,O017253,M206,1
OI014432,O013486,M033,2
OI014433,O014378,M180,3
OI014434,O004697,M233,2
OI014435,O018031,M126,2
OI014436,O002954,M053,1
OI014437,O011387,M231,2
OI014438,O005027,M146,1
OI014439,O000060,M014,1
OI014440,O014493,M234,3
OI014441,O015364,M029,2
OI014442,O016098,M100,2
OI014443,O017767,M012,2
OI014444,O010348,M160,3
OI014445,O019169,M016,2
OI014446,O007945,M048,2
OI014447,O006896,M204,3
OI014448,O004977,M146,2
OI014449,O003009,M061,2
OI014450,O015397,M061,3
OI014451,O011856,M221,3
OI014452,O008100,M174,2
OI014453,O007215,M196,1
OI014454,O003751,M096,1
OI014455,O012377,M192,3
OI014456,O017389,M172,1
OI014457,O013441,M030,2
OI014458,O004185,M123,2
OI014459,O000279,M096,2
OI014460,O011291,M192,2
OI014461,O000434,M203,1
OI014462,O003804,M077,2
OI014463,O006343,M239,1
OI014464,O001833,M105,2
OI014465,O007186,M195,2
OI014466,O019855,M209,3
OI014467,O001663,M107,1
OI014468,O005644,M151,1
OI014469,O015644,M221,1
OI014470,O012806,M194,3
OI014471,O017868,M068,2
OI014472,O003237,M125,2
OI014473,O019437,M017,2
OI014474,O006409,M115,1
OI014475,O016411,M066,3
OI014476,O001711,M083,1
OI014477,O001721,M151,3
OI014478,O015060,M191,1
OI014479,O001891,M040,1
OI014480,O007265,M179,1
OI014481,O001996,M187,2
OI014482,O003557,M138,3
OI014483,O018424,M117,1
OI014484,O018243,M045,2
OI014485,O018624,M237,3
OI014486,O019534,M214,2
OI014487,O011176,M119,2
OI014488,O008892,M060,3
OI014489,O010427,M190,2
OI014490,O014855,M061,2
OI014491,O014841,M166,2
OI014492,O003595,M036,1
OI014493,O017804,M242,1
OI014494,O013479,M196,1
OI014495,O000503,M092,1
OI014496,O015491,M211,2
OI014497,O013633,M096,3
OI014498,O003472,M101,3
OI014499,O001789,M207,3
OI014500,O001761,M121,3
OI014501,O002364,M220,3
OI014502,O013876,M049,1
OI014503,O006415,M005,1
OI014504,O013926,M062,3
OI014505,O012582,M101,2
OI014506,O019278,M180,1
OI014507,O012376,M115,3
OI014508,O003539,M015,3
OI014509,O003092,M170,1
OI014510,O002927,M016,2
OI014511,O012320,M069,1
OI014512,O000405,M016,3
OI014513,O012899,M229,2
OI014514,O000172,M039,3
OI014515,O014766,M218,1
OI014516,O017359,M119,3
OI014517,O010729,M194,2
OI014518,O016480,M216,1
OI014519,O014045,M225,1
OI014520,O001590,M115,1
OI014521,O002595,M085,1
OI014522,O012925,M083,1
OI014523,O013393,M040,1
OI014524,O010123,M038,1
OI014525,O007586,M181,2
OI014526,O006064,M017,1
OI014527,O005168,M224,1
OI014528,O016888,M109,3
OI014529,O003602,M234,1
OI014530,O001177,M249,2
OI014531,O006199,M029,1
OI014532,O010400,M131,2
OI014533,O005198,M117,3
OI014534,O011342,M170,1
OI014535,O015136,M152,3
OI014536,O019942,M164,2
OI014537,O000480,M211,1
OI014538,O005411,M173,2
OI014539,O016440,M011,3
OI014540,O004566,M053,2
OI014541,O013066,M063,2
OI014542,O014507,M138,1
OI014543,O012431,M151,3
OI014544,O012015,M058,1
OI014545,O001555,M044,1
OI014546,O003025,M127,3
OI014547,O014261,M194,3
OI014548,O016151,M075,1
OI014549,O016171,M138,1
OI014550,O013010,M094,1
OI014551,O016928,M056,3
OI014552,O009099,M086,3
OI014553,O009066,M201,3
OI014554,O019949,M214,2
OI014555,O017613,M051,2
OI014556,O006576,M125,2
OI014557,O016132,M213,2
OI014558,O012808,M094,2
OI014559,O014966,M010,3
OI014560,O004296,M229,1
OI014561,O004575,M067,2
OI014562,O001808,M190,1
OI014563,O018081,M225,1
OI014564,O006559,M047,1
OI014565,O006565,M217,2
OI014566,O004016,M113,1
OI014567,O015731,M179,1
OI014568,O005241,M095,2
OI014569,O000070,M009,1
OI014570,O004182,M007,2
OI014571,O009441,M200,3
OI014572,O003567,M214,2
OI014573,O009929,M109,1
OI014574,O009396,M241,2
OI014575,O012405,M237,3
OI014576,O019651,M159,1
OI014577,O000340,M193,1
OI014578,O007303,M060,3
OI014579,O006026,M242,2
OI014580,O003778,M083,1
OI014581,O009821,M135,1
OI014582,O008001,M077,1
OI014583,O009303,M042,1
OI014584,O014648,M080,3
OI014585,O013930,M025,2
OI014586,O014786,M179,3
OI014587,O002823,M145,1
OI014588,O007830,M122,1
OI014589,O019630,M225,1
OI014590,O010137,M244,2
OI014591,O005978,M124,2
OI014592,O004884,M091,1
OI014593,O016582,M070,1
OI014594,O013962,M015,1
OI014595,O018973,M106,1
OI014596,O015443,M232,2
OI014597,O004502,M234,3
OI014598,O015223,M015,3
OI014599,O000088,M030,3
OI014600,O001860,M213,3
OI014601,O013377,M076,1
OI014602,O010023,M046,2
OI014603,O006355,M125,3
OI014604,O004069,M198,3
OI014605,O006653,M076,3
OI014606,O011899,M190,2
OI014607,O002586,M067,3
OI014608,O004389,M058,1
OI014609,O015384,M216,1
OI014610,O016312,M145,2
OI014611,O005871,M116,3
OI014612,O006886,M232,2
OI014613,O015964,M214,2
OI014614,O010503,M089,1
OI014615,O015923,M195,1
OI014616,O008260,M232,3
OI014617,O015221,M198,2
OI014618,O001353,M207,1
OI014619,O012761,M219,2
OI014620,O008693,M149,1
OI014621,O008415,M029,1
OI014622,O002536,M189,1
OI014623,O012216,M036,1
OI014624,O013794,M003,3
OI014625,O001212,M217,1
OI014626,O000280,M076,3
OI014627,O005557,M191,1
OI014628,O017733,M199,3
OI014629,O017229,M233,2
OI014630,O008620,M093,1
OI014631,O004645,M136,3
OI014632,O012178,M104,2
OI014633,O013829,M210,3
OI014634,O007280,M140,1
OI014635,O008433,M237,1
OI014636,O004347,M142,2
OI014637,O012047,M215,2
OI014638,O011975,M067,3
OI014639,O007718,M121,2
OI014640,O012118,M091,1
OI014641,O004092,M027,3
OI014642,O009226,M181,3
OI014643,O001230,M171,3
OI014644,O015915,M033,2
OI014645,O017002,M091,2
OI014646,O003843,M063,1
OI014647,O002497,M033,1
OI014648,O011722,M189,2
OI014649,O003486,M054,2
OI014650,O008981,M132,2
OI014651,O019389,M071,2
OI014652,O004295,M067,1
OI014653,O011819,M143,1
OI014654,O006262,M208,2
OI014655,O015786,M075,2
OI014656,O008635,M033,2
OI014657,O006217,M187,3
OI014658,O002942,M102,1
OI014659,O010869,M067,1
OI014660,O016462,M188,3
OI014661,O006555,M211,1
OI014662,O014191,M164,3
OI014663,O002649,M039,2
OI014664,O005199,M044,1
OI014665,O007417,M087,2
OI014666,O003508,M109,2
OI014667,O001254,M055,1
OI014668,O017451,M017,2
OI014669,O016100,M014,1
OI014670,O010976,M226,1
OI014671,O011193,M005,3
OI014672,O017656,M009,1
OI014673,O011013,M099,2
OI014674,O007761,M011,1
OI014675,O000184,M220,3
OI014676,O015475,M224,1
OI014677,O008522,M174,3
OI014678,O004140,M209,1
OI014679,O008514,M223,1
OI014680,O015087,M231,1
OI014681,O003387,M028,1
OI014682,O005337,M172,2
OI014683,O006001,M011,2
OI014684,O008678,M170,2
OI014685,O011986,M104,3
OI014686,O006116,M047,2
OI014687,O018917,M242,3
OI014688,O009642,M061,3
OI014689,O010888,M157,2
OI014690,O009192,M085,2
OI014691,O009826,M088,2
OI014692,O002169,M023,2
OI014693,O017661,M081,1
OI014694,O002306,M177,1
OI014695,O019529,M108,1
OI014696,O008904,M230,2
OI014697,O005108,M037,2
OI014698,O013000,M096,3
OI014699,O001631,M217,1
OI014700,O016474,M018,1
OI014701,O008507,M222,2
OI014702,O016117,M084,3
OI014703,O015922,M155,2
OI014704,O013691,M186,1
OI014705,O002024,M099,1
OI014706,O006660,M223,1
OI014707,O019991,M021,3
OI014708,O003236,M230,1
OI014709,O007787,M216,2
OI014710,O017148,M232,1
OI014711,O019307,M211,2
OI014712,O005151,M140,1
OI014713,O015576,M137,1
OI014714,O007677,M213,3
OI014715,O012227,M213,1
OI014716,O017493,M222,3
OI014717,O006536,M206,2
OI014718,O018345,M184,1
OI014719,O019779,M077,2
OI014720,O009952,M087,3
OI014721,O006682,M107,1
OI014722,O008474,M186,2
OI014723,O009092,M056,2
OI014724,O002623,M073,1
OI014725,O011534,M132,3
OI014726,O003976,M010,2
OI014727,O019916,M148,3
OI014728,O004193,M241,2
OI014729,O001113,M049,3
OI014730,O015808,M226,3
OI014731,O000165,M082,2
OI014732,O017980,M153,3
OI014733,O005110,M017,1
OI014734,O000108,M153,2
OI014735,O012782,M035,2
OI014736,O001309,M018,3
OI014737,O002457,M168,3
OI014738,O014681,M027,2
OI014739,O012756,M127,1
OI014740,O018351,M102,3
OI014741,O004752,M110,2
OI014742,O003524,M038,2
OI014743,O004905,M209,1
OI014744,O000124,M250,1
OI014745,O018308,M128,2
OI014746,O004898,M192,3
OI014747,O007677,M027,2
OI014748,O006593,M033,1
OI014749,O004594,M069,3
OI014750,O010677,M064,1
OI014751,O012117,M125,1
OI014752,O008577,M206,1
OI014753,O018133,M120,1
OI014754,O004411,M162,1
OI014755,O013894,M129,1
OI014756,O007171,M113,1
OI014757,O018251,M065,1
OI014758,O006653,M105,1
OI014759,O017114,M186,1
OI014760,O017346,M196,2
OI014761,O009253,M176,2
OI014762,O001361,M135,3
OI014763,O016617,M017,2
OI014764,O004161,M201,3
OI014765,O008609,M247,2
OI014766,O015576,M197,1
OI014767,O007085,M101,1
OI014768,O013770,M001,3
OI014769,O010333,M084,1
OI014770,O011249,M112,1
OI014771,O019029,M047,2
OI014772,O013425,M157,3
OI014773,O011927,M167,2
OI014774,O002699,M041,3
OI014775,O010948,M099,1
OI014776,O002461,M227,2
OI014777,O014788,M119,3
OI014778,O016089,M048,3
OI014779,O010969,M060,3
OI014780,O010969,M199,1
OI014781,O009376,M191,1
OI014782,O003198,M019,2
OI014783,O016719,M112,2
OI014784,O009958,M248,2
OI014785,O001177,M133,2
OI014786,O016494,M079,1
OI014787,O004049,M211,3
OI014788,O018825,M234,3
OI014789,O007501,M038,3
OI014790,O014614,M009,2
OI014791,O008948,M030,1
OI014792,O004085,M173,2
OI014793,O018159,M184,2
OI014794,O007854,M079,1
OI014795,O014057,M088,3
OI014796,O011933,M163,1
OI014797,O015726,M065,1
OI014798,O016396,M050,3
OI014799,O000277,M169,3
OI014800,O010327,M167,2
OI014801,O005438,M221,1
OI014802,O012480,M045,1
OI014803,O004639,M248,2
OI014804,O012699,M041,1
OI014805,O007483,M043,2
OI014806,O014332,M179,3
OI014807,O003890,M212,3
OI014808,O012648,M232,1
OI014809,O010301,M217,1
OI014810,O005598,M058,2
OI014811,O009423,M033,1
OI014812,O011216,M201,3
OI014813,O001575,M097,2
OI014814,O006173,M232,2
OI014815,O012006,M232,3
OI014816,O004201,M126,3
OI014817,O010730,M141,1
OI014818,O005174,M133,3
OI014819,O019837,M056,3
OI014820,O003338,M041,1
OI014821,O008629,M035,3
OI014822,O003660,M032,1
OI014823,O012020,M145,3
OI014824,O002474,M011,1
OI014825,O006699,M083,1
OI014826,O015921,M224,1
OI014827,O004031,M026,2
OI014828,O003217,M142,1
OI014829,O019653,M236,2
OI014830,O006669,M211,2
OI014831,O017439,M151,3
OI014832,O011539,M171,1
OI014833,O003931,M167,3
OI014834,O016965,M127,2
OI014835,O009668,M143,3
OI014836,O005860,M196,2
OI014837,O007264,M169,3
OI014838,O012843,M153,2
OI014839,O018733,M228,2
OI014840,O008973,M145,1
OI014841,O010254,M234,2
OI014842,O005224,M129,3
OI014843,O019566,M176,2
OI014844,O017037,M114,1
OI014845,O008937,M038,1
OI014846,O004633,M108,1
OI014847,O016244,M092,2
OI014848,O018395,M129,2
OI014849,O010195,M132,3
OI014850,O003498,M090,2
OI014851,O017341,M093,3
OI014852,O005322,M050,3
OI014853,O013600,M080,1
OI014854,O008615,M119,3
OI014855,O017423,M044,1
OI014856,O009316,M017,2
OI014857,O010057,M183,3
OI014858,O012760,M078,3
OI014859,O013230,M145,3
OI014860,O000189,M249,1
OI014861,O013659,M215,1
OI014862,O011193,M225,3
OI014863,O017687,M038,3
OI014864,O009155,M237,3
OI014865,O003227,M004,3
OI014866,O008262,M066,1
OI014867,O011474,M234,1
OI014868,O013404,M057,1
OI014869,O006976,M207,3
OI014870,O004578,M165,3
OI014871,O014904,M097,2
OI014872,O005902,M033,3
OI014873,O003245,M210,1
OI014874,O009323,M156,3
OI014875,O017117,M098,3
OI014876,O010836,M208,3
OI014877,O014447,M157,1
OI014878,O004666,M221,1
OI014879,O008752,M246,2
OI014880,O019124,M168,3
OI014881,O002956,M024,2
OI014882,O006616,M185,2
OI014883,O006400,M063,2
OI014884,O017360,M064,2
OI014885,O006138,M145,3
OI014886,O013143,M113,2
OI014887,O005139,M172,2
OI014888,O009448,M173,2
OI014889,O015923,M204,1
OI014890,O003719,M056,1
OI014891,O009189,M172,1
OI014892,O019128,M057,1
OI014893,O017172,M008,2
OI014894,O015947,M174,2
OI014895,O006213,M015,1
OI014896,O002408,M065,2
OI014897,O018962,M147,2
OI014898,O013480,M140,2
OI014899,O005895,M022,2
OI014900,O006192,M193,2
OI014901,O008139,M224,2
OI014902,O006904,M054,2
OI014903,O005304,M100,1
OI014904,O006815,M222,3
OI014905,O001180,M105,2
OI014906,O010588,M225,1
OI014907,O009221,M221,1
OI014908,O004966,M204,2
OI014909,O005551,M106,2
OI014910,O009672,M013,1
OI014911,O015537,M083,3
OI014912,O019864,M039,1
OI014913,O015821,M056,3
OI014914,O004967,M188,3
OI014915,O016111,M137,2
OI014916,O011940,M245,3
OI014917,O002241,M182,1
OI014918,O012615,M163,1
OI014919,O007114,M060,1
OI014920,O014789,M136,2
OI014921,O008768,M195,3
OI014922,O009194,M245,1
OI014923,O002414,M202,2
OI014924,O002119,M202,3
OI014925,O001596,M065,3
OI014926,O007806,M085,3
OI014927,O010800,M095,2
OI014928,O018319,M208,1
OI014929,O013398,M222,2
OI014930,O010363,M016,2
OI014931,O017552,M150,1
OI014932,O007622,M011,3
OI014933,O014953,M122,1
OI014934,O008783,M232,1
OI014935,O016733,M100,2
OI014936,O001846,M120,2
OI014937,O012530,M073,1
OI014938,O014028,M127,2
OI014939,O015443,M008,3
OI014940,O002468,M147,1
OI014941,O017576,M099,3
OI014942,O003963,M167,2
OI014943,O008646,M237,1
OI014944,O006313,M064,2
OI014945,O003270,M158,1
OI014946,O003472,M156,1
OI014947,O004015,M095,3
OI014948,O012962,M103,1
OI014949,O014951,M233,1
OI014950,O003617,M132,2
OI014951,O004104,M243,2
OI014952,O004121,M096,1
OI014953,O007929,M001,2
OI014954,O015279,M241,2
OI014955,O008171,M173,2
OI014956,O011759,M007,1
OI014957,O013149,M078,3
OI014958,O000952,M012,3
OI014959,O005235,M076,2
OI014960,O005407,M246,1
OI014961,O004355,M150,2
OI014962,O001798,M136,1
OI014963,O017974,M097,1
OI014964,O018620,M098,2
OI014965,O008198,M237,1
OI014966,O014547,M075,2
OI014967,O014686,M185,1
OI014968,O003887,M025,2
OI014969,O005265,M182,3
OI014970,O009100,M077,1
OI014971,O003669,M146,3
OI014972,O014978,M230,3
OI014973,O019927,M243,2
OI014974,O018810,M139,1
OI014975,O017607,M182,2
OI014976,O019450,M084,3
OI014977,O000025,M222,1
OI014978,O018573,M194,2
OI014979,O006434,M116,1
OI014980,O000771,M202,1
OI014981,O007504,M086,3
OI014982,O010516,M176,1
OI014983,O005700,M227,2
OI014984,O004132,M183,3
OI014985,O016061,M065,2
OI014986,O013177,M150,2
OI014987,O010793,M113,1
OI014988,O001955,M191,3
OI014989,O003133,M129,2
OI014990,O011450,M069,3
OI014991,O005820,M052,1
OI014992,O012378,M013,1
OI014993,O002470,M179,2
OI014994,O002701,M083,3
OI014995,O007064,M219,1
OI014996,O012798,M005,2
OI014997,O001904,M131,3
OI014998,O017809,M176,3
OI014999,O011796,M236,1
OI015000,O018583,M104,2
OI015001,O016632,M167,3
OI015002,O000888,M086,2
OI015003,O004214,M247,1
OI015004,O003032,M100,3
OI015005,O018579,M226,3
OI015006,O010769,M109,1
OI015007,O001833,M225,3
OI015008,O010491,M106,2
OI015009,O019386,M143,1
OI015010,O014180,M040,2
OI015011,O010348,M124,1
OI015012,O018749,M201,2
OI015013,O013818,M152,2
OI015014,O016474,M142,1
OI015015,O008550,M214,1
OI015016,O002046,M206,3
OI015017,O015557,M152,2
OI015018,O016567,M083,2
OI015019,O019756,M026,1
OI015020,O015498,M162,1
OI015021,O017384,M187,2
OI015022,O000396,M154,1
OI015023,O019662,M084,1
OI015024,O014868,M198,1
OI015025,O006018,M201,2
OI015026,O007597,M241,1
OI015027,O000013,M044,2
OI015028,O013083,M027,3
OI015029,O005743,M109,3
OI015030,O002764,M072,3
OI015031,O000191,M236,3
OI015032,O012666,M190,2
OI015033,O005347,M010,3
OI015034,O011873,M100,3
OI015035,O010876,M233,3
OI015036,O009290,M166,1
OI015037,O009534,M049,1
OI015038,O013185,M195,3
OI015039,O015225,M166,1
OI015040,O006892,M133,1
OI015041,O016662,M119,3
OI015042,O011558,M195,3
OI015043,O007275,M009,3
OI015044,O012217,M041,2
OI015045,O000112,M119,2
OI015046,O018927,M207,2
OI015047,O019466,M207,3
OI015048,O001438,M211,1
OI015049,O015825,M202,1
OI015050,O006322,M105,2
OI015051,O019624,M226,2
OI015052,O014388,M220,1
OI015053,O006448,M157,2
OI015054,O003747,M021,1
OI015055,O006394,M113,2
OI015056,O003691,M154,3
OI015057,O017293,M077,2
OI015058,O011589,M021,3
OI015059,O004752,M004,3
OI015060,O007771,M149,1
OI015061,O017000,M050,2
OI015062,O009860,M089,3
OI015063,O001018,M174,1
OI015064,O006917,M028,1
OI015065,O002227,M038,2
OI015066,O002333,M080,1
OI015067,O018767,M243,3
OI015068,O013794,M103,3
OI015069,O013192,M060,2
OI015070,O008806,M104,3
OI015071,O007241,M245,1
OI015072,O017194,M149,3
OI015073,O008829,M093,3
OI015074,O019540,M198,1
OI015075,O005580,M006,1
OI015076,O014014,M061,3
OI015077,O010222,M078,1
OI015078,O011039,M084,2
OI015079,O012319,M090,1
OI015080,O007485,M126,2
OI015081,O010360,M101,3
OI015082,O011119,M160,3
OI015083,O000673,M008,2
OI015084,O006971,M133,3
OI015085,O005993,M028,1
OI015086,O018244,M242,2
OI015087,O008823,M063,1
OI015088,O005891,M089,1
OI015089,O005865,M244,2
OI015090,O010727,M067,2
OI015091,O001834,M113,1
OI015092,O004320,M222,3
OI015093,O003155,M011,2
OI015094,O009521,M166,2
OI015095,O000841,M123,2
OI015096,O004658,M191,1
OI015097,O009898,M166,1
OI015098,O006817,M062,2
OI015099,O015678,M156,2
OI015100,O004012,M114,2
OI015101,O013923,M061,2
OI015102,O006549,M208,1
OI015103,O016974,M207,1
OI015104,O015232,M073,3
OI015105,O016163,M079,2
OI015106,O003828,M189,3
OI015107,O017498,M156,1
OI015108,O009894,M134,1
OI015109,O005895,M186,2
OI015110,O016091,M039,3
OI015111,O001569,M152,1
OI015112,O018515,M013,3
OI015113,O003096,M054,1
OI015114,O009041,M209,1
OI015115,O002470,M106,2
OI015116,O010169,M047,3
OI015117,O002853,M102,3
OI015118,O011246,M164,2
OI015119,O006418,M054,2
OI015120,O012828,M199,1
OI015121,O017477,M121,1
OI015122,O011156,M091,1
OI015123,O008242,M113,3
OI015124,O009727,M012,2
OI015125,O003220,M168,1
OI015126,O000006,M105,2
OI015127,O000381,M246,1
OI015128,O007013,M069,2
OI015129,O016384,M224,1
OI015130,O018970,M169,3
OI015131,O018165,M036,3
OI015132,O009389,M145,2
OI015133,O011812,M180,2
OI015134,O017085,M093,3
OI015135,O018823,M177,3
OI015136,O000819,M233,2
OI015137,O012798,M148,2
OI015138,O010383,M236,1
OI015139,O000734,M146,2
OI015140,O011799,M095,1
OI015141,O011653,M203,2
OI015142,O010327,M013,2
OI015143,O006347,M164,2
OI015144,O009559,M245,2
OI015145,O018022,M176,3
OI015146,O016480,M191,3
OI015147,O018321,M135,1
OI015148,O019642,M172,2
OI015149,O018598,M172,1
OI015150,O013966,M003,3
OI015151,O015752,M014,1
OI015152,O013559,M153,1
OI015153,O016833,M214,1
OI015154,O015458,M176,2
OI015155,O003563,M165,2
OI015156,O011485,M208,1
OI015157,O015386,M159,2
OI015158,O018110,M039,2
OI015159,O019474,M247,2
OI015160,O013770,M040,3
OI015161,O002648,M005,3
OI015162,O016997,M068,2
OI015163,O009261,M205,1
OI015164,O015428,M058,1
OI015165,O009378,M097,1
OI015166,O014580,M085,1
OI015167,O006773,M162,2
OI015168,O003051,M090,3
OI015169,O004265,M110,3
OI015170,O019108,M086,3
OI015171,O017841,M083,2
OI015172,O012789,M238,1
OI015173,O017308,M177,2
OI015174,O002790,M138,1
OI015175,O015404,M245,1
OI015176,O019158,M248,1
OI015177,O007018,M167,3
OI015178,O015646,M038,1
OI015179,O000544,M156,3
OI015180,O005887,M218,3
OI015181,O003448,M135,3
OI015182,O019373,M071,2
OI015183,O005858,M177,1
OI015184,O000585,M125,1
OI015185,O001436,M195,2
OI015186,O016845,M140,1
OI015187,O006628,M091,3
OI015188,O017566,M153,1
OI015189,O009669,M010,3
OI015190,O003936,M015,3
OI015191,O010405,M088,1
OI015192,O018863,M037,2
OI015193,O006880,M178,2
OI015194,O014681,M187,3
OI015195,O001478,M052,1
OI015196,O000184,M122,1
OI015197,O002106,M147,3
OI015198,O007169,M034,2
OI015199,O015739,M104,3
OI015200,O012482,M190,2
OI015201,O003706,M066,3
OI015202,O013673,M159,1
OI015203,O003656,M050,1
OI015204,O011773,M059,2
OI015205,O016120,M175,1
OI015206,O019995,M027,2
OI015207,O010287,M043,2
OI015208,O018391,M167,1
OI015209,O004889,M025,3
OI015210,O007719,M097,2
OI015211,O009598,M091,3
OI015212,O016599,M102,1
OI015213,O018922,M204,2
OI015214,O002498,M011,2
OI015215,O014753,M239,1
OI015216,O011380,M103,3
OI015217,O000668,M143,2
OI015218,O016030,M012,3
OI015219,O010581,M173,3
OI015220,O012934,M090,1
OI015221,O003137,M033,1
OI015222,O010574,M145,1
OI015223,O003190,M050,2
OI015224,O008092,M022,2
OI015225,O007866,M174,2
OI015226,O004834,M155,3
OI015227,O002756,M175,1
OI015228,O019605,M005,3
OI015229,O018075,M158,1
OI015230,O004596,M232,1
OI015231,O001381,M250,1
OI015232,O017652,M234,1
OI015233,O011798,M116,3
OI015234,O006151,M020,3
OI015235,O014775,M187,3
OI015236,O007754,M091,1
OI015237,O007738,M233,1
OI015238,O005395,M088,1
OI015239,O014860,M077,1
OI015240,O015030,M017,2
OI015241,O000619,M164,1
OI015242,O003232,M065,3
OI015243,O002952,M238,2
OI015244,O016101,M017,1
OI015245,O016802,M183,3
OI015246,O016892,M175,3
OI015247,O000530,M016,1
OI015248,O005040,M096,3
OI015249,O017335,M045,3
OI015250,O019912,M047,2
OI015251,O009680,M189,2
OI015252,O010973,M237,3
OI015253,O017046,M067,3
OI015254,O017168,M032,3
OI015255,O011562,M007,2
OI015256,O013612,M062,1
OI015257,O007752,M235,1
OI015258,O007817,M178,1
OI015259,O007467,M223,2
OI015260,O016281,M218,2
OI015261,O002543,M062,3
OI015262,O017687,M110,2
OI015263,O002258,M187,2
OI015264,O001562,M069,1
OI015265,O010966,M226,1
OI015266,O013082,M193,2
OI015267,O017781,M027,1
OI015268,O015211,M231,1
OI015269,O014838,M151,3
OI015270,O001636,M015,3
OI015271,O012994,M196,2
OI015272,O011299,M065,3
OI015273,O017976,M073,1
OI015274,O006085,M050,2
OI015275,O017413,M101,2
OI015276,O001151,M023,3
OI015277,O006854,M042,1
OI015278,O013482,M010,2
OI015279,O016010,M246,1
OI015280,O013787,M133,2
OI015281,O019870,M124,2
OI015282,O010759,M104,2
OI015283,O005216,M188,1
OI015284,O008127,M177,2
OI015285,O017653,M181,3
OI015286,O018473,M020,2
OI015287,O016807,M172,3
OI015288,O000042,M045,3
OI015289,O019449,M009,1
OI015290,O001598,M176,1
OI015291,O005224,M188,1
OI015292,O019074,M141,3
OI015293,O004999,M214,2
OI015294,O012761,M121,1
OI015295,O009466,M119,1
OI015296,O017397,M246,1
OI015297,O007348,M151,3
OI015298,O005687,M021,3
OI015299,O017945,M175,1
OI015300,O009800,M181,3
OI015301,O014026,M032,2
OI015302,O002514,M166,1
OI015303,O011705,M185,3
OI015304,O018822,M249,1
OI015305,O012585,M060,1
OI015306,O010654,M123,2
OI015307,O014438,M228,2
OI015308,O005293,M065,2
OI015309,O001085,M044,3
OI015310,O012472,M163,1
OI015311,O003633,M157,1
OI015312,O002725,M190,2
OI015313,O002587,M103,1
OI015314,O008507,M195,3
OI015315,O003440,M024,2
OI015316,O009340,M124,1
OI015317,O006653,M222,2
OI015318,O016866,M174,3
OI015319,O018180,M024,2
OI015320,O015875,M075,2
OI015321,O008756,M118,2
OI015322,O014804,M227,1
OI015323,O003393,M037,2
OI015324,O012133,M103,3
OI015325,O016685,M068,2
OI015326,O010281,M215,2
OI015327,O010401,M090,3
OI015328,O012788,M124,3
OI015329,O014942,M049,1
OI015330,O005555,M217,3
OI015331,O018893,M136,2
OI015332,O012116,M085,1
OI015333,O009433,M026,1
OI015334,O015829,M069,3
OI015335,O001383,M219,2
OI015336,O005405,M200,3
OI015337,O014422,M043,2
OI015338,O000670,M226,3
OI015339,O019400,M216,3
OI015340,O018692,M243,1
OI015341,O019165,M190,2
OI015342,O009843,M236,2
OI015343,O014871,M006,2
OI015344,O004998,M068,1
OI015345,O007961,M088,2
OI015346,O000767,M058,1
OI015347,O018756,M167,2
OI015348,O017364,M156,3
OI015349,O011140,M101,2
OI015350,O009915,M051,1
OI015351,O017431,M237,2
OI015352,O017851,M008,2
OI015353,O002993,M058,2
OI015354,O019835,M004,3
OI015355,O001750,M111,2
OI015356,O000590,M206,2
OI015357,O008642,M026,1
OI015358,O019990,M202,3
OI015359,O000087,M132,3
OI015360,O017715,M070,1
OI015361,O019152,M117,1
OI015362,O014285,M148,3
OI015363,O015763,M166,3
OI015364,O005699,M019,2
OI015365,O016842,M011,2
OI015366,O003568,M116,2
OI015367,O000838,M185,1
OI015368,O016358,M061,3
OI015369,O018685,M220,3
OI015370,O016832,M052,1
OI015371,O003294,M013,2
OI015372,O001543,M053,2
OI015373,O000216,M030,3
OI015374,O012530,M053,2
OI015375,O002095,M170,1
OI015376,O000258,M065,2
OI015377,O006495,M040,2
OI015378,O008643,M151,3
OI015379,O018259,M207,1
OI015380,O016125,M169,1
OI015381,O001483,M053,2
OI015382,O012620,M030,3
OI015383,O007879,M176,2
OI015384,O002724,M076,2
OI015385,O011169,M066,1
OI015386,O000777,M127,3
OI015387,O003186,M014,1
OI015388,O019505,M186,2
OI015389,O006838,M196,3
OI015390,O002165,M066,1
OI015391,O003562,M005,1
OI015392,O013598,M156,2
OI015393,O005470,M061,3
OI015394,O018543,M160,1
OI015395,O013140,M229,2
OI015396,O008044,M062,2
OI015397,O002514,M013,2
OI015398,O014906,M216,1
OI015399,O001229,M019,1
OI015400,O019913,M076,1
OI015401,O007852,M210,2
OI015402,O016247,M232,1
OI015403,O007353,M002,1
OI015404,O005018,M043,3
OI015405,O008300,M126,3
OI015406,O010318,M212,3
OI015407,O019167,M089,3
OI015408,O010884,M117,3
OI015409,O010411,M198,2
OI015410,O012894,M082,1
OI015411,O011123,M017,1
OI015412,O011619,M191,3
OI015413,O009088,M104,1
OI015414,O015300,M017,1
OI015415,O002962,M207,2
OI015416,O008050,M164,1
OI015417,O000734,M199,3
OI015418,O005914,M075,2
OI015419,O015461,M160,2
OI015420,O019832,M166,1
OI015421,O003658,M145,1
OI015422,O008816,M159,1
OI015423,O017086,M068,3
OI015424,O015584,M093,1
OI015425,O016223,M105,2
OI015426,O019881,M140,1
OI015427,O009477,M068,2
OI015428,O011553,M060,2
OI015429,O012140,M174,2
OI015430,O019287,M089,2
OI015431,O000660,M137,3
OI015432,O019225,M103,3
OI015433,O018854,M182,1
OI015434,O001771,M055,1
OI015435,O008441,M057,2
OI015436,O019283,M191,3
OI015437,O018271,M065,3
OI015438,O009619,M006,3
OI015439,O019585,M091,3
OI015440,O007347,M123,2
OI015441,O013564,M193,1
OI015442,O005108,M061,2
OI015443,O000819,M199,2
OI015444,O004589,M239,2
OI015445,O018464,M207,2
OI015446,O003284,M216,1
OI015447,O005460,M109,3
OI015448,O017713,M166,2
OI015449,O011803,M152,3
OI015450,O016543,M195,1
OI015451,O016950,M043,3
OI015452,O016355,M155,3
OI015453,O015306,M067,1
OI015454,O001608,M151,3
OI015455,O002765,M062,2
OI015456,O005663,M098,3
OI015457,O007537,M173,3
OI015458,O008581,M090,1
OI015459,O011725,M049,1
OI015460,O006963,M158,1
OI015461,O007289,M197,3
OI015462,O003616,M249,2
OI015463,O011521,M079,3
OI015464,O005636,M146,3
OI015465,O007363,M018,3
OI015466,O008623,M197,1
OI015467,O006012,M017,1
OI015468,O018076,M222,3
OI015469,O017313,M171,2
OI015470,O018790,M182,1
OI015471,O012010,M237,1
OI015472,O008939,M149,3
OI015473,O007689,M096,3
OI015474,O012063,M166,1
OI015475,O019498,M175,2
OI015476,O009921,M158,3
OI015477,O009584,M031,1
OI015478,O011059,M060,1
OI015479,O000777,M138,3
OI015480,O001931,M105,2
OI015481,O010873,M222,2
OI015482,O016027,M226,3
OI015483,O001005,M159,2
OI015484,O011466,M106,2
OI015485,O009211,M057,3
OI015486,O015256,M092,1
OI015487,O004441,M068,1
OI015488,O017599,M182,3
OI015489,O010934,M209,1
OI015490,O015542,M249,2
OI015491,O006424,M107,3
OI015492,O011098,M197,3
OI015493,O018102,M080,2
OI015494,O002849,M040,1
OI015495,O007924,M238,2
OI015496,O012815,M001,1
OI015497,O017544,M238,3
OI015498,O015314,M111,2
OI015499,O019044,M215,2
OI015500,O017574,M073,2
OI015501,O016583,M060,3
OI015502,O006603,M085,1
OI015503,O004715,M062,1
OI015504,O010042,M165,2
OI015505,O000076,M194,2
OI015506,O009520,M050,3
OI015507,O016977,M035,2
OI015508,O008435,M176,2
OI015509,O003248,M040,1
OI015510,O006440,M041,2
OI015511,O006787,M213,2
OI015512,O018059,M030,1
OI015513,O012815,M066,2
OI015514,O019513,M091,2
OI015515,O018612,M063,1
OI015516,O006130,M191,3
OI015517,O001613,M036,2
OI015518,O006431,M006,1
OI015519,O005545,M120,1
OI015520,O002606,M103,2
OI015521,O017724,M134,1
OI015522,O011628,M068,1
OI015523,O001013,M154,2
OI015524,O008715,M072,1
OI015525,O007367,M220,3
OI015526,O015335,M047,1
OI015527,O011674,M104,1
OI015528,O015311,M142,3
OI015529,O007483,M149,1
OI015530,O008948,M207,1
OI015531,O010539,M061,2
OI015532,O001033,M160,3
OI015533,O002551,M084,2
OI015534,O004870,M191,3
OI015535,O017612,M206,3
OI015536,O007055,M034,2
OI015537,O006694,M119,2
OI015538,O003532,M137,3
OI015539,O018629,M121,1
OI015540,O013344,M109,3
OI015541,O001918,M223,2
OI015542,O009593,M246,3
OI015543,O015865,M226,3
OI015544,O016101,M209,3
OI015545,O007247,M121,1
OI015546,O005021,M249,1
OI015547,O005014,M243,1
OI015548,O004649,M001,1
OI015549,O003802,M066,3
OI015550,O014048,M211,3
OI015551,O011256,M096,3
OI015552,O013491,M101,3
OI015553,O005966,M153,3
OI015554,O001977,M226,2
OI015555,O001843,M154,3
OI015556,O004757,M036,1
OI015557,O009325,M104,3
OI015558,O019291,M146,2
OI015559,O010846,M240,2
OI015560,O007406,M142,3
OI015561,O003322,M213,1
OI015562,O013681,M119,3
OI015563,O002583,M075,1
OI015564,O002675,M021,2
OI015565,O017337,M035,2
OI015566,O016119,M193,3
OI015567,O016476,M105,2
OI015568,O010734,M249,3
OI015569,O003185,M234,1
OI015570,O015757,M229,3
OI015571,O002971,M117,3
OI015572,O006022,M125,3
OI015573,O002072,M009,3
OI015574,O012236,M249,3
OI015575,O010357,M238,1
OI015576,O015807,M126,3
OI015577,O011900,M095,2
OI015578,O013074,M226,3
OI015579,O019506,M207,1
OI015580,O019557,M183,1
OI015581,O007952,M099,3
OI015582,O014172,M008,2
OI015583,O017650,M112,1
OI015584,O006936,M027,3
OI015585,O011983,M226,3
OI015586,O013248,M118,1
OI015587,O011634,M187,3
OI015588,O003822,M173,2
OI015589,O015508,M151,3
OI015590,O001620,M225,1
OI015591,O014980,M020,3
OI015592,O002009,M044,3
OI015593,O010278,M081,1
OI015594,O010393,M001,2
OI015595,O001542,M115,3
OI015596,O003906,M150,1
OI015597,O001308,M170,3
OI015598,O006266,M233,2
OI015599,O009818,M200,1
OI015600,O019453,M118,3
OI015601,O008686,M019,1
OI015602,O009986,M180,2
OI015603,O006908,M034,3
OI015604,O004101,M072,3
OI015605,O003259,M007,1
OI015606,O013443,M134,1
OI015607,O008049,M172,1
OI015608,O005158,M005,1
OI015609,O001914,M036,3
OI015610,O003725,M040,1
OI015611,O002080,M168,1
OI015612,O006363,M097,1
OI015613,O006766,M081,1
OI015614,O001766,M160,2
OI015615,O008391,M250,2
OI015616,O001683,M135,1
OI015617,O019120,M035,2
OI015618,O008298,M025,2
OI015619,O000732,M131,1
OI015620,O005290,M191,2
OI015621,O019963,M061,3
OI015622,O000281,M024,3
OI015623,O000906,M245,2
OI015624,O017427,M124,2
OI015625,O006540,M223,1
OI015626,O017071,M152,2
OI015627,O017216,M031,2
OI015628,O003500,M057,2
OI015629,O009841,M229,3
OI015630,O013097,M062,2
OI015631,O000227,M060,1
OI015632,O019172,M052,3
OI015633,O008362,M071,1
OI015634,O006713,M039,3
OI015635,O016655,M144,3
OI015636,O016659,M144,2
OI015637,O005753,M192,3
OI015638,O013884,M247,1
OI015639,O016162,M233,2
OI015640,O009865,M225,1
OI015641,O019185,M086,1
OI015642,O008290,M169,1
OI015643,O018993,M049,3
OI015644,O000472,M110,3
OI015645,O017459,M243,3
OI015646,O008605,M157,2
OI015647,O015334,M198,3
OI015648,O013660,M143,3
OI015649,O000880,M067,2
OI015650,O016354,M050,3
OI015651,O015565,M237,3
OI015652,O016407,M121,1
OI015653,O012650,M038,2
OI015654,O011012,M231,2
OI015655,O009026,M184,1
OI015656,O016810,M114,2
OI015657,O009884,M071,2
OI015658,O005057,M127,1
OI015659,O018276,M105,3
OI015660,O001695,M162,3
OI015661,O005506,M212,3
OI015662,O007993,M169,3
OI015663,O015973,M168,3
OI015664,O017069,M215,1
OI015665,O017894,M145,1
OI015666,O014096,M152,2
OI015667,O016392,M201,3
OI015668,O017354,M245,2
OI015669,O018114,M108,3
OI015670,O016586,M180,3
OI015671,O004823,M079,3
OI015672,O019426,M140,3
OI015673,O000474,M199,2
OI015674,O018193,M213,3
OI015675,O009109,M233,3
OI015676,O015792,M145,3
OI015677,O006555,M229,2
OI015678,O001175,M150,3
OI015679,O009418,M006,1
OI015680,O019234,M032,3
OI015681,O000311,M212,1
OI015682,O006655,M220,1
OI015683,O002456,M152,1
OI015684,O001913,M189,3
OI015685,O000367,M228,1
OI015686,O010288,M127,2
OI015687,O018777,M235,3
OI015688,O016619,M240,3
OI015689,O019563,M112,3
OI015690,O015444,M050,1
OI015691,O012656,M103,3
OI015692,O002328,M176,2
OI015693,O004505,M067,3
OI015694,O016780,M025,1
OI015695,O000240,M112,3
OI015696,O002681,M139,3
OI015697,O003301,M046,2
OI015698,O004856,M193,3
OI015699,O003950,M228,1
OI015700,O013914,M021,2
OI015701,O012092,M128,3
OI015702,O006341,M156,2
OI015703,O011408,M021,1
OI015704,O018518,M235,3
OI015705,O008813,M191,1
OI015706,O002767,M230,2
OI015707,O006174,M173,2
OI015708,O007536,M098,1
OI015709,O004857,M072,1
OI015710,O011080,M059,3
OI015711,O016013,M157,3
OI015712,O001068,M053,3
OI015713,O014261,M068,1
OI015714,O013096,M161,2
OI015715,O008154,M021,1
OI015716,O019920,M074,1
OI015717,O009740,M197,3
OI015718,O008781,M112,2
OI015719,O014015,M178,1
OI015720,O008994,M183,2
OI015721,O011513,M183,2
OI015722,O018994,M243,3
OI015723,O003342,M092,2
OI015724,O000584,M047,2
OI015725,O009689,M035,3
OI015726,O012731,M018,2
OI015727,O018904,M184,2
OI015728,O016377,M193,2
OI015729,O017068,M170,1
OI015730,O013272,M031,3
OI015731,O018244,M101,2
OI015732,O005126,M071,1
OI015733,O002316,M209,1
OI015734,O006032,M063,3
OI015735,O008425,M079,3
OI015736,O003856,M131,1
OI015737,O013911,M102,2
OI015738,O016437,M216,2
OI015739,O003360,M035,2
OI015740,O016872,M246,1
OI015741,O013493,M235,3
OI015742,O011918,M038,2
OI015743,O009196,M173,1
OI015744,O007964,M184,2
OI015745,O005815,M127,2
OI015746,O018199,M242,3
OI015747,O018402,M203,2
OI015748,O017948,M058,1
OI015749,O018822,M076,2
OI015750,O001660,M239,3
OI015751,O012739,M229,1
OI015752,O015911,M040,3
OI015753,O012540,M071,1
OI015754,O019406,M199,3
OI015755,O014172,M221,1
OI015756,O017444,M184,3
OI015757,O014468,M223,1
OI015758,O011935,M030,3
OI015759,O006993,M128,1
OI015760,O005009,M218,2
OI015761,O006231,M120,1
OI015762,O006401,M228,2
OI015763,O017278,M025,1
OI015764,O018402,M180,2
OI015765,O010364,M143,3
OI015766,O014189,M133,3
OI015767,O013288,M169,3
OI015768,O018172,M068,1
OI015769,O016770,M058,1
OI015770,O002945,M023,1
OI015771,O015198,M116,3
OI015772,O019184,M086,3
OI015773,O014257,M188,2
OI015774,O005710,M020,1
OI015775,O005998,M166,3
OI015776,O002757,M207,1
OI015777,O014907,M048,2
OI015778,O002021,M244,2
OI015779,O015800,M062,2
OI015780,O016999,M048,1
OI015781,O003923,M023,1
OI015782,O010288,M177,1
OI015783,O010757,M014,3
OI015784,O018570,M002,2
OI015785,O011557,M225,2
OI015786,O004826,M239,1
OI015787,O004754,M058,1
OI015788,O018655,M073,2
OI015789,O015936,M090,2
OI015790,O007306,M063,2
OI015791,O017905,M162,2
OI015792,O019063,M034,2
OI015793,O005857,M122,3
OI015794,O009710,M186,1
OI015795,O016210,M001,3
OI015796,O013685,M180,2
OI015797,O019596,M128,3
OI015798,O006728,M185,1
OI015799,O017731,M214,2
OI015800,O016722,M120,2
OI015801,O008325,M065,3
OI015802,O012312,M041,2
OI015803,O004656,M050,2
OI015804,O004551,M030,1
OI015805,O011242,M019,2
OI015806,O010506,M012,2
OI015807,O009593,M128,2
OI015808,O008824,M106,2
OI015809,O010338,M175,3
OI015810,O018988,M231,1
OI015811,O004118,M014,3
OI015812,O017971,M017,1
OI015813,O010940,M057,3
OI015814,O013433,M233,1
OI015815,O015424,M119,3
OI015816,O005878,M118,1
OI015817,O017860,M181,2
OI015818,O011648,M212,1
OI015819,O004810,M131,3
OI015820,O010034,M073,3
OI015821,O016750,M214,3
OI015822,O003266,M026,1
OI015823,O004657,M033,1
OI015824,O014987,M195,2
OI015825,O018449,M071,2
OI015826,O001853,M217,1
OI015827,O014490,M101,2
OI015828,O016048,M226,3
OI015829,O007171,M170,2
OI015830,O001962,M112,2
OI015831,O019439,M017,3
OI015832,O004289,M092,1
OI015833,O019787,M087,3
OI015834,O018103,M184,1
OI015835,O017246,M082,3
OI015836,O014202,M073,3
OI015837,O014887,M020,3
OI015838,O017513,M039,1
OI015839,O007046,M131,3
OI015840,O015094,M124,3
OI015841,O003319,M113,1
OI015842,O005685,M244,3
OI015843,O015472,M200,3
OI015844,O019797,M160,3
OI015845,O004367,M178,1
OI015846,O010836,M046,3
OI015847,O009007,M196,2
OI015848,O017351,M135,3
OI015849,O002400,M074,2
OI015850,O017119,M145,2
OI015851,O019426,M106,2
OI015852,O018885,M233,3
OI015853,O017500,M069,3
OI015854,O002827,M089,3
OI015855,O001495,M217,3
OI015856,O003522,M053,1
OI015857,O010617,M048,3
OI015858,O012069,M059,2
OI015859,O016154,M175,1
OI015860,O007443,M177,3
OI015861,O002363,M057,3
OI015862,O012247,M024,3
OI015863,O019271,M198,1
OI015864,O015257,M120,2
OI015865,O004667,M013,3
OI015866,O001573,M121,2
OI015867,O000500,M144,1
OI015868,O012645,M074,3
OI015869,O017849,M052,2
OI015870,O013385,M137,1
OI015871,O005722,M221,1
OI015872,O011375,M029,1
OI015873,O016166,M016,3
OI015874,O010666,M156,1
OI015875,O017821,M089,2
OI015876,O004093,M131,3
OI015877,O017790,M073,2
OI015878,O016446,M180,1
OI015879,O007203,M093,2
OI015880,O000618,M051,2
OI015881,O005185,M079,2
OI015882,O014107,M214,3
OI015883,O012946,M048,3
OI015884,O012931,M173,2
OI015885,O003015,M047,2
OI015886,O015308,M086,3
OI015887,O009096,M067,3
OI015888,O014323,M235,2
OI015889,O002701,M206,3
OI015890,O014728,M216,1
OI015891,O009601,M129,3
OI015892,O018250,M223,1
OI015893,O013450,M183,3
OI015894,O018703,M150,3
OI015895,O002649,M190,1
OI015896,O019162,M003,3
OI015897,O011027,M108,1
OI015898,O012780,M023,3
OI015899,O005552,M118,2
OI015900,O014374,M012,3
OI015901,O000675,M222,1
OI015902,O009731,M174,1
OI015903,O011494,M071,1
OI015904,O002472,M179,3
OI015905,O008705,M105,1
OI015906,O017764,M184,2
OI015907,O003252,M054,2
OI015908,O002977,M200,1
OI015909,O001780,M070,3
OI015910,O004969,M113,2
OI015911,O009893,M144,2
OI015912,O009202,M029,3
OI015913,O010913,M243,3
OI015914,O018634,M011,3
OI015915,O018181,M020,1
OI015916,O001979,M066,3
OI015917,O001067,M087,2
OI015918,O012883,M074,2
OI015919,O003127,M092,1
OI015920,O015045,M034,1
OI015921,O009325,M138,1
OI015922,O002083,M166,2
OI015923,O014288,M133,3
OI015924,O011736,M077,1
OI015925,O010495,M098,3
OI015926,O012316,M187,1
OI015927,O000865,M073,1
OI015928,O012543,M122,1
OI015929,O001993,M144,3
OI015930,O014014,M123,3
OI015931,O005575,M027,1
OI015932,O008218,M043,3
OI015933,O012345,M218,2
OI015934,O013839,M218,2
OI015935,O000934,M156,2
OI015936,O001880,M237,3
OI015937,O010123,M224,2
OI015938,O012547,M192,1
OI015939,O007016,M140,1
OI015940,O000662,M053,3
OI015941,O003826,M144,2
OI015942,O008777,M211,3
OI015943,O000007,M024,1
OI015944,O013564,M100,1
OI015945,O006683,M226,2
OI015946,O008215,M218,1
OI015947,O016326,M006,2
OI015948,O019055,M062,3
OI015949,O018663,M202,1
OI015950,O008012,M220,3
OI015951,O004463,M149,1
OI015952,O008678,M003,1
OI015953,O008220,M193,2
OI015954,O013188,M138,2
OI015955,O011147,M250,1
OI015956,O013768,M195,2
OI015957,O015731,M146,2
OI015958,O008358,M058,3
OI015959,O000002,M006,3
OI015960,O003395,M243,1
OI015961,O012363,M039,3
OI015962,O000686,M025,2
OI015963,O017526,M101,3
OI015964,O010985,M240,2
OI015965,O006113,M064,2
OI015966,O009077,M064,3
OI015967,O014805,M241,1
OI015968,O011304,M194,2
OI015969,O009750,M171,2
OI015970,O006033,M030,1
OI015971,O001546,M154,3
OI015972,O006045,M132,2
OI015973,O004659,M010,1
OI015974,O008983,M089,3
OI015975,O013221,M121,1
OI015976,O016048,M127,2
OI015977,O017013,M074,2
OI015978,O013538,M147,3
OI015979,O002026,M147,1
OI015980,O013832,M009,1
OI015981,O008811,M221,1
OI015982,O000465,M197,3
OI015983,O015846,M247,3
OI015984,O004803,M227,3
OI015985,O018405,M139,3
OI015986,O009003,M079,2
OI015987,O013147,M027,2
OI015988,O005881,M113,3
OI015989,O016146,M231,1
OI015990,O006755,M047,1
OI015991,O005810,M224,2
OI015992,O018363,M088,1
OI015993,O009991,M016,3
OI015994,O017062,M030,3
OI015995,O002991,M118,3
OI015996,O006642,M216,1
OI015997,O005743,M196,1
OI015998,O007714,M171,3
OI015999,O001056,M110,2
OI016000,O007561,M195,1
OI016001,O011906,M178,1
OI016002,O012542,M091,2
OI016003,O015932,M002,2
OI016004,O006609,M245,3
OI016005,O007269,M033,3
OI016006,O006521,M096,1
OI016007,O006691,M184,2
OI016008,O009659,M176,3
OI016009,O012442,M054,1
OI016010,O012756,M160,2
OI016011,O016937,M153,1
OI016012,O015508,M044,1
OI016013,O018323,M159,3
OI016014,O019663,M107,2
OI016015,O007727,M068,1
OI016016,O011595,M162,2
OI016017,O018641,M031,3
OI016018,O008236,M041,2
OI016019,O018073,M176,2
OI016020,O018182,M033,3
OI016021,O005037,M063,1
OI016022,O010475,M162,1
OI016023,O015712,M067,2
OI016024,O002271,M123,1
OI016025,O006478,M230,1
OI016026,O013086,M126,2
OI016027,O006999,M030,2
OI016028,O004044,M145,3
OI016029,O018252,M022,3
OI016030,O000343,M226,3
OI016031,O003747,M085,3
OI016032,O004533,M243,3
OI016033,O003904,M084,2
OI016034,O012333,M123,1
OI016035,O018222,M004,2
OI016036,O012178,M082,3
OI016037,O011943,M247,2
OI016038,O009783,M124,3
OI016039,O011097,M043,1
OI016040,O001204,M064,1
OI016041,O008120,M021,2
OI016042,O009098,M068,2
OI016043,O016119,M140,2
OI016044,O011272,M221,3
OI016045,O002420,M047,2
OI016046,O019612,M040,2
OI016047,O018143,M077,2
OI016048,O003845,M020,2
OI016049,O018121,M015,1
OI016050,O002701,M196,3
OI016051,O012136,M041,3
OI016052,O000080,M032,1
OI016053,O014103,M010,2
OI016054,O002836,M190,3
OI016055,O007227,M149,2
OI016056,O008810,M085,3
OI016057,O017489,M110,1
OI016058,O011285,M162,1
OI016059,O007451,M127,2
OI016060,O004495,M060,1
OI016061,O018196,M147,3
OI016062,O014086,M210,3
OI016063,O018557,M229,3
OI016064,O000153,M037,3
OI016065,O015248,M062,1
OI016066,O002784,M209,3
OI016067,O016362,M198,1
OI016068,O003456,M238,1
OI016069,O004758,M023,2
OI016070,O019740,M228,2
OI016071,O003469,M075,2
OI016072,O000726,M092,2
OI016073,O018813,M120,1
OI016074,O007137,M108,3
OI016075,O006417,M076,1
OI016076,O011784,M088,2
OI016077,O014180,M185,1
OI016078,O003007,M201,2
OI016079,O017542,M245,2
OI016080,O010304,M239,2
OI016081,O004894,M165,2
OI016082,O013413,M085,3
OI016083,O015920,M010,3
OI016084,O018422,M017,3
OI016085,O009399,M149,1
OI016086,O017015,M020,3
OI016087,O008604,M101,3
OI016088,O008392,M086,1
OI016089,O005652,M170,2
OI016090,O017706,M015,2
OI016091,O019407,M244,3
OI016092,O003826,M167,3
OI016093,O017756,M055,3
OI016094,O018168,M181,3
OI016095,O003757,M054,3
OI016096,O003192,M120,1
OI016097,O013657,M073,2
OI016098,O013118,M108,1
OI016099,O003511,M231,2
OI016100,O015150,M125,1
OI016101,O003814,M074,1
OI016102,O003506,M180,1
OI016103,O008542,M075,1
OI016104,O015703,M249,1
OI016105,O007616,M031,2
OI016106,O002803,M169,2
OI016107,O000460,M037,3
OI016108,O001787,M155,1
OI016109,O005227,M057,2
OI016110,O008552,M168,1
OI016111,O003787,M196,3
OI016112,O018825,M172,3
OI016113,O006338,M182,3
OI016114,O012613,M183,1
OI016115,O000889,M102,2
OI016116,O001033,M156,1
OI016117,O018808,M119,1
OI016118,O009308,M146,3
OI016119,O001628,M161,3
OI016120,O016899,M210,3
OI016121,O010895,M113,2
OI016122,O017843,M087,1
OI016123,O005276,M121,1
OI016124,O002931,M108,3
OI016125,O014554,M092,3
OI016126,O018684,M127,3
OI016127,O011621,M239,3
OI016128,O000531,M236,2
OI016129,O012105,M143,1
OI016130,O017941,M166,1
OI016131,O005683,M158,1
OI016132,O000523,M146,2
OI016133,O008476,M211,3
OI016134,O014675,M054,3
OI016135,O015296,M004,1
OI016136,O012843,M062,2
OI016137,O019062,M096,3
OI016138,O014659,M118,3
OI016139,O007827,M112,2
OI016140,O017569,M107,2
OI016141,O008840,M160,2
OI016142,O005530,M104,1
OI016143,O001244,M241,2
OI016144,O002079,M185,3
OI016145,O002231,M115,3
OI016146,O014533,M231,2
OI016147,O005665,M047,2
OI016148,O006451,M179,1
OI016149,O006362,M112,3
OI016150,O005552,M186,2
OI016151,O018106,M218,2
OI016152,O016052,M225,3
OI016153,O016529,M102,1
OI016154,O014775,M123,1
OI016155,O019714,M107,2
OI016156,O008680,M169,2
OI016157,O002984,M151,2
OI016158,O010430,M131,3
OI016159,O003550,M232,3
OI016160,O019817,M115,3
OI016161,O010703,M004,2
OI016162,O000835,M075,3
OI016163,O009163,M178,3
OI016164,O000568,M144,2
OI016165,O005523,M066,3
OI016166,O018651,M118,1
OI016167,O007671,M244,2
OI016168,O014322,M037,2
OI016169,O010270,M104,1
OI016170,O003933,M236,2
OI016171,O017281,M191,3
OI016172,O008129,M005,2
OI016173,O017755,M083,3
OI016174,O015179,M163,2
OI016175,O015143,M072,2
OI016176,O015287,M158,2
OI016177,O007905,M181,1
OI016178,O002819,M101,1
OI016179,O013044,M080,3
OI016180,O003015,M127,2
OI016181,O016983,M137,3
OI016182,O008066,M055,3
OI016183,O001905,M248,2
OI016184,O019487,M145,1
OI016185,O000118,M219,2
OI016186,O014151,M241,1
OI016187,O003860,M081,3
OI016188,O003267,M054,1
OI016189,O007555,M085,2
OI016190,O014809,M011,1
OI016191,O007064,M079,1
OI016192,O003483,M047,2
OI016193,O002607,M080,1
OI016194,O014975,M201,2
OI016195,O015666,M155,3
OI016196,O004233,M115,3
OI016197,O017181,M162,1
OI016198,O013100,M080,2
OI016199,O012821,M045,2
OI016200,O011719,M050,2
OI016201,O002852,M209,2
OI016202,O009552,M013,1
OI016203,O009213,M129,2
OI016204,O003219,M233,2
OI016205,O004419,M248,3
OI016206,O017202,M224,1
OI016207,O017069,M229,3
OI016208,O012693,M004,1
OI016209,O008745,M159,1
OI016210,O017157,M195,3
OI016211,O004050,M195,1
OI016212,O000759,M224,2
OI016213,O014994,M182,1
OI016214,O015565,M198,1
OI016215,O011897,M103,1
OI016216,O003437,M042,2
OI016217,O006766,M007,2
OI016218,O016227,M136,3
OI016219,O006542,M023,3
OI016220,O005678,M184,3
OI016221,O013887,M136,2
OI016222,O016397,M006,3
OI016223,O014818,M220,3
OI016224,O006327,M143,3
OI016225,O005065,M019,2
OI016226,O009755,M162,1
OI016227,O005661,M024,3
OI016228,O015859,M007,1
OI016229,O011722,M198,1
OI016230,O010679,M064,3
OI016231,O011966,M181,3
OI016232,O011868,M127,3
OI016233,O000564,M155,2
OI016234,O019412,M234,2
OI016235,O017598,M069,2
OI016236,O005711,M068,2
OI016237,O017192,M034,1
OI016238,O003496,M085,2
OI016239,O001200,M005,3
OI016240,O012476,M248,3
OI016241,O009572,M191,1
OI016242,O010080,M162,2
OI016243,O017502,M241,2
OI016244,O014828,M060,2
OI016245,O011353,M046,1
OI016246,O013313,M222,2
OI016247,O014637,M055,3
OI016248,O016412,M144,1
OI016249,O009451,M016,3
OI016250,O007944,M037,3
OI016251,O010529,M105,3
OI016252,O014831,M065,2
OI016253,O006900,M167,2
OI016254,O015316,M166,2
OI016255,O011040,M119,1
OI016256,O006114,M216,3
OI016257,O015210,M214,2
OI016258,O009149,M165,1
OI016259,O012885,M035,1
OI016260,O008811,M032,1
OI016261,O016002,M165,3
OI016262,O013860,M214,1
OI016263,O011791,M128,1
OI016264,O011601,M194,3
OI016265,O002869,M104,2
OI016266,O008877,M035,3
OI016267,O006231,M102,2
OI016268,O001478,M059,2
OI016269,O011231,M089,3
OI016270,O008899,M160,3
OI016271,O010895,M003,1
OI016272,O005801,M041,1
OI016273,O002157,M003,1
OI016274,O016267,M038,1
OI016275,O014434,M133,2
OI016276,O016624,M140,2
OI016277,O007731,M104,3
OI016278,O009500,M099,1
OI016279,O005415,M174,1
OI016280,O002950,M031,3
OI016281,O007490,M148,2
OI016282,O017588,M040,3
OI016283,O018425,M015,3
OI016284,O018441,M200,3
OI016285,O005442,M171,1
OI016286,O016922,M021,1
OI016287,O005872,M244,2
OI016288,O013589,M025,1
OI016289,O004824,M211,1
OI016290,O013531,M173,2
OI016291,O002413,M112,2
OI016292,O011256,M083,3
OI016293,O006836,M234,2
OI016294,O018544,M022,1
OI016295,O017874,M013,2
OI016296,O002060,M084,1
OI016297,O013596,M236,3
OI016298,O008634,M047,2
OI016299,O017092,M235,1
OI016300,O006755,M030,3
OI016301,O014661,M003,1
OI016302,O011360,M058,3
OI016303,O000764,M238,1
OI016304,O019569,M034,2
OI016305,O006359,M019,1
OI016306,O015047,M178,1
OI016307,O007413,M041,3
OI016308,O005732,M130,1
OI016309,O002184,M077,2
OI016310,O013776,M172,1
OI016311,O017442,M024,2
OI016312,O009007,M054,1
OI016313,O016670,M125,2
OI016314,O005656,M027,3
OI016315,O007641,M056,2
OI016316,O017356,M213,1
OI016317,O014487,M048,3
OI016318,O011336,M230,2
OI016319,O015132,M067,1
OI016320,O005437,M128,1
OI016321,O000602,M083,2
OI016322,O007310,M073,2
OI016323,O018709,M051,2
OI016324,O010753,M242,1
OI016325,O012654,M123,3
OI016326,O001304,M004,2
OI016327,O014939,M162,1
OI016328,O007551,M140,2
OI016329,O000867,M227,3
OI016330,O013567,M144,1
OI016331,O004440,M063,2
OI016332,O003828,M110,2
OI016333,O003755,M103,2
OI016334,O018016,M200,1
OI016335,O001138,M161,1
OI016336,O005686,M159,3
OI016337,O011243,M122,1
OI016338,O005521,M179,3
OI016339,O015182,M137,3
OI016340,O007694,M233,2
OI016341,O018807,M241,2
OI016342,O005298,M241,3
OI016343,O004826,M165,1
OI016344,O006326,M067,2
OI016345,O010048,M028,2
OI016346,O018660,M108,2
OI016347,O017133,M126,1
OI016348,O008822,M197,1
OI016349,O007956,M024,3
OI016350,O012883,M180,2
OI016351,O006247,M209,2
OI016352,O017689,M207,1
OI016353,O001739,M023,2
OI016354,O012566,M177,2
OI016355,O015848,M139,2
OI016356,O013320,M153,3
OI016357,O009475,M059,2
OI016358,O013681,M230,1
OI016359,O014801,M140,1
OI016360,O009734,M025,1
OI016361,O001619,M216,2
OI016362,O017535,M099,1
OI016363,O003062,M007,3
OI016364,O019052,M026,2
OI016365,O008604,M038,1
OI016366,O007650,M242,3
OI016367,O005066,M060,1
OI016368,O010578,M071,2
OI016369,O012439,M240,3
OI016370,O018666,M085,3
OI016371,O011060,M073,3
OI016372,O004307,M015,2
OI016373,O017020,M057,2
OI016374,O019216,M100,1
OI016375,O014393,M190,2
OI016376,O000072,M097,2
OI016377,O015597,M120,1
OI016378,O015843,M153,3
OI016379,O002163,M243,3
OI016380,O014911,M132,1
OI016381,O001396,M132,2
OI016382,O015850,M201,3
OI016383,O010111,M015,3
OI016384,O005392,M011,3
OI016385,O009057,M032,2
OI016386,O005850,M157,2
OI016387,O005132,M092,1
OI016388,O013469,M128,2
OI016389,O014519,M125,1
OI016390,O001892,M162,2
OI016391,O019190,M006,2
OI016392,O015030,M190,1
OI016393,O018025,M134,3
OI016394,O016041,M148,3
OI016395,O003072,M226,2
OI016396,O000291,M165,2
OI016397,O006775,M188,3
OI016398,O013052,M087,2
OI016399,O018015,M173,2
OI016400,O004993,M079,3
OI016401,O009505,M195,1
OI016402,O005190,M050,3
OI016403,O010918,M225,3
OI016404,O000390,M078,1
OI016405,O005218,M059,2
OI016406,O009602,M130,1
OI016407,O000827,M228,2
OI016408,O017322,M083,1
OI016409,O008546,M020,1
OI016410,O017021,M090,2
OI016411,O007442,M200,2
OI016412,O004686,M108,3
OI016413,O016256,M214,1
OI016414,O009434,M199,3
OI016415,O000237,M235,3
OI016416,O003021,M129,2
OI016417,O001213,M159,2
OI016418,O013837,M152,2
OI016419,O006976,M209,1
OI016420,O002168,M210,2
OI016421,O019069,M071,1
OI016422,O000457,M213,3
OI016423,O006350,M196,2
OI016424,O019544,M059,3
OI016425,O009925,M237,1
OI016426,O007047,M226,1
OI016427,O007425,M246,3
OI016428,O002493,M148,3
OI016429,O001495,M220,1
OI016430,O006379,M201,2
OI016431,O018946,M093,2
OI016432,O005213,M006,1
OI016433,O001671,M076,1
OI016434,O000554,M212,3
OI016435,O018309,M237,1
OI016436,O007552,M130,2
OI016437,O013298,M066,2
OI016438,O019705,M019,2
OI016439,O012765,M232,1
OI016440,O013028,M176,2
OI016441,O000627,M199,3
OI016442,O007193,M002,1
OI016443,O017837,M042,1
OI016444,O010289,M092,2
OI016445,O007946,M198,1
OI016446,O016243,M016,3
OI016447,O000630,M036,1
OI016448,O016525,M010,1
OI016449,O000083,M065,3
OI016450,O007712,M063,1
OI016451,O004492,M050,2
OI016452,O007385,M065,3
OI016453,O002450,M102,1
OI016454,O016455,M078,2
OI016455,O003242,M174,3
OI016456,O014884,M225,3
OI016457,O002752,M078,3
OI016458,O004942,M072,1
OI016459,O010473,M039,3
OI016460,O014671,M220,3
OI016461,O016790,M054,2
OI016462,O018622,M041,1
OI016463,O004904,M027,1
OI016464,O006449,M022,3
OI016465,O001481,M145,1
OI016466,O015363,M091,1
OI016467,O003367,M047,3
OI016468,O003432,M210,2
OI016469,O015561,M147,2
OI016470,O000854,M198,2
OI016471,O012920,M047,2
OI016472,O013532,M177,2
OI016473,O019861,M182,1
OI016474,O012432,M207,3
OI016475,O012200,M036,1
OI016476,O017534,M152,2
OI016477,O004728,M087,2
OI016478,O018864,M141,1
OI016479,O002974,M146,3
OI016480,O006534,M064,3
OI016481,O010019,M099,2
OI016482,O019864,M168,3
OI016483,O013050,M201,3
OI016484,O013534,M148,2
OI016485,O007191,M122,3
OI016486,O001503,M130,2
OI016487,O003910,M218,2
OI016488,O019226,M141,1
OI016489,O012414,M225,1
OI016490,O010649,M230,1
OI016491,O014110,M138,1
OI016492,O001577,M170,3
OI016493,O000067,M217,2
OI016494,O013957,M123,1
OI016495,O003214,M045,2
OI016496,O007429,M118,2
OI016497,O001483,M234,3
OI016498,O002852,M098,3
OI016499,O011289,M194,3
OI016500,O009997,M041,3
OI016501,O005361,M107,3
OI016502,O000055,M026,2
OI016503,O014836,M185,1
OI016504,O014658,M209,3
OI016505,O002285,M029,1
OI016506,O008695,M077,3
OI016507,O012009,M167,3
OI016508,O019653,M140,3
OI016509,O012582,M155,1
OI016510,O013635,M029,1
OI016511,O015071,M050,3
OI016512,O005200,M111,3
OI016513,O013535,M236,3
OI016514,O012878,M194,1
OI016515,O003470,M125,2
OI016516,O004723,M001,3
OI016517,O006888,M118,2
OI016518,O005587,M188,1
OI016519,O003032,M031,1
OI016520,O017847,M097,1
OI016521,O010783,M027,2
OI016522,O019996,M094,2
OI016523,O012393,M083,2
OI016524,O011720,M082,2
OI016525,O017061,M131,1
OI016526,O003662,M208,1
OI016527,O001248,M078,3
OI016528,O011831,M184,1
OI016529,O007097,M209,1
OI016530,O008843,M118,1
OI016531,O006260,M045,1
OI016532,O008100,M018,3
OI016533,O015260,M040,3
OI016534,O015013,M217,2
OI016535,O013250,M154,3
OI016536,O005778,M091,2
OI016537,O011215,M066,2
OI016538,O014857,M217,1
OI016539,O012188,M242,2
OI016540,O016890,M224,2
OI016541,O003840,M115,2
OI016542,O011497,M037,3
OI016543,O011874,M099,2
OI016544,O014959,M152,2
OI016545,O002532,M033,2
OI016546,O008761,M220,1
OI016547,O007316,M097,1
OI016548,O015432,M093,1
OI016549,O012755,M009,2
OI016550,O017092,M097,2
OI016551,O010388,M053,1
OI016552,O014206,M043,2
OI016553,O011510,M202,2
OI016554,O013465,M171,2
OI016555,O006829,M100,2
OI016556,O016033,M108,3
OI016557,O016338,M007,1
OI016558,O017867,M243,3
OI016559,O001801,M129,2
OI016560,O016397,M169,2
OI016561,O002546,M107,3
OI016562,O005343,M083,3
OI016563,O004606,M183,1
OI016564,O012091,M061,2
OI016565,O016178,M072,1
OI016566,O012324,M249,1
OI016567,O007270,M244,1
OI016568,O019761,M095,2
OI016569,O014897,M035,3
OI016570,O009087,M233,3
OI016571,O002412,M055,1
OI016572,O009432,M159,3
OI016573,O011757,M188,3
OI016574,O003654,M130,3
OI016575,O019283,M176,2
OI016576,O014659,M205,3
OI016577,O018424,M052,3
OI016578,O017314,M102,3
OI016579,O011600,M236,3
OI016580,O003000,M108,1
OI016581,O017565,M009,3
OI016582,O018682,M125,2
OI016583,O008398,M073,1
OI016584,O014862,M209,2
OI016585,O006171,M141,1
OI016586,O001386,M191,1
OI016587,O002194,M068,3
OI016588,O004081,M226,2
OI016589,O019725,M120,1
OI016590,O004971,M027,3
OI016591,O018847,M001,3
OI016592,O007916,M149,1
OI016593,O017909,M189,2
OI016594,O006065,M193,3
OI016595,O002075,M134,2
OI016596,O001138,M005,2
OI016597,O005036,M082,1
OI016598,O004623,M214,2
OI016599,O010322,M016,3
OI016600,O008358,M143,1
OI016601,O011437,M074,3
OI016602,O013216,M101,3
OI016603,O003145,M202,3
OI016604,O013852,M073,2
OI016605,O013227,M247,3
OI016606,O014340,M249,1
OI016607,O018243,M148,1
OI016608,O001615,M121,1
OI016609,O013526,M125,3
OI016610,O008037,M070,2
OI016611,O019697,M075,1
OI016612,O007368,M075,2
OI016613,O015337,M118,1
OI016614,O001676,M069,2
OI016615,O003912,M225,1
OI016616,O017871,M100,3
OI016617,O019507,M117,3
OI016618,O012712,M098,1
OI016619,O007729,M182,3
OI016620,O001677,M194,2
OI016621,O007312,M160,3
OI016622,O010068,M034,1
OI016623,O005200,M034,1
OI016624,O013612,M026,3
OI016625,O008484,M117,1
OI016626,O005816,M223,2
OI016627,O001693,M226,3
OI016628,O011400,M009,3
OI016629,O009645,M127,2
OI016630,O012284,M202,2
OI016631,O014748,M077,2
OI016632,O005730,M068,2
OI016633,O016225,M162,3
OI016634,O012824,M179,3
OI016635,O017094,M221,3
OI016636,O004666,M227,2
OI016637,O016975,M066,1
OI016638,O007314,M113,2
OI016639,O009921,M163,1
OI016640,O007074,M018,3
OI016641,O017693,M225,2
OI016642,O002595,M216,2
OI016643,O002823,M088,2
OI016644,O000852,M086,2
OI016645,O012054,M119,2
OI016646,O014935,M198,3
OI016647,O012584,M079,3
OI016648,O007357,M228,1
OI016649,O018070,M009,3
OI016650,O001396,M190,1
OI016651,O003010,M147,3
OI016652,O014782,M111,1
OI016653,O005688,M183,1
OI016654,O007212,M023,1
OI016655,O002711,M155,1
OI016656,O007857,M108,3
OI016657,O014949,M095,3
OI016658,O019974,M229,3
OI016659,O011356,M071,3
OI016660,O000084,M181,3
OI016661,O004192,M143,3
OI016662,O002359,M210,1
OI016663,O014700,M196,1
OI016664,O002030,M203,3
OI016665,O012680,M074,3
OI016666,O002958,M003,1
OI016667,O014215,M181,1
OI016668,O008853,M200,3
OI016669,O003878,M233,2
OI016670,O005839,M170,3
OI016671,O013387,M223,1
OI016672,O007083,M069,2
OI016673,O016709,M003,3
OI016674,O002477,M241,3
OI016675,O015297,M214,2
OI016676,O015682,M052,1
OI016677,O015673,M207,2
OI016678,O000391,M008,1
OI016679,O014961,M184,3
OI016680,O002135,M058,3
OI016681,O009469,M158,3
OI016682,O004367,M221,1
OI016683,O002805,M219,3
OI016684,O008191,M062,2
OI016685,O019335,M084,1
OI016686,O018542,M207,3
OI016687,O015237,M122,3
OI016688,O004532,M232,1
OI016689,O018390,M008,3
OI016690,O001000,M108,3
OI016691,O001280,M225,1
OI016692,O008443,M153,2
OI016693,O017396,M146,1
OI016694,O000795,M121,1
OI016695,O009611,M190,2
OI016696,O000874,M150,1
OI016697,O013446,M130,3
OI016698,O016966,M182,2
OI016699,O010520,M132,1
OI016700,O015694,M020,2
OI016701,O002693,M241,3
OI016702,O017045,M007,1
OI016703,O015871,M065,3
OI016704,O006220,M116,3
OI016705,O000117,M240,3
OI016706,O011312,M115,2
OI016707,O001167,M226,2
OI016708,O009627,M242,2
OI016709,O006449,M135,3
OI016710,O016306,M077,2
OI016711,O012973,M114,3
OI016712,O004369,M099,3
OI016713,O016976,M116,3
OI016714,O005355,M108,3
OI016715,O010514,M026,2
OI016716,O000013,M245,2
OI016717,O008519,M163,2
OI016718,O010954,M009,3
OI016719,O006267,M006,2
OI016720,O017030,M136,1
OI016721,O005731,M133,2
OI016722,O010433,M232,3
OI016723,O003859,M144,1
OI016724,O005465,M220,3
OI016725,O002285,M087,2
OI016726,O000040,M167,1
OI016727,O001476,M070,3
OI016728,O017882,M089,3
OI016729,O011901,M206,1
OI016730,O010249,M126,2
OI016731,O001589,M148,3
OI016732,O008161,M093,3
OI016733,O003641,M016,3
OI016734,O014456,M073,2
OI016735,O005371,M143,2
OI016736,O019721,M046,2
OI016737,O004244,M218,1
OI016738,O017876,M050,3
OI016739,O014605,M121,1
OI016740,O017164,M017,3
OI016741,O019350,M070,3
OI016742,O000607,M241,3
OI016743,O003777,M160,1
OI016744,O002374,M189,1
OI016745,O003086,M058,1
OI016746,O011206,M245,3
OI016747,O011390,M088,2
OI016748,O015199,M105,1
OI016749,O017703,M137,3
OI016750,O004397,M063,2
OI016751,O017224,M241,3
OI016752,O007884,M053,2
OI016753,O008648,M050,3
OI016754,O015026,M001,3
OI016755,O011779,M082,1
OI016756,O014016,M118,1
OI016757,O016776,M078,1
OI016758,O000432,M071,2
OI016759,O012126,M020,1
OI016760,O015545,M162,1
OI016761,O019150,M029,3
OI016762,O005051,M126,1
OI016763,O013452,M047,1
OI016764,O011626,M229,1
OI016765,O000177,M099,2
OI016766,O010402,M062,3
OI016767,O007557,M196,3
OI016768,O017358,M140,1
OI016769,O008689,M156,2
OI016770,O011277,M095,3
OI016771,O015083,M196,2
OI016772,O000979,M163,1
OI016773,O001977,M234,2
OI016774,O006674,M066,1
OI016775,O003194,M165,3
OI016776,O007691,M112,1
OI016777,O015661,M047,2
OI016778,O015949,M128,2
OI016779,O007730,M141,3
OI016780,O014770,M105,1
OI016781,O004722,M241,2
OI016782,O010690,M119,2
OI016783,O009271,M064,1
OI016784,O007602,M245,3
OI016785,O019856,M085,1
OI016786,O000566,M022,2
OI016787,O014868,M137,3
OI016788,O006170,M223,3
OI016789,O002218,M047,3
OI016790,O000076,M177,2
OI016791,O011578,M180,3
OI016792,O017015,M128,2
OI016793,O005233,M126,3
OI016794,O005489,M215,1
OI016795,O013623,M069,1
OI016796,O012490,M221,3
OI016797,O017131,M214,1
OI016798,O007959,M086,3
OI016799,O007591,M170,3
OI016800,O012667,M202,1
OI016801,O014945,M050,1
OI016802,O018408,M246,1
OI016803,O006257,M184,3
OI016804,O009993,M044,1
OI016805,O010196,M182,1
OI016806,O014362,M113,1
OI016807,O004301,M197,3
OI016808,O003172,M244,1
OI016809,O008316,M191,1
OI016810,O003589,M238,1
OI016811,O004307,M091,2
OI016812,O001438,M045,2
OI016813,O016268,M037,2
OI016814,O012089,M182,1
OI016815,O005873,M212,1
OI016816,O011130,M241,1
OI016817,O016546,M191,3
OI016818,O016308,M029,3
OI016819,O010813,M087,2
OI016820,O018069,M039,1
OI016821,O008424,M014,3
OI016822,O011216,M223,1
OI016823,O002918,M059,2
OI016824,O000077,M003,1
OI016825,O013065,M033,1
OI016826,O017293,M159,1
OI016827,O010454,M054,3
OI016828,O001447,M199,1
OI016829,O004056,M206,2
OI016830,O006657,M237,1
OI016831,O013507,M082,2
OI016832,O015980,M231,2
OI016833,O000662,M238,2
OI016834,O012755,M237,2
OI016835,O010239,M142,2
OI016836,O001312,M139,1
OI016837,O018515,M107,3
OI016838,O008828,M175,1
OI016839,O019028,M130,1
OI016840,O014146,M203,3
OI016841,O006568,M228,2
OI016842,O004014,M065,1
OI016843,O011567,M041,1
OI016844,O010561,M068,3
OI016845,O017473,M009,1
OI016846,O015571,M038,1
OI016847,O009787,M013,3
OI016848,O005026,M162,3
OI016849,O006584,M068,3
OI016850,O005860,M157,1
OI016851,O008714,M007,1
OI016852,O017266,M055,2
OI016853,O014279,M168,3
OI016854,O002849,M171,2
OI016855,O016312,M181,3
OI016856,O012236,M003,2
OI016857,O000872,M202,1
OI016858,O011890,M231,3
OI016859,O014227,M148,2
OI016860,O015589,M166,3
OI016861,O010368,M218,3
OI016862,O006611,M088,2
OI016863,O018140,M115,1
OI016864,O000692,M073,2
OI016865,O010915,M008,2
OI016866,O016154,M155,2
OI016867,O006182,M046,3
OI016868,O006942,M184,3
OI016869,O014590,M184,1
OI016870,O007070,M200,3
OI016871,O006801,M129,2
OI016872,O005862,M158,1
OI016873,O001592,M079,3
OI016874,O003128,M224,3
OI016875,O018024,M142,3
OI016876,O019309,M039,2
OI016877,O002078,M097,2
OI016878,O019595,M086,2
OI016879,O001806,M179,3
OI016880,O008647,M099,1
OI016881,O003241,M049,2
OI016882,O010150,M040,1
OI016883,O015301,M072,1
OI016884,O002470,M104,3
OI016885,O007031,M210,1
OI016886,O011730,M062,1
OI016887,O005007,M148,3
OI016888,O017522,M090,3
OI016889,O010325,M048,3
OI016890,O009118,M214,1
OI016891,O011290,M135,2
OI016892,O005491,M110,3
OI016893,O001856,M134,2
OI016894,O001303,M143,1
OI016895,O009412,M202,1
OI016896,O016533,M045,1
OI016897,O015069,M099,3
OI016898,O010954,M180,2
OI016899,O002036,M122,1
OI016900,O015571,M111,1
OI016901,O012291,M007,3
OI016902,O015764,M205,2
OI016903,O002410,M215,3
OI016904,O016245,M209,2
OI016905,O013958,M025,2
OI016906,O019838,M149,3
OI016907,O006043,M113,1
OI016908,O017387,M126,3
OI016909,O006010,M003,3
OI016910,O001078,M123,1
OI016911,O017854,M006,2
OI016912,O016735,M005,2
OI016913,O001173,M068,1
OI016914,O009712,M040,2
OI016915,O019015,M115,1
OI016916,O005799,M087,1
OI016917,O017176,M042,1
OI016918,O018360,M213,2
OI016919,O009358,M052,1
OI016920,O017080,M221,1
OI016921,O015844,M025,3
OI016922,O007102,M029,2
OI016923,O006132,M061,3
OI016924,O016846,M100,3
OI016925,O016026,M205,2
OI016926,O004997,M081,1
OI016927,O004366,M188,3
OI016928,O005986,M056,3
OI016929,O017159,M140,1
OI016930,O010686,M230,1
OI016931,O017719,M127,1
OI016932,O007251,M044,1
OI016933,O002671,M128,2
OI016934,O005426,M247,1
OI016935,O019795,M211,2
OI016936,O004118,M189,2
OI016937,O005521,M025,3
OI016938,O006119,M198,1
OI016939,O011358,M186,3
OI016940,O003326,M170,2
OI016941,O010248,M219,1
OI016942,O005078,M247,3
OI016943,O007160,M129,1
OI016944,O005928,M199,1
OI016945,O006846,M042,2
OI016946,O012512,M009,3
OI016947,O017362,M121,2
OI016948,O013032,M123,1
OI016949,O002170,M064,3
OI016950,O005939,M044,1
OI016951,O016841,M009,3
OI016952,O006724,M074,3
OI016953,O017252,M185,1
OI016954,O011648,M154,3
OI016955,O018974,M119,2
OI016956,O005701,M142,2
OI016957,O006798,M163,3
OI016958,O007549,M184,3
OI016959,O018391,M220,3
OI016960,O001699,M247,1
OI016961,O009849,M187,1
OI016962,O018675,M198,3
OI016963,O017171,M187,3
OI016964,O014785,M054,2
OI016965,O001186,M086,3
OI016966,O006066,M214,3
OI016967,O000428,M228,3
OI016968,O008932,M229,3
OI016969,O010552,M237,2
OI016970,O006990,M002,3
OI016971,O009643,M142,1
OI016972,O010574,M176,2
OI016973,O012258,M127,1
OI016974,O009043,M247,3
OI016975,O006645,M073,1
OI016976,O012735,M030,2
OI016977,O002161,M049,2
OI016978,O007359,M170,3
OI016979,O008218,M154,1
OI016980,O011491,M083,1
OI016981,O003636,M240,2
OI016982,O009406,M104,1
OI016983,O009577,M198,2
OI016984,O002017,M057,3
OI016985,O010259,M164,2
OI016986,O003305,M038,2
OI016987,O017050,M130,3
OI016988,O002800,M237,3
OI016989,O019951,M214,1
OI016990,O007664,M039,2
OI016991,O011647,M019,3
OI016992,O015525,M053,3
OI016993,O015164,M213,2
OI016994,O004284,M006,1
OI016995,O015044,M028,2
OI016996,O008442,M190,1
OI016997,O019166,M130,3
OI016998,O013371,M124,1
OI016999,O007184,M045,1
OI017000,O009647,M235,1
OI017001,O008750,M060,2
OI017002,O008767,M168,1
OI017003,O002473,M164,3
OI017004,O013469,M205,1
OI017005,O012608,M109,3
OI017006,O007649,M202,1
OI017007,O012277,M142,3
OI017008,O013334,M198,2
OI017009,O018751,M115,1
OI017010,O006547,M040,2
OI017011,O008695,M121,2
OI017012,O018373,M149,3
OI017013,O010377,M144,1
OI017014,O002429,M138,3
OI017015,O010158,M073,3
OI017016,O014966,M123,3
OI017017,O009902,M212,3
OI017018,O005527,M153,2
OI017019,O000447,M165,3
OI017020,O004352,M096,2
OI017021,O001671,M136,3
OI017022,O011762,M061,1
OI017023,O013189,M078,1
OI017024,O009321,M093,1
OI017025,O002942,M103,2
OI017026,O010329,M088,1
OI017027,O005831,M121,1
OI017028,O019227,M115,3
OI017029,O007349,M032,2
OI017030,O013721,M088,3
OI017031,O017883,M107,2
OI017032,O015542,M231,1
OI017033,O000344,M201,2
OI017034,O008410,M080,2
OI017035,O015453,M061,3
OI017036,O018919,M124,1
OI017037,O013550,M172,2
OI017038,O010402,M014,2
OI017039,O019184,M248,1
OI017040,O004426,M134,2
OI017041,O019794,M028,3
OI017042,O000502,M044,3
OI017043,O011933,M106,3
OI017044,O008569,M170,1
OI017045,O011033,M199,3
OI017046,O019811,M145,2
OI017047,O005449,M059,1
OI017048,O009621,M158,3
OI017049,O019536,M007,1
OI017050,O013109,M207,2
OI017051,O018713,M008,2
OI017052,O018355,M048,2
OI017053,O001328,M120,3
OI017054,O005739,M200,1
OI017055,O008777,M080,1
OI017056,O000527,M191,3
OI017057,O014817,M207,3
OI017058,O009698,M149,2
OI017059,O011083,M171,3
OI017060,O002337,M098,3
OI017061,O003686,M229,1
OI017062,O011224,M010,3
OI017063,O018567,M201,3
OI017064,O006023,M008,1
OI017065,O015275,M104,1
OI017066,O018506,M162,3
OI017067,O002136,M084,2
OI017068,O000975,M119,3
OI017069,O002330,M049,1
OI017070,O012942,M075,3
OI017071,O004560,M152,2
OI017072,O019394,M106,3
OI017073,O018035,M153,1
OI017074,O017283,M071,1
OI017075,O008184,M019,2
OI017076,O013333,M148,1
OI017077,O019613,M016,2
OI017078,O011552,M059,3
OI017079,O014065,M098,2
OI017080,O006871,M054,3
OI017081,O014718,M108,2
OI017082,O007933,M247,3
OI017083,O004047,M054,3
OI017084,O004112,M034,1
OI017085,O007412,M237,1
OI017086,O013062,M010,1
OI017087,O005625,M122,1
OI017088,O013673,M016,1
OI017089,O007761,M173,3
OI017090,O007342,M092,1
OI017091,O006149,M051,3
OI017092,O001649,M051,2
OI017093,O009195,M188,3
OI017094,O008276,M049,3
OI017095,O011356,M059,1
OI017096,O014003,M022,1
OI017097,O019279,M184,2
OI017098,O010911,M080,3
OI017099,O001892,M209,3
OI017100,O019534,M108,2
OI017101,O008867,M171,1
OI017102,O014468,M007,3
OI017103,O009731,M117,3
OI017104,O014961,M037,2
OI017105,O011245,M121,2
OI017106,O011526,M001,3
OI017107,O002482,M243,2
OI017108,O000645,M058,3
OI017109,O004091,M130,2
OI017110,O005503,M035,3
OI017111,O015509,M140,3
OI017112,O013919,M150,2
OI017113,O000602,M183,2
OI017114,O011626,M107,1
OI017115,O019340,M075,3
OI017116,O016637,M235,1
OI017117,O018415,M137,2
OI017118,O004933,M132,1
OI017119,O019608,M248,1
OI017120,O011789,M244,1
OI017121,O006437,M004,1
OI017122,O009492,M110,2
OI017123,O016973,M118,2
OI017124,O000629,M016,2
OI017125,O014684,M096,3
OI017126,O010019,M019,2
OI017127,O008476,M123,2
OI017128,O017825,M173,1
OI017129,O007397,M008,3
OI017130,O009773,M114,3
OI017131,O019419,M076,1
OI017132,O002313,M038,2
OI017133,O002296,M116,1
OI017134,O012402,M094,2
OI017135,O019664,M233,1
OI017136,O004739,M114,3
OI017137,O011632,M145,2
OI017138,O008419,M240,1
OI017139,O016814,M086,1
OI017140,O008709,M173,2
OI017141,O008983,M224,3
OI017142,O011041,M200,3
OI017143,O014387,M084,2
OI017144,O005584,M193,1
OI017145,O008373,M180,2
OI017146,O007068,M150,3
OI017147,O012023,M118,2
OI017148,O018205,M198,2
OI017149,O001655,M239,1
OI017150,O000469,M231,2
OI017151,O000974,M237,2
OI017152,O001844,M119,3
OI017153,O004684,M075,1
OI017154,O000396,M099,2
OI017155,O017594,M155,1
OI017156,O018130,M048,1
OI017157,O015513,M203,2
OI017158,O002510,M077,2
OI017159,O007995,M228,1
OI017160,O016798,M017,1
OI017161,O016185,M157,1
OI017162,O015770,M159,3
OI017163,O017528,M027,2
OI017164,O019544,M079,3
OI017165,O014698,M173,1
OI017166,O002645,M112,2
OI017167,O002391,M156,3
OI017168,O013599,M210,1
OI017169,O019907,M104,1
OI017170,O010356,M152,2
OI017171,O004303,M159,3
OI017172,O018544,M139,2
OI017173,O015922,M045,1
OI017174,O003919,M111,1
OI017175,O009352,M085,3
OI017176,O005517,M113,2
OI017177,O017714,M205,3
OI017178,O006039,M068,1
OI017179,O003241,M250,2
OI017180,O000640,M102,1
OI017181,O013048,M132,2
OI017182,O012164,M217,1
OI017183,O014555,M033,3
OI017184,O004183,M247,3
OI017185,O013790,M006,3
OI017186,O018918,M174,1
OI017187,O019835,M039,3
OI017188,O019571,M142,1
OI017189,O014648,M220,1
OI017190,O011973,M060,1
OI017191,O002379,M010,3
OI017192,O016852,M050,3
OI017193,O011898,M060,1
OI017194,O003965,M244,3
OI017195,O014151,M087,2
OI017196,O000572,M014,3
OI017197,O005413,M021,1
OI017198,O010180,M165,2
OI017199,O014678,M001,1
OI017200,O009609,M166,2
OI017201,O006307,M219,1
OI017202,O019408,M029,2
OI017203,O014532,M121,1
OI017204,O010051,M007,3
OI017205,O007073,M177,2
OI017206,O006352,M222,2
OI017207,O006838,M040,3
OI017208,O018487,M227,2
OI017209,O009188,M026,3
OI017210,O005282,M162,3
OI017211,O003565,M091,2
OI017212,O009310,M060,1
OI017213,O005239,M004,2
OI017214,O011696,M072,2
OI017215,O005557,M068,1
OI017216,O005452,M170,1
OI017217,O002818,M047,1
OI017218,O019238,M011,2
OI017219,O011537,M123,1
OI017220,O016100,M071,3
OI017221,O009425,M097,2
OI017222,O012500,M028,3
OI017223,O007011,M032,1
OI017224,O001781,M122,3
OI017225,O004203,M110,2
OI017226,O019579,M119,2
OI017227,O007052,M226,2
OI017228,O001969,M124,2
OI017229,O000936,M012,1
OI017230,O017353,M151,2
OI017231,O001003,M147,1
OI017232,O003312,M178,3
OI017233,O004847,M136,2
OI017234,O012825,M211,3
OI017235,O016435,M019,3
OI017236,O011711,M120,2
OI017237,O008818,M188,2
OI017238,O003969,M049,1
OI017239,O016820,M092,3
OI017240,O017664,M143,2
OI017241,O019971,M216,3
OI017242,O013276,M189,1
OI017243,O006329,M240,1
OI017244,O004075,M094,2
OI017245,O016994,M095,1
OI017246,O014528,M136,2
OI017247,O019864,M105,3
OI017248,O006916,M077,1
OI017249,O016979,M105,2
OI017250,O007074,M055,1
OI017251,O017577,M147,1
OI017252,O000746,M246,2
OI017253,O012071,M155,2
OI017254,O016071,M034,3
OI017255,O005803,M129,1
OI017256,O007489,M227,2
OI017257,O014988,M032,2
OI017258,O010520,M103,2
OI017259,O005038,M090,1
OI017260,O000126,M089,3
OI017261,O006028,M059,2
OI017262,O016508,M168,1
OI017263,O014008,M204,3
OI017264,O009741,M054,3
OI017265,O011951,M214,3
OI017266,O014939,M111,1
OI017267,O011544,M004,1
OI017268,O004750,M153,2
OI017269,O011183,M144,2
OI017270,O014523,M180,3
OI017271,O018251,M028,3
OI017272,O016588,M242,2
OI017273,O004714,M184,2
OI017274,O005721,M077,2
OI017275,O006757,M025,1
OI017276,O010392,M165,1
OI017277,O014588,M167,3
OI017278,O000025,M111,3
OI017279,O013790,M086,1
OI017280,O000321,M204,1
OI017281,O012204,M195,3
OI017282,O002438,M159,2
OI017283,O001218,M172,2
OI017284,O016358,M055,1
OI017285,O012882,M114,2
OI017286,O002061,M005,2
OI017287,O008468,M200,1
OI017288,O010878,M109,1
OI017289,O014284,M243,1
OI017290,O005915,M127,3
OI017291,O010840,M076,2
OI017292,O013400,M238,2
OI017293,O015785,M201,3
OI017294,O013407,M091,1
OI017295,O008137,M032,2
OI017296,O011822,M217,2
OI017297,O005570,M241,1
OI017298,O008336,M230,3
OI017299,O012572,M231,1
OI017300,O014702,M134,3
OI017301,O015869,M038,2
OI017302,O018627,M221,3
OI017303,O009624,M100,1
OI017304,O017773,M067,1
OI017305,O009072,M049,2
OI017306,O006491,M129,2
OI017307,O013142,M031,2
OI017308,O018829,M115,3
OI017309,O000499,M113,3
OI017310,O002845,M001,1
OI017311,O005250,M228,3
OI017312,O006060,M017,3
OI017313,O007104,M076,1
OI017314,O006795,M128,1
OI017315,O012732,M092,3
OI017316,O001176,M116,3
OI017317,O017192,M122,2
OI017318,O001951,M138,1
OI017319,O012707,M120,3
OI017320,O002969,M002,3
OI017321,O019888,M009,2
OI017322,O011935,M096,3
OI017323,O008723,M246,1
OI017324,O001812,M236,2
OI017325,O005780,M243,2
OI017326,O006079,M054,2
OI017327,O007923,M043,2
OI017328,O007349,M096,3
OI017329,O018198,M250,1
OI017330,O002143,M239,3
OI017331,O003535,M183,3
OI017332,O003397,M031,1
OI017333,O005989,M116,1
OI017334,O005081,M110,1
OI017335,O005442,M066,2
OI017336,O002600,M204,2
OI017337,O003108,M192,3
OI017338,O019494,M175,2
OI017339,O012454,M006,3
OI017340,O013954,M246,3
OI017341,O001001,M117,1
OI017342,O011338,M003,1
OI017343,O000967,M059,3
OI017344,O016818,M148,3
OI017345,O008715,M238,1
OI017346,O001102,M165,3
OI017347,O010393,M082,2
OI017348,O004403,M071,2
OI017349,O006923,M069,3
OI017350,O019970,M159,3
OI017351,O010839,M113,1
OI017352,O003321,M171,3
OI017353,O000182,M093,1
OI017354,O007383,M073,2
OI017355,O002849,M035,1
OI017356,O013979,M216,3
OI017357,O010529,M141,3
OI017358,O016538,M215,1
OI017359,O008788,M040,2
OI017360,O016382,M118,1
OI017361,O011958,M182,2
OI017362,O009182,M144,2
OI017363,O003927,M135,1
OI017364,O000034,M193,2
OI017365,O006966,M178,2
OI017366,O009032,M132,2
OI017367,O006018,M001,3
OI017368,O010993,M150,3
OI017369,O005999,M195,2
OI017370,O015764,M103,3
OI017371,O010887,M150,3
OI017372,O012771,M176,2
OI017373,O002565,M188,1
OI017374,O007776,M029,2
OI017375,O016425,M168,1
OI017376,O014996,M141,3
OI017377,O007838,M016,1
OI017378,O000328,M133,2
OI017379,O001083,M007,1
OI017380,O008179,M153,1
OI017381,O006536,M008,1
OI017382,O011911,M105,3
OI017383,O018468,M046,1
OI017384,O010083,M019,3
OI017385,O015462,M138,2
OI017386,O001220,M132,1
OI017387,O012332,M170,3
OI017388,O001382,M047,2
OI017389,O004070,M054,3
OI017390,O005253,M191,2
OI017391,O016421,M091,1
OI017392,O003606,M065,2
OI017393,O005398,M191,2
OI017394,O005679,M159,3
OI017395,O003254,M076,3
OI017396,O007650,M209,2
OI017397,O001885,M098,3
OI017398,O002382,M034,1
OI017399,O004747,M062,3
OI017400,O012014,M201,1
OI017401,O005404,M069,2
OI017402,O019406,M172,3
OI017403,O011420,M015,2
OI017404,O018836,M148,2
OI017405,O017988,M090,2
OI017406,O009440,M209,2
OI017407,O008100,M021,1
OI017408,O001007,M237,2
OI017409,O016979,M015,3
OI017410,O017914,M207,2
OI017411,O017924,M006,1
OI017412,O015281,M175,3
OI017413,O001102,M204,1
OI017414,O014856,M147,2
OI017415,O011002,M139,2
OI017416,O009052,M166,3
OI017417,O004679,M042,2
OI017418,O008958,M067,2
OI017419,O013282,M191,2
OI017420,O006955,M154,3
OI017421,O011501,M082,1
OI017422,O019155,M114,3
OI017423,O000461,M242,1
OI017424,O007312,M107,3
OI017425,O013480,M075,3
OI017426,O014067,M049,2
OI017427,O004425,M106,3
OI017428,O010163,M033,3
OI017429,O016344,M031,2
OI017430,O010609,M059,2
OI017431,O000164,M029,3
OI017432,O003321,M085,2
OI017433,O012973,M246,3
OI017434,O015497,M109,2
OI017435,O010831,M041,1
OI017436,O003428,M121,2
OI017437,O002266,M003,1
OI017438,O018042,M172,3
OI017439,O012409,M080,1
OI017440,O007128,M197,2
OI017441,O018976,M108,2
OI017442,O019195,M021,2
OI017443,O019685,M240,1
OI017444,O017066,M147,2
OI017445,O013477,M108,1
OI017446,O016702,M117,1
OI017447,O015941,M176,1
OI017448,O004929,M144,1
OI017449,O004199,M159,2
OI017450,O001107,M180,1
OI017451,O006464,M146,3
OI017452,O005516,M171,2
OI017453,O002758,M238,2
OI017454,O016728,M202,2
OI017455,O006032,M154,3
OI017456,O012545,M196,3
OI017457,O018591,M005,1
OI017458,O012435,M153,2
OI017459,O017128,M122,1
OI017460,O008807,M086,3
OI017461,O015616,M038,1
OI017462,O019472,M126,3
OI017463,O014430,M163,3
OI017464,O007131,M019,2
OI017465,O002829,M111,1
OI017466,O013526,M209,3
OI017467,O015952,M031,3
OI017468,O000376,M129,1
OI017469,O010390,M233,2
OI017470,O003378,M084,2
OI017471,O004185,M007,3
OI017472,O005234,M001,1
OI017473,O004803,M180,2
OI017474,O000992,M029,2
OI017475,O005358,M226,2
OI017476,O000319,M203,1
OI017477,O002989,M144,1
OI017478,O010669,M171,1
OI017479,O017256,M243,1
OI017480,O017967,M007,2
OI017481,O014356,M195,1
OI017482,O017185,M191,3
OI017483,O019647,M052,3
OI017484,O008265,M090,2
OI017485,O001785,M141,1
OI017486,O008498,M245,3
OI017487,O010153,M185,2
OI017488,O000248,M144,3
OI017489,O011956,M016,3
OI017490,O006928,M072,2
OI017491,O014687,M148,3
OI017492,O008481,M214,3
OI017493,O012701,M172,2
OI017494,O013904,M183,1
OI017495,O017723,M039,2
OI017496,O015138,M169,3
OI017497,O019091,M233,2
OI017498,O004130,M020,2
OI017499,O001521,M142,2
OI017500,O016586,M222,2
OI017501,O019334,M216,1
OI017502,O018834,M028,1
OI017503,O007234,M243,2
OI017504,O012239,M250,2
OI017505,O007942,M236,2
OI017506,O019561,M066,1
OI017507,O010303,M044,2
OI017508,O006357,M035,2
OI017509,O007092,M114,3
OI017510,O018576,M023,3
OI017511,O001842,M116,2
OI017512,O010226,M109,3
OI017513,O011271,M091,2
OI017514,O001824,M052,3
OI017515,O018725,M179,1
OI017516,O016377,M021,3
OI017517,O018574,M086,3
OI017518,O011754,M185,3
OI017519,O016751,M177,3
OI017520,O015823,M073,3
OI017521,O007693,M174,2
OI017522,O007609,M134,3
OI017523,O003016,M009,1
OI017524,O019558,M111,3
OI017525,O009730,M180,2
OI017526,O013109,M231,1
OI017527,O002188,M132,1
OI017528,O009564,M244,2
OI017529,O002821,M238,3
OI017530,O007460,M078,1
OI017531,O010106,M003,1
OI017532,O008695,M056,3
OI017533,O011401,M034,2
OI017534,O001672,M159,1
OI017535,O010082,M091,2
OI017536,O002402,M229,3
OI017537,O012724,M170,2
OI017538,O005060,M159,1
OI017539,O000131,M169,3
OI017540,O007914,M147,1
OI017541,O003166,M069,3
OI017542,O006859,M211,2
OI017543,O008099,M103,2
OI017544,O019134,M238,2
OI017545,O002454,M236,3
OI017546,O019318,M206,1
OI017547,O011488,M077,1
OI017548,O014375,M137,3
OI017549,O009754,M245,1
OI017550,O019745,M049,1
OI017551,O016077,M108,3
OI017552,O001932,M209,3
OI017553,O017672,M165,1
OI017554,O018305,M004,2
OI017555,O017096,M103,3
OI017556,O014814,M096,3
OI017557,O019630,M020,1
OI017558,O010283,M124,2
OI017559,O000832,M008,3
OI017560,O010154,M132,1
OI017561,O018389,M208,2
OI017562,O006679,M229,3
OI017563,O003576,M095,2
OI017564,O000859,M086,2
OI017565,O001965,M144,1
OI017566,O003723,M125,1
OI017567,O009321,M151,2
OI017568,O019208,M076,1
OI017569,O017551,M177,3
OI017570,O013254,M145,2
OI017571,O009994,M157,2
OI017572,O000560,M112,3
OI017573,O002982,M084,3
OI017574,O014374,M205,2
OI017575,O006316,M101,1
OI017576,O013040,M208,1
OI017577,O000028,M104,3
OI017578,O010303,M055,1
OI017579,O001021,M051,3
OI017580,O019069,M137,3
OI017581,O000365,M079,3
OI017582,O003835,M127,1
OI017583,O007731,M181,2
OI017584,O017080,M082,2
OI017585,O016798,M187,2
OI017586,O001706,M184,3
OI017587,O013521,M169,1
OI017588,O008673,M044,3
OI017589,O014639,M028,1
OI017590,O012644,M048,1
OI017591,O005104,M164,1
OI017592,O009222,M104,3
OI017593,O003842,M155,2
OI017594,O007918,M034,1
OI017595,O005617,M140,1
OI017596,O001134,M153,2
OI017597,O000010,M014,1
OI017598,O017680,M068,3
OI017599,O010506,M189,1
OI017600,O018281,M078,1
OI017601,O013851,M086,2
OI017602,O008662,M210,3
OI017603,O001460,M113,1
OI017604,O019430,M064,1
OI017605,O002803,M155,3
OI017606,O003415,M202,3
OI017607,O015519,M028,3
OI017608,O007552,M209,3
OI017609,O002407,M204,2
OI017610,O002182,M079,3
OI017611,O016002,M006,1
OI017612,O008510,M172,3
OI017613,O009311,M075,1
OI017614,O008445,M113,2
OI017615,O005099,M192,2
OI017616,O015004,M195,1
OI017617,O008761,M175,1
OI017618,O002303,M175,2
OI017619,O009782,M091,3
OI017620,O009728,M187,1
OI017621,O006000,M218,2
OI017622,O009094,M223,3
OI017623,O006475,M021,1
OI017624,O016332,M215,1
OI017625,O000841,M058,3
OI017626,O004418,M080,3
OI017627,O007899,M240,2
OI017628,O001222,M232,1
OI017629,O007514,M102,1
OI017630,O002551,M097,2
OI017631,O014466,M240,1
OI017632,O009581,M168,2
OI017633,O003655,M017,3
OI017634,O018650,M186,2
OI017635,O005309,M066,3
OI017636,O016709,M074,1
OI017637,O000809,M117,1
OI017638,O007857,M023,1
OI017639,O015197,M061,1
OI017640,O001974,M072,2
OI017641,O003754,M138,2
OI017642,O018815,M064,1
OI017643,O000781,M132,3
OI017644,O018523,M084,1
OI017645,O013172,M030,1
OI017646,O010215,M104,3
OI017647,O018719,M248,1
OI017648,O005193,M094,1
OI017649,O018215,M151,1
OI017650,O012929,M145,1
OI017651,O013763,M220,1
OI017652,O002355,M151,2
OI017653,O011989,M099,3
OI017654,O015343,M177,3
OI017655,O019740,M041,2
OI017656,O016140,M066,2
OI017657,O001494,M191,1
OI017658,O016423,M005,2
OI017659,O001044,M046,1
OI017660,O017378,M007,1
OI017661,O018873,M063,1
OI017662,O017793,M155,1
OI017663,O006220,M180,3
OI017664,O013777,M186,3
OI017665,O009892,M167,1
OI017666,O002314,M068,1
OI017667,O003183,M049,2
OI017668,O005031,M066,2
OI017669,O018674,M183,1
OI017670,O002275,M027,2
OI017671,O015769,M179,2
OI017672,O019482,M020,1
OI017673,O008397,M078,3
OI017674,O006806,M219,2
OI017675,O007047,M122,2
OI017676,O006611,M134,1
OI017677,O014167,M118,1
OI017678,O010407,M228,3
OI017679,O005045,M232,3
OI017680,O016678,M069,1
OI017681,O001457,M111,1
OI017682,O007606,M068,3
OI017683,O018816,M072,2
OI017684,O017907,M169,2
OI017685,O007852,M068,3
OI017686,O001881,M147,2
OI017687,O010541,M236,3
OI017688,O012463,M016,2
OI017689,O002678,M075,2
OI017690,O013704,M139,1
OI017691,O002234,M014,2
OI017692,O005041,M212,3
OI017693,O001724,M178,1
OI017694,O005321,M090,2
OI017695,O009438,M049,3
OI017696,O005080,M019,2
OI017697,O016851,M033,3
OI017698,O001371,M238,1
OI017699,O016690,M061,3
OI017700,O008133,M218,3
OI017701,O013559,M112,2
OI017702,O010163,M145,2
OI017703,O015108,M202,3
OI017704,O014765,M126,1
OI017705,O015845,M046,3
OI017706,O016737,M062,1
OI017707,O002052,M055,1
OI017708,O007765,M142,1
OI017709,O013391,M065,3
OI017710,O016497,M184,2
OI017711,O019775,M055,1
OI017712,O015009,M213,1
OI017713,O015249,M058,3
OI017714,O003551,M173,3
OI017715,O006889,M110,2
OI017716,O006598,M116,1
OI017717,O000270,M232,3
OI017718,O005151,M131,1
OI017719,O013712,M013,1
OI017720,O009508,M025,1
OI017721,O018196,M183,2
OI017722,O009560,M232,1
OI017723,O004198,M241,3
OI017724,O011484,M120,3
OI017725,O005432,M111,1
OI017726,O012806,M064,2
OI017727,O016461,M052,1
OI017728,O017852,M174,3
OI017729,O013730,M071,1
OI017730,O012996,M130,2
OI017731,O006489,M250,1
OI017732,O016969,M102,1
OI017733,O001222,M078,2
OI017734,O018184,M059,1
OI017735,O001396,M064,2
OI017736,O004746,M001,2
OI017737,O019344,M012,2
OI017738,O006929,M247,1
OI017739,O004879,M109,1
OI017740,O013779,M090,1
OI017741,O010995,M250,3
OI017742,O002502,M058,1
OI017743,O016245,M121,3
OI017744,O015729,M146,2
OI017745,O009158,M243,2
OI017746,O004894,M169,3
OI017747,O001761,M090,2
OI017748,O004344,M024,3
OI017749,O016979,M093,1
OI017750,O002503,M227,3
OI017751,O014981,M038,1
OI017752,O011962,M120,3
OI017753,O015176,M158,3
OI017754,O019286,M042,1
OI017755,O009764,M095,3
OI017756,O005337,M029,3
OI017757,O019242,M077,1
OI017758,O003681,M113,2
OI017759,O012414,M151,3
OI017760,O009214,M011,2
OI017761,O013602,M099,1
OI017762,O017291,M009,3
OI017763,O005954,M111,3
OI017764,O016827,M122,1
OI017765,O004742,M061,3
OI017766,O013434,M227,2
OI017767,O002205,M189,3
OI017768,O002044,M158,2
OI017769,O002964,M039,2
OI017770,O005043,M014,2
OI017771,O017914,M126,1
OI017772,O015094,M234,2
OI017773,O016202,M113,3
OI017774,O001342,M140,2
OI017775,O002308,M048,3
OI017776,O009797,M181,3
OI017777,O006684,M222,1
OI017778,O013663,M003,1
OI017779,O000956,M022,1
OI017780,O004273,M088,1
OI017781,O014893,M016,2
OI017782,O013401,M219,1
OI017783,O007098,M170,3
OI017784,O017893,M139,2
OI017785,O019414,M165,1
OI017786,O009206,M247,1
OI017787,O010971,M218,2
OI017788,O002632,M250,2
OI017789,O013767,M135,1
OI017790,O011378,M004,3
OI017791,O002095,M075,1
OI017792,O000948,M183,1
OI017793,O013227,M237,1
OI017794,O003579,M093,3
OI017795,O003144,M183,2
OI017796,O009127,M073,2
OI017797,O011309,M250,1
OI017798,O012802,M076,1
OI017799,O009375,M182,3
OI017800,O006701,M115,1
OI017801,O017514,M237,2
OI017802,O006204,M235,2
OI017803,O017693,M072,1
OI017804,O006705,M124,1
OI017805,O002620,M135,2
OI017806,O013487,M089,1
OI017807,O019159,M218,3
OI017808,O013009,M166,2
OI017809,O012309,M083,3
OI017810,O013606,M171,1
OI017811,O016830,M189,3
OI017812,O008918,M120,3
OI017813,O016882,M070,3
OI017814,O010068,M246,3
OI017815,O000624,M187,3
OI017816,O002114,M173,2
OI017817,O008873,M109,3
OI017818,O007533,M231,3
OI017819,O006745,M203,1
OI017820,O010333,M211,3
OI017821,O011484,M210,1
OI017822,O019626,M248,3
OI017823,O007258,M166,1
OI017824,O016820,M156,3
OI017825,O008996,M088,2
OI017826,O007474,M029,2
OI017827,O004862,M137,3
OI017828,O007978,M068,1
OI017829,O003719,M195,1
OI017830,O008436,M080,2
OI017831,O010979,M144,2
OI017832,O013375,M123,2
OI017833,O009315,M007,2
OI017834,O012933,M228,1
OI017835,O009972,M250,3
OI017836,O019029,M033,1
OI017837,O013527,M015,2
OI017838,O019658,M175,3
OI017839,O011370,M197,1
OI017840,O013445,M176,3
OI017841,O016639,M111,1
OI017842,O008343,M158,3
OI017843,O007027,M007,2
OI017844,O014754,M062,1
OI017845,O002403,M249,3
OI017846,O007850,M239,1
OI017847,O000221,M023,2
OI017848,O012745,M104,2
OI017849,O001038,M181,3
OI017850,O008156,M208,1
OI017851,O006827,M197,3
OI017852,O008862,M236,3
OI017853,O010418,M227,3
OI017854,O009393,M125,2
OI017855,O007055,M211,1
OI017856,O015097,M231,1
OI017857,O006946,M227,3
OI017858,O017454,M005,1
OI017859,O002883,M174,2
OI017860,O005485,M244,2
OI017861,O014143,M140,3
OI017862,O018575,M059,3
OI017863,O019622,M152,1
OI017864,O015147,M135,1
OI017865,O010102,M032,2
OI017866,O017635,M140,1
OI017867,O014931,M127,2
OI017868,O009115,M080,1
OI017869,O012324,M233,3
OI017870,O018079,M179,3
OI017871,O006922,M139,2
OI017872,O002012,M034,1
OI017873,O004261,M193,3
OI017874,O000257,M134,2
OI017875,O015798,M043,3
OI017876,O019242,M045,1
OI017877,O009215,M040,1
OI017878,O018699,M160,1
OI017879,O013932,M057,1
OI017880,O013056,M163,1
OI017881,O017918,M053,2
OI017882,O018195,M140,3
OI017883,O011071,M001,1
OI017884,O001651,M212,2
OI017885,O015055,M105,2
OI017886,O003359,M097,1
OI017887,O013537,M066,2
OI017888,O008487,M141,2
OI017889,O005728,M069,1
OI017890,O015017,M061,2
OI017891,O000249,M193,1
OI017892,O010833,M155,3
OI017893,O000984,M022,1
OI017894,O017709,M154,1
OI017895,O011758,M124,2
OI017896,O001674,M038,3
OI017897,O008220,M154,2
OI017898,O018476,M119,1
OI017899,O012946,M222,2
OI017900,O010448,M211,1
OI017901,O001019,M172,3
OI017902,O006234,M038,1
OI017903,O019642,M017,3
OI017904,O001903,M194,2
OI017905,O014934,M016,1
OI017906,O003787,M087,3
OI017907,O018749,M243,3
OI017908,O002013,M137,1
OI017909,O010954,M099,1
OI017910,O012249,M148,1
OI017911,O007531,M030,1
OI017912,O010691,M158,1
OI017913,O016767,M007,2
OI017914,O011972,M040,3
OI017915,O001706,M121,3
OI017916,O014377,M215,3
OI017917,O017735,M061,3
OI017918,O007890,M079,3
OI017919,O008249,M229,3
OI017920,O004460,M122,1
OI017921,O017204,M101,2
OI017922,O012207,M007,2
OI017923,O006856,M215,1
OI017924,O007283,M111,3
OI017925,O001064,M020,3
OI017926,O018476,M188,1
OI017927,O009259,M071,3
OI017928,O002761,M141,2
OI017929,O000241,M041,2
OI017930,O014069,M074,2
OI017931,O007025,M135,2
OI017932,O003059,M083,1
OI017933,O011340,M183,1
OI017934,O008450,M189,1
OI017935,O012533,M213,1
OI017936,O005779,M051,1
OI017937,O007904,M228,3
OI017938,O017568,M176,3
OI017939,O004316,M245,1
OI017940,O006011,M241,1
OI017941,O007592,M232,1
OI017942,O008786,M057,1
OI017943,O019074,M214,3
OI017944,O019772,M025,2
OI017945,O013294,M105,2
OI017946,O017938,M112,2
OI017947,O011421,M024,2
OI017948,O018949,M115,2
OI017949,O005607,M098,2
OI017950,O013931,M019,3
OI017951,O005867,M082,3
OI017952,O002360,M075,1
OI017953,O012123,M178,1
OI017954,O006696,M012,3
OI017955,O018188,M078,1
OI017956,O019286,M202,2
OI017957,O000957,M143,3
OI017958,O002142,M009,2
OI017959,O001778,M031,3
OI017960,O014424,M039,3
OI017961,O012886,M206,2
OI017962,O011934,M196,3
OI017963,O003187,M207,3
OI017964,O003020,M050,2
OI017965,O014722,M117,2
OI017966,O017510,M160,2
OI017967,O000219,M108,2
OI017968,O015932,M116,2
OI017969,O015995,M134,1
OI017970,O006167,M079,2
OI017971,O003410,M119,3
OI017972,O007819,M232,1
OI017973,O017530,M092,3
OI017974,O017788,M118,3
OI017975,O005615,M249,3
OI017976,O014112,M068,2
OI017977,O015067,M082,2
OI017978,O001105,M107,3
OI017979,O012935,M208,2
OI017980,O019775,M094,1
OI017981,O006192,M202,1
OI017982,O004201,M051,1
OI017983,O009443,M070,1
OI017984,O018090,M052,3
OI017985,O007036,M171,3
OI017986,O009939,M051,2
OI017987,O005308,M198,1
OI017988,O007750,M150,1
OI017989,O017637,M011,1
OI017990,O014452,M171,1
OI017991,O019943,M009,3
OI017992,O009413,M246,3
OI017993,O011012,M040,3
OI017994,O015728,M122,2
OI017995,O010563,M197,1
OI017996,O011110,M181,1
OI017997,O000983,M033,3
OI017998,O013228,M118,1
OI017999,O001356,M240,3
OI018000,O002926,M110,1
OI018001,O003631,M166,1
OI018002,O009398,M204,1
OI018003,O012815,M093,2
OI018004,O002801,M194,1
OI018005,O018605,M003,3
OI018006,O009745,M223,3
OI018007,O012778,M156,2
OI018008,O006487,M204,3
OI018009,O002555,M030,3
OI018010,O013749,M185,3
OI018011,O019922,M230,3
OI018012,O008993,M109,2
OI018013,O010674,M120,2
OI018014,O000696,M147,3
OI018015,O000536,M085,3
OI018016,O001177,M045,1
OI018017,O016067,M226,3
OI018018,O016932,M248,3
OI018019,O019561,M200,2
OI018020,O017192,M132,3
OI018021,O015273,M245,3
OI018022,O001492,M024,3
OI018023,O009609,M024,1
OI018024,O011404,M174,1
OI018025,O007877,M170,2
OI018026,O000919,M241,1
OI018027,O001693,M236,2
OI018028,O001406,M113,3
OI018029,O018660,M178,2
OI018030,O002050,M051,3
OI018031,O006684,M163,1
OI018032,O001723,M169,2
OI018033,O011797,M025,3
OI018034,O009547,M176,2
OI018035,O012449,M051,2
OI018036,O015861,M222,3
OI018037,O019579,M150,3
OI018038,O005981,M006,2
OI018039,O015132,M144,1
OI018040,O018552,M039,1
OI018041,O006096,M038,1
OI018042,O001580,M030,3
OI018043,O007793,M177,1
OI018044,O005608,M249,3
OI018045,O005595,M192,1
OI018046,O004931,M130,1
OI018047,O001868,M120,1
OI018048,O007803,M144,3
OI018049,O007885,M055,1
OI018050,O016801,M050,2
OI018051,O008313,M215,3
OI018052,O000749,M123,1
OI018053,O016229,M010,1
OI018054,O010835,M177,3
OI018055,O012562,M200,1
OI018056,O005965,M003,3
OI018057,O009384,M019,3
OI018058,O001858,M045,1
OI018059,O002419,M205,2
OI018060,O017815,M215,1
OI018061,O003356,M004,2
OI018062,O006971,M168,1
OI018063,O008355,M058,1
OI018064,O006813,M228,2
OI018065,O007009,M118,1
OI018066,O015129,M227,2
OI018067,O018743,M223,1
OI018068,O006376,M250,1
OI018069,O011245,M233,2
OI018070,O004203,M040,2
OI018071,O003501,M048,2
OI018072,O001891,M047,2
OI018073,O017970,M202,2
OI018074,O008778,M105,2
OI018075,O007637,M186,1
OI018076,O007094,M206,1
OI018077,O014700,M164,3
OI018078,O006519,M103,2
OI018079,O007348,M074,3
OI018080,O007901,M198,3
OI018081,O005922,M180,3
OI018082,O002905,M140,1
OI018083,O000229,M203,3
OI018084,O004103,M076,3
OI018085,O008877,M031,2
OI018086,O013903,M143,2
OI018087,O002730,M081,2
OI018088,O018214,M085,2
OI018089,O015074,M204,1
OI018090,O006225,M126,2
OI018091,O005852,M237,1
OI018092,O009280,M207,1
OI018093,O019418,M032,3
OI018094,O002137,M097,1
OI018095,O007385,M054,1
OI018096,O019712,M139,3
OI018097,O019963,M047,1
OI018098,O008367,M246,2
OI018099,O013881,M099,2
OI018100,O001572,M056,3
OI018101,O017076,M152,3
OI018102,O007027,M044,2
OI018103,O003457,M242,3
OI018104,O002731,M222,3
OI018105,O009363,M039,1
OI018106,O012463,M168,3
OI018107,O007337,M206,1
OI018108,O008673,M151,1
OI018109,O002681,M101,3
OI018110,O010281,M230,3
OI018111,O014490,M190,3
OI018112,O013013,M132,2
OI018113,O007112,M125,2
OI018114,O006183,M031,2
OI018115,O005354,M153,2
OI018116,O018083,M010,2
OI018117,O004243,M052,3
OI018118,O009981,M116,2
OI018119,O014874,M090,2
OI018120,O003648,M138,1
OI018121,O005585,M126,1
OI018122,O006655,M239,3
OI018123,O001226,M004,3
OI018124,O014412,M062,1
OI018125,O010334,M104,3
OI018126,O001298,M249,2
OI018127,O009046,M021,3
OI018128,O012279,M147,3
OI018129,O011915,M127,3
OI018130,O009639,M115,2
OI018131,O014585,M100,3
OI018132,O018078,M223,3
OI018133,O017003,M121,3
OI018134,O019630,M069,3
OI018135,O002963,M124,2
OI018136,O018372,M110,1
OI018137,O006441,M165,2
OI018138,O018473,M117,1
OI018139,O016181,M249,1
OI018140,O012897,M237,2
OI018141,O016590,M181,1
OI018142,O014699,M125,3
OI018143,O007846,M017,2
OI018144,O014840,M120,3
OI018145,O010525,M081,1
OI018146,O002390,M015,3
OI018147,O012819,M063,3
OI018148,O001642,M141,2
OI018149,O012679,M243,2
OI018150,O017557,M155,3
OI018151,O004247,M120,2
OI018152,O001804,M068,2
OI018153,O016977,M034,3
OI018154,O001061,M243,1
OI018155,O002708,M117,2
OI018156,O013498,M132,1
OI018157,O005822,M149,2
OI018158,O010765,M104,1
OI018159,O015999,M043,3
OI018160,O011795,M242,3
OI018161,O019493,M106,2
OI018162,O002616,M096,2
OI018163,O014976,M211,3
OI018164,O009235,M035,3
OI018165,O000235,M073,2
OI018166,O001790,M026,3
OI018167,O009099,M002,3
OI018168,O008397,M241,2
OI018169,O002307,M158,3
OI018170,O018112,M188,3
OI018171,O006901,M039,3
OI018172,O000818,M018,1
OI018173,O018558,M062,3
OI018174,O005774,M148,3
OI018175,O002240,M157,3
OI018176,O003702,M026,1
OI018177,O000892,M068,1
OI018178,O010222,M197,3
OI018179,O009653,M044,2
OI018180,O012949,M246,2
OI018181,O000948,M017,2
OI018182,O016489,M146,1
OI018183,O003314,M137,3
OI018184,O015576,M153,2
OI018185,O010870,M200,2
OI018186,O017194,M130,3
OI018187,O007732,M041,3
OI018188,O002522,M126,1
OI018189,O019763,M149,2
OI018190,O006118,M200,3
OI018191,O010662,M173,1
OI018192,O016335,M107,3
OI018193,O001582,M045,1
OI018194,O015830,M160,1
OI018195,O004951,M192,3
OI018196,O010250,M239,2
OI018197,O015732,M220,1
OI018198,O003935,M030,2
OI018199,O003471,M041,3
OI018200,O006538,M232,2
OI018201,O000275,M036,1
OI018202,O007939,M059,1
OI018203,O006101,M048,3
OI018204,O017599,M029,2
OI018205,O013773,M181,2
OI018206,O002411,M064,3
OI018207,O015351,M091,3
OI018208,O002001,M107,1
OI018209,O009841,M072,2
OI018210,O001081,M199,3
OI018211,O017618,M177,2
OI018212,O009767,M047,2
OI018213,O005869,M077,2
OI018214,O010771,M058,1
OI018215,O009983,M023,2
OI018216,O019120,M041,3
OI018217,O001519,M219,2
OI018218,O011742,M095,1
OI018219,O011637,M163,2
OI018220,O014999,M138,1
OI018221,O015091,M006,3
OI018222,O013025,M064,1
OI018223,O005976,M035,2
OI018224,O009408,M182,1
OI018225,O015812,M180,1
OI018226,O001747,M177,1
OI018227,O019930,M050,1
OI018228,O004440,M202,2
OI018229,O017635,M029,1
OI018230,O010196,M079,1
OI018231,O008622,M049,3
OI018232,O014976,M024,2
OI018233,O017108,M110,2
OI018234,O015494,M172,3
OI018235,O018254,M212,1
OI018236,O003362,M006,3
OI018237,O014777,M162,3
OI018238,O000800,M193,3
OI018239,O002878,M024,3
OI018240,O017107,M113,3
OI018241,O001080,M089,3
OI018242,O004132,M101,1
OI018243,O017253,M020,3
OI018244,O010424,M110,2
OI018245,O005646,M170,3
OI018246,O019939,M207,2
OI018247,O015163,M199,1
OI018248,O001445,M180,3
OI018249,O014935,M071,2
OI018250,O004465,M146,2
OI018251,O007491,M152,3
OI018252,O016933,M068,2
OI018253,O009949,M189,2
OI018254,O007223,M093,2
OI018255,O003827,M141,1
OI018256,O015458,M215,3
OI018257,O007415,M022,1
OI018258,O004983,M119,1
OI018259,O011683,M119,2
OI018260,O003312,M083,3
OI018261,O010543,M094,2
OI018262,O013028,M245,3
OI018263,O005564,M071,2
OI018264,O000174,M164,3
OI018265,O004683,M117,2
OI018266,O002872,M224,2
OI018267,O002414,M030,2
OI018268,O007158,M052,3
OI018269,O009114,M168,3
OI018270,O017006,M135,2
OI018271,O015624,M057,3
OI018272,O015940,M201,1
OI018273,O015213,M097,3
OI018274,O003354,M194,1
OI018275,O017904,M049,1
OI018276,O003373,M172,1
OI018277,O008246,M172,2
OI018278,O000027,M052,2
OI018279,O011373,M125,3
OI018280,O013377,M113,3
OI018281,O001876,M006,3
OI018282,O002416,M197,3
OI018283,O004708,M009,3
OI018284,O011043,M073,3
OI018285,O002735,M007,3
OI018286,O008188,M247,3
OI018287,O003100,M026,2
OI018288,O013876,M218,2
OI018289,O018158,M008,1
OI018290,O003527,M074,2
OI018291,O014684,M147,2
OI018292,O001210,M071,2
OI018293,O005829,M081,1
OI018294,O000673,M033,3
OI018295,O006371,M030,1
OI018296,O017425,M195,1
OI018297,O006955,M226,1
OI018298,O013658,M015,1
OI018299,O009612,M151,1
OI018300,O017628,M041,1
OI018301,O004017,M218,2
OI018302,O004659,M110,1
OI018303,O004673,M160,2
OI018304,O018157,M194,3
OI018305,O016808,M227,2
OI018306,O000715,M110,2
OI018307,O010318,M032,2
OI018308,O006421,M071,3
OI018309,O007405,M143,3
OI018310,O003525,M176,3
OI018311,O014375,M135,2
OI018312,O000139,M173,2
OI018313,O017324,M133,2
OI018314,O016898,M109,3
OI018315,O019440,M191,3
OI018316,O018482,M155,1
OI018317,O009679,M077,1
OI018318,O019366,M169,1
OI018319,O000192,M250,1
OI018320,O013521,M025,1
OI018321,O009473,M170,3
OI018322,O018828,M016,1
OI018323,O013689,M102,3
OI018324,O008648,M063,1
OI018325,O007608,M203,1
OI018326,O004002,M104,1
OI018327,O015619,M085,1
OI018328,O011483,M168,2
OI018329,O014746,M186,2
OI018330,O017801,M007,3
OI018331,O007128,M004,1
OI018332,O007926,M233,2
OI018333,O009692,M076,2
OI018334,O005636,M012,3
OI018335,O008516,M123,2
OI018336,O018227,M092,3
OI018337,O007186,M014,2
OI018338,O008121,M067,1
OI018339,O002258,M239,3
OI018340,O009305,M155,3
OI018341,O015780,M134,3
OI018342,O000811,M125,2
OI018343,O000200,M123,3
OI018344,O005187,M190,3
OI018345,O007829,M218,2
OI018346,O016492,M140,1
OI018347,O005052,M236,3
OI018348,O003003,M127,2
OI018349,O002283,M162,1
OI018350,O016332,M136,2
OI018351,O011938,M049,1
OI018352,O017756,M126,1
OI018353,O011333,M190,1
OI018354,O015897,M154,1
OI018355,O004388,M103,2
OI018356,O016504,M095,3
OI018357,O003677,M157,2
OI018358,O007225,M078,2
OI018359,O014779,M017,3
OI018360,O016864,M104,2
OI018361,O019731,M127,3
OI018362,O004582,M148,1
OI018363,O004958,M135,3
OI018364,O011320,M211,3
OI018365,O001553,M243,2
OI018366,O010160,M240,1
OI018367,O002790,M049,1
OI018368,O005249,M019,3
OI018369,O004610,M118,3
OI018370,O015227,M227,2
OI018371,O016919,M210,1
OI018372,O001706,M086,1
OI018373,O017464,M211,3
OI018374,O009956,M050,1
OI018375,O004675,M051,2
OI018376,O002029,M184,2
OI018377,O017112,M143,3
OI018378,O007967,M132,3
OI018379,O015550,M016,2
OI018380,O010452,M068,3
OI018381,O016941,M046,1
OI018382,O016051,M147,2
OI018383,O002228,M028,2
OI018384,O011367,M229,3
OI018385,O015631,M178,2
OI018386,O000244,M075,1
OI018387,O018203,M215,2
OI018388,O015531,M204,2
OI018389,O005648,M209,2
OI018390,O006233,M194,2
OI018391,O008248,M065,2
OI018392,O012829,M018,3
OI018393,O003594,M166,2
OI018394,O017635,M038,3
OI018395,O018273,M121,3
OI018396,O004490,M139,3
OI018397,O010951,M250,2
OI018398,O016109,M159,1
OI018399,O008814,M015,2
OI018400,O007019,M049,2
OI018401,O015497,M246,1
OI018402,O014893,M158,1
OI018403,O007374,M059,2
OI018404,O017134,M154,2
OI018405,O001711,M160,3
OI018406,O015956,M036,1
OI018407,O003746,M133,3
OI018408,O008536,M241,1
OI018409,O006020,M152,2
OI018410,O017301,M153,2
OI018411,O011215,M041,3
OI018412,O002908,M162,3
OI018413,O001168,M199,2
OI018414,O008634,M114,1
OI018415,O003952,M213,2
OI018416,O003643,M004,2
OI018417,O016270,M119,2
OI018418,O001019,M001,3
OI018419,O013597,M164,1
OI018420,O010738,M239,1
OI018421,O002259,M021,2
OI018422,O019133,M013,1
OI018423,O008998,M108,3
OI018424,O015592,M033,2
OI018425,O012548,M197,2
OI018426,O009958,M164,3
OI018427,O019074,M247,1
OI018428,O012669,M091,3
OI018429,O015531,M126,2
OI018430,O002392,M213,2
OI018431,O005327,M114,3
OI018432,O005967,M181,3
OI018433,O010174,M194,1
OI018434,O007902,M021,2
OI018435,O001423,M160,2
OI018436,O014014,M037,2
OI018437,O017250,M004,2
OI018438,O017365,M047,2
OI018439,O001634,M126,3
OI018440,O014797,M039,3
OI018441,O000678,M090,1
OI018442,O007488,M168,2
OI018443,O017138,M207,3
OI018444,O002284,M166,1
OI018445,O009950,M143,3
OI018446,O000701,M018,2
OI018447,O012369,M008,1
OI018448,O003527,M090,2
OI018449,O009376,M235,2
OI018450,O014224,M029,2
OI018451,O006622,M128,1
OI018452,O002373,M231,1
OI018453,O002442,M175,2
OI018454,O007145,M163,1
OI018455,O010679,M067,1
OI018456,O011284,M123,3
OI018457,O019421,M222,1
OI018458,O009829,M240,3
OI018459,O005438,M250,3
OI018460,O002480,M225,3
OI018461,O007835,M137,3
OI018462,O004312,M211,2
OI018463,O007663,M135,3
OI018464,O003450,M165,3
OI018465,O013018,M245,2
OI018466,O002813,M160,3
OI018467,O011389,M170,2
OI018468,O015149,M125,3
OI018469,O010241,M199,2
OI018470,O000754,M173,2
OI018471,O012846,M037,3
OI018472,O002058,M180,1
OI018473,O014832,M116,1
OI018474,O016168,M134,3
OI018475,O007843,M159,3
OI018476,O002135,M190,1
OI018477,O007405,M211,2
OI018478,O015345,M019,3
OI018479,O019076,M143,2
OI018480,O006064,M013,2
OI018481,O016461,M218,3
OI018482,O001373,M183,1
OI018483,O014347,M089,3
OI018484,O007975,M029,1
OI018485,O010539,M093,1
OI018486,O012009,M177,3
OI018487,O018097,M069,1
OI018488,O019805,M180,1
OI018489,O005272,M107,3
OI018490,O016827,M180,3
OI018491,O013318,M017,3
OI018492,O017476,M181,1
OI018493,O004549,M142,2
OI018494,O011886,M003,3
OI018495,O005213,M117,1
OI018496,O015101,M073,1
OI018497,O010058,M227,3
OI018498,O005438,M081,3
OI018499,O016366,M202,1
OI018500,O016391,M024,2
OI018501,O012354,M124,1
OI018502,O012015,M241,2
OI018503,O007409,M043,2
OI018504,O019522,M015,1
OI018505,O015940,M213,2
OI018506,O013911,M018,3
OI018507,O006886,M094,3
OI018508,O017765,M020,1
OI018509,O000384,M193,2
OI018510,O011497,M014,1
OI018511,O019026,M175,2
OI018512,O005073,M060,2
OI018513,O014602,M035,2
OI018514,O011616,M181,1
OI018515,O019676,M190,3
OI018516,O019929,M234,1
OI018517,O013843,M097,3
OI018518,O003756,M210,2
OI018519,O005799,M119,1
OI018520,O014235,M107,1
OI018521,O009582,M250,3
OI018522,O007529,M072,2
OI018523,O000569,M053,3
OI018524,O000088,M127,2
OI018525,O007730,M149,2
OI018526,O002951,M008,2
OI018527,O015363,M238,3
OI018528,O001755,M242,3
OI018529,O010070,M199,3
OI018530,O019770,M087,1
OI018531,O019006,M169,1
OI018532,O015191,M209,2
OI018533,O016828,M075,2
OI018534,O011097,M164,1
OI018535,O005862,M148,1
OI018536,O003347,M073,1
OI018537,O019875,M239,3
OI018538,O005823,M146,2
OI018539,O001392,M046,1
OI018540,O013530,M250,2
OI018541,O017671,M008,2
OI018542,O019429,M058,2
OI018543,O001564,M183,3
OI018544,O011582,M118,1
OI018545,O015358,M030,2
OI018546,O018546,M072,1
OI018547,O010316,M087,1
OI018548,O003037,M119,2
OI018549,O014747,M085,1
OI018550,O004424,M190,2
OI018551,O011968,M045,3
OI018552,O017246,M208,1
OI018553,O017828,M189,3
OI018554,O008607,M044,3
OI018555,O005853,M007,3
OI018556,O002063,M021,1
OI018557,O008879,M161,3
OI018558,O016193,M147,2
OI018559,O010372,M114,1
OI018560,O015244,M102,1
OI018561,O014876,M191,1
OI018562,O014016,M219,1
OI018563,O009914,M208,3
OI018564,O015548,M243,1
OI018565,O010610,M176,3
OI018566,O019201,M191,1
OI018567,O006528,M222,3
OI018568,O013111,M063,3
OI018569,O005045,M091,2
OI018570,O005615,M237,3
OI018571,O019999,M087,2
OI018572,O014240,M247,3
OI018573,O011032,M216,2
OI018574,O012688,M154,1
OI018575,O000173,M049,3
OI018576,O016420,M205,1
OI018577,O005102,M188,3
OI018578,O001910,M150,3
OI018579,O002958,M101,3
OI018580,O000257,M222,3
OI018581,O001329,M034,1
OI018582,O006464,M185,2
OI018583,O019522,M222,2
OI018584,O010901,M192,3
OI018585,O006662,M024,2
OI018586,O011685,M180,2
OI018587,O016479,M181,2
OI018588,O006668,M118,1
OI018589,O000412,M005,1
OI018590,O007765,M221,2
OI018591,O013973,M066,2
OI018592,O006375,M122,2
OI018593,O009349,M236,1
OI018594,O013292,M199,2
OI018595,O000669,M069,3
OI018596,O006332,M126,3
OI018597,O018160,M080,3
OI018598,O018746,M094,1
OI018599,O017320,M094,2
OI018600,O019746,M052,1
OI018601,O000781,M042,2
OI018602,O010754,M117,3
OI018603,O019786,M146,3
OI018604,O013267,M201,2
OI018605,O005929,M157,3
OI018606,O006691,M164,2
OI018607,O004666,M030,1
OI018608,O001759,M204,2
OI018609,O015899,M075,2
OI018610,O011376,M111,1
OI018611,O014445,M016,2
OI018612,O010408,M121,1
OI018613,O001710,M117,3
OI018614,O010968,M062,3
OI018615,O009832,M199,1
OI018616,O017121,M102,3
OI018617,O019861,M136,2
OI018618,O017699,M235,2
OI018619,O002679,M034,2
OI018620,O011848,M157,1
OI018621,O018202,M092,3
OI018622,O009725,M145,1
OI018623,O010323,M131,2
OI018624,O004797,M032,3
OI018625,O019313,M021,1
OI018626,O016111,M027,1
OI018627,O009211,M105,2
OI018628,O001495,M066,1
OI018629,O019066,M124,2
OI018630,O006049,M225,2
OI018631,O000888,M180,3
OI018632,O015078,M239,3
OI018633,O000916,M240,3
OI018634,O007788,M187,1
OI018635,O006653,M097,2
OI018636,O006887,M157,2
OI018637,O013201,M133,3
OI018638,O000916,M220,1
OI018639,O008305,M053,3
OI018640,O018240,M083,2
OI018641,O012486,M108,1
OI018642,O014188,M001,1
OI018643,O007739,M102,3
OI018644,O014292,M073,1
OI018645,O017096,M011,1
OI018646,O003042,M097,2
OI018647,O019267,M230,1
OI018648,O010056,M074,3
OI018649,O010182,M045,3
OI018650,O013181,M076,2
OI018651,O002810,M140,2
OI018652,O001921,M116,2
OI018653,O012443,M134,1
OI018654,O006063,M170,1
OI018655,O005984,M057,2
OI018656,O000619,M223,1
OI018657,O006526,M049,3
OI018658,O002084,M137,3
OI018659,O006229,M131,1
OI018660,O009117,M010,3
OI018661,O017506,M174,2
OI018662,O007998,M057,3
OI018663,O008349,M166,1
OI018664,O006862,M123,3
OI018665,O019283,M130,1
OI018666,O003293,M196,3
OI018667,O013943,M240,2
OI018668,O011669,M109,3
OI018669,O019618,M087,3
OI018670,O014463,M051,3
OI018671,O017235,M214,3
OI018672,O015811,M154,1
OI018673,O011981,M022,1
OI018674,O007925,M148,2
OI018675,O001661,M024,2
OI018676,O013139,M048,3
OI018677,O018439,M155,1
OI018678,O007040,M082,3
OI018679,O018462,M017,1
OI018680,O000322,M130,1
OI018681,O019760,M238,3
OI018682,O013474,M083,3
OI018683,O014778,M155,3
OI018684,O014497,M232,2
OI018685,O019768,M019,1
OI018686,O018945,M062,3
OI018687,O016324,M064,1
OI018688,O008473,M161,1
OI018689,O000209,M112,2
OI018690,O016095,M124,2
OI018691,O001479,M103,3
OI018692,O006917,M081,1
OI018693,O002360,M050,2
OI018694,O000733,M138,2
OI018695,O017813,M201,2
OI018696,O005321,M105,1
OI018697,O019412,M232,1
OI018698,O002588,M202,3
OI018699,O015068,M239,2
OI018700,O002664,M173,1
OI018701,O009617,M033,2
OI018702,O017951,M130,3
OI018703,O017785,M208,1
OI018704,O004751,M176,3
OI018705,O003554,M210,3
OI018706,O009750,M122,3
OI018707,O016320,M208,2
OI018708,O018514,M207,1
OI018709,O005532,M013,3
OI018710,O008241,M203,1
OI018711,O017074,M131,3
OI018712,O010221,M013,3
OI018713,O017892,M026,3
OI018714,O002487,M082,2
OI018715,O004768,M234,1
OI018716,O006899,M092,3
OI018717,O019761,M023,3
OI018718,O010102,M139,3
OI018719,O006830,M060,3
OI018720,O017299,M114,1
OI018721,O005472,M047,2
OI018722,O006601,M220,2
OI018723,O013383,M122,3
OI018724,O002033,M189,2
OI018725,O002436,M075,2
OI018726,O011663,M037,3
OI018727,O004185,M089,3
OI018728,O007800,M102,1
OI018729,O001247,M137,2
OI018730,O005383,M006,1
OI018731,O000186,M001,1
OI018732,O000560,M115,1
OI018733,O017727,M118,3
OI018734,O000948,M125,2
OI018735,O013731,M023,3
OI018736,O006711,M196,1
OI018737,O006254,M050,3
OI018738,O015755,M167,3
OI018739,O019075,M018,3
OI018740,O006146,M052,2
OI018741,O001531,M143,1
OI018742,O018080,M188,2
OI018743,O002398,M202,2
OI018744,O016285,M193,3
OI018745,O003020,M073,3
OI018746,O010439,M198,3
OI018747,O012492,M031,1
OI018748,O019445,M082,1
OI018749,O014758,M015,2
OI018750,O002664,M072,3
OI018751,O009503,M031,1
OI018752,O018115,M202,3
OI018753,O004611,M091,1
OI018754,O018297,M140,1
OI018755,O007270,M001,3
OI018756,O003154,M178,3
OI018757,O014150,M084,3
OI018758,O017333,M047,3
OI018759,O000015,M199,3
OI018760,O003512,M054,3
OI018761,O012373,M221,3
OI018762,O014285,M179,3
OI018763,O009392,M248,1
OI018764,O009997,M030,3
OI018765,O001462,M131,1
OI018766,O014912,M177,3
OI018767,O011374,M071,3
OI018768,O017411,M010,1
OI018769,O004393,M067,2
OI018770,O003696,M176,1
OI018771,O004736,M151,3
OI018772,O012456,M130,2
OI018773,O013309,M104,1
OI018774,O006552,M137,2
OI018775,O005687,M004,2
OI018776,O016546,M149,3
OI018777,O003480,M199,1
OI018778,O016519,M105,3
OI018779,O013117,M051,3
OI018780,O000517,M067,2
OI018781,O008607,M059,3
OI018782,O001885,M204,2
OI018783,O019024,M111,2
OI018784,O016446,M184,3
OI018785,O002316,M158,1
OI018786,O017826,M237,1
OI018787,O000076,M121,3
OI018788,O009373,M160,3
OI018789,O012162,M227,1
OI018790,O003798,M082,1
OI018791,O018459,M222,3
OI018792,O019626,M227,1
OI018793,O015014,M134,1
OI018794,O004577,M113,3
OI018795,O005047,M083,2
OI018796,O019479,M010,2
OI018797,O015429,M170,1
OI018798,O004468,M174,2
OI018799,O005681,M190,1
OI018800,O012530,M001,1
OI018801,O017037,M045,3
OI018802,O009807,M118,3
OI018803,O009912,M033,2
OI018804,O015432,M178,2
OI018805,O011537,M190,3
OI018806,O010555,M121,1
OI018807,O011462,M157,3
OI018808,O017369,M137,2
OI018809,O000322,M208,2
OI018810,O014762,M172,2
OI018811,O018328,M106,3
OI018812,O011237,M238,1
OI018813,O017304,M042,2
OI018814,O011571,M076,3
OI018815,O016308,M234,1
OI018816,O013953,M154,2
OI018817,O011208,M210,1
OI018818,O004210,M245,3
OI018819,O006196,M182,2
OI018820,O013705,M162,2
OI018821,O001234,M037,2
OI018822,O016891,M075,1
OI018823,O016946,M161,3
OI018824,O016908,M162,1
OI018825,O003280,M021,2
OI018826,O004477,M236,1
OI018827,O006317,M177,3
OI018828,O018661,M248,2
OI018829,O006991,M032,3
OI018830,O010034,M138,3
OI018831,O010726,M224,1
OI018832,O012220,M221,3
OI018833,O008921,M069,3
OI018834,O009975,M112,2
OI018835,O012207,M007,2
OI018836,O002836,M194,3
OI018837,O012915,M121,1
OI018838,O002871,M059,2
OI018839,O006637,M077,3
OI018840,O004152,M209,1
OI018841,O011343,M100,2
OI018842,O011507,M010,3
OI018843,O003600,M086,2
OI018844,O015537,M189,3
OI018845,O000489,M164,3
OI018846,O018533,M222,3
OI018847,O019942,M166,3
OI018848,O018667,M054,2
OI018849,O011657,M141,2
OI018850,O013015,M072,3
OI018851,O006048,M060,3
OI018852,O001690,M211,3
OI018853,O015447,M001,2
OI018854,O005452,M059,3
OI018855,O003506,M100,1
OI018856,O014382,M072,3
OI018857,O013479,M180,2
OI018858,O015945,M167,2
OI018859,O006266,M077,1
OI018860,O013992,M050,3
OI018861,O009440,M135,1
OI018862,O002897,M187,2
OI018863,O018066,M026,1
OI018864,O019798,M136,3
OI018865,O018562,M037,2
OI018866,O004352,M121,3
OI018867,O011559,M167,3
OI018868,O011966,M075,3
OI018869,O009789,M214,1
OI018870,O007064,M118,1
OI018871,O010374,M218,1
OI018872,O007246,M072,3
OI018873,O001563,M249,2
OI018874,O007817,M185,3
OI018875,O014616,M226,2
OI018876,O000173,M036,3
OI018877,O011346,M135,1
OI018878,O011434,M103,3
OI018879,O008742,M038,2
OI018880,O009958,M031,1
OI018881,O003842,M197,3
OI018882,O019565,M209,1
OI018883,O001172,M106,2
OI018884,O008343,M171,3
OI018885,O014040,M073,1
OI018886,O014221,M162,1
OI018887,O001804,M102,1
OI018888,O007158,M143,2
OI018889,O011740,M209,1
OI018890,O001527,M135,3
OI018891,O018658,M209,1
OI018892,O014383,M118,1
OI018893,O000252,M082,1
OI018894,O015901,M239,2
OI018895,O008276,M207,3
OI018896,O007020,M007,1
OI018897,O009757,M191,3
OI018898,O007029,M093,1
OI018899,O014851,M040,1
OI018900,O001764,M240,3
OI018901,O011898,M240,3
OI018902,O003782,M242,2
OI018903,O015691,M010,1
OI018904,O017456,M088,3
OI018905,O003259,M211,1
OI018906,O014371,M020,1
OI018907,O011284,M017,1
OI018908,O017163,M005,3
OI018909,O005744,M198,3
OI018910,O004502,M091,2
OI018911,O009076,M187,1
OI018912,O006499,M011,1
OI018913,O004117,M219,1
OI018914,O012779,M067,3
OI018915,O015530,M033,2
OI018916,O001987,M128,3
OI018917,O003248,M244,3
OI018918,O009106,M059,2
OI018919,O004343,M038,3
OI018920,O003353,M167,1
OI018921,O006264,M145,2
OI018922,O009240,M213,3
OI018923,O003077,M196,1
OI018924,O012512,M029,3
OI018925,O000774,M095,2
OI018926,O005248,M136,1
OI018927,O011566,M070,3
OI018928,O016034,M001,2
OI018929,O003020,M199,1
OI018930,O011847,M032,2
OI018931,O000044,M233,3
OI018932,O017243,M021,2
OI018933,O012669,M104,2
OI018934,O016928,M113,3
OI018935,O010826,M087,1
OI018936,O012436,M129,2
OI018937,O016731,M092,3
OI018938,O014877,M048,3
OI018939,O017978,M082,1
OI018940,O017329,M111,2
OI018941,O002692,M029,2
OI018942,O011819,M215,3
OI018943,O016980,M045,2
OI018944,O009229,M231,3
OI018945,O015315,M056,2
OI018946,O006816,M191,1
OI018947,O018907,M088,3
OI018948,O018398,M075,3
OI018949,O015856,M164,2
OI018950,O002189,M231,3
OI018951,O007967,M162,2
OI018952,O013670,M185,3
OI018953,O013895,M126,1
OI018954,O001157,M094,1
OI018955,O005520,M194,3
OI018956,O008910,M028,3
OI018957,O001719,M083,1
OI018958,O002343,M094,2
OI018959,O009383,M234,1
OI018960,O000308,M132,3
OI018961,O000395,M225,1
OI018962,O001873,M056,2
OI018963,O002325,M190,2
OI018964,O011072,M228,1
OI018965,O012604,M172,3
OI018966,O015342,M161,3
OI018967,O008237,M168,3
OI018968,O015746,M102,2
OI018969,O018093,M060,3
OI018970,O006654,M166,3
OI018971,O016867,M005,3
OI018972,O003000,M137,2
OI018973,O007646,M240,3
OI018974,O001672,M110,1
OI018975,O018820,M090,2
OI018976,O017311,M131,2
OI018977,O013076,M102,3
OI018978,O001176,M140,1
OI018979,O007045,M138,3
OI018980,O019129,M046,2
OI018981,O000029,M085,1
OI018982,O018640,M058,2
OI018983,O017435,M182,3
OI018984,O001659,M118,1
OI018985,O011663,M142,2
OI018986,O016356,M039,3
OI018987,O015734,M085,3
OI018988,O003245,M057,2
OI018989,O010406,M049,3
OI018990,O012388,M135,1
OI018991,O016420,M162,1
OI018992,O009588,M018,3
OI018993,O005721,M207,1
OI018994,O005640,M173,1
OI018995,O005271,M092,2
OI018996,O019929,M070,3
OI018997,O005421,M121,3
OI018998,O016305,M089,3
OI018999,O007066,M213,3
OI019000,O012785,M153,1
OI019001,O014846,M033,1
OI019002,O007910,M111,1
OI019003,O013850,M059,1
OI019004,O014239,M065,3
OI019005,O019766,M136,2
OI019006,O019683,M108,2
OI019007,O007697,M238,3
OI019008,O010021,M020,1
OI019009,O012844,M036,2
OI019010,O017751,M167,3
OI019011,O005213,M226,1
OI019012,O009123,M204,1
OI019013,O014707,M072,3
OI019014,O013663,M198,1
OI019015,O013753,M020,1
OI019016,O018984,M001,3
OI019017,O003606,M077,2
OI019018,O006187,M218,2
OI019019,O001057,M233,3
OI019020,O004407,M123,1
OI019021,O016471,M162,2
OI019022,O015758,M117,3
OI019023,O018221,M188,2
OI019024,O008651,M198,1
OI019025,O002086,M211,1
OI019026,O009047,M184,3
OI019027,O006245,M223,1
OI019028,O005780,M037,2
OI019029,O002275,M066,3
OI019030,O002022,M149,3
OI019031,O014951,M171,1
OI019032,O019491,M061,3
OI019033,O018019,M159,3
OI019034,O018404,M231,2
OI019035,O010243,M170,3
OI019036,O010308,M092,3
OI019037,O006387,M039,1
OI019038,O018418,M175,3
OI019039,O008435,M064,1
OI019040,O019222,M216,2
OI019041,O006019,M119,1
OI019042,O006610,M244,1
OI019043,O001625,M043,2
OI019044,O003429,M167,3
OI019045,O003733,M067,1
OI019046,O008681,M088,3
OI019047,O015578,M151,2
OI019048,O016386,M019,1
OI019049,O010148,M061,2
OI019050,O013449,M212,3
OI019051,O001844,M139,1
OI019052,O018819,M188,3
OI019053,O007403,M228,1
OI019054,O000719,M140,2
OI019055,O000962,M062,3
OI019056,O009900,M162,2
OI019057,O017623,M228,1
OI019058,O000763,M138,3
OI019059,O015847,M049,3
OI019060,O016001,M246,2
OI019061,O003474,M099,2
OI019062,O011662,M104,3
OI019063,O001512,M113,3
OI019064,O000358,M141,1
OI019065,O003086,M150,3
OI019066,O005478,M137,1
OI019067,O008986,M224,1
OI019068,O011302,M174,2
OI019069,O012093,M081,3
OI019070,O007681,M052,3
OI019071,O006767,M233,1
OI019072,O002196,M242,3
OI019073,O005254,M203,2
OI019074,O005026,M171,3
OI019075,O010030,M007,3
OI019076,O002349,M185,1
OI019077,O002407,M054,2
OI019078,O004186,M136,3
OI019079,O009597,M056,1
OI019080,O017704,M219,2
OI019081,O004129,M073,2
OI019082,O019416,M021,2
OI019083,O011926,M065,3
OI019084,O016646,M061,1
OI019085,O000148,M150,3
OI019086,O006994,M016,1
OI019087,O011958,M232,3
OI019088,O008866,M184,3
OI019089,O006653,M222,2
OI019090,O004989,M138,3
OI019091,O014457,M041,1
OI019092,O016843,M105,2
OI019093,O008302,M162,2
OI019094,O007953,M104,3
OI019095,O002194,M178,1
OI019096,O014705,M060,3
OI019097,O008448,M170,2
OI019098,O016886,M199,1
OI019099,O003452,M086,1
OI019100,O001469,M222,1
OI019101,O003944,M089,1
OI019102,O007674,M056,2
OI019103,O019491,M069,1
OI019104,O009823,M074,2
OI019105,O007296,M186,2
OI019106,O004219,M234,2
OI019107,O018743,M135,3
OI019108,O004657,M245,1
OI019109,O011411,M004,1
OI019110,O005773,M116,3
OI019111,O000330,M173,2
OI019112,O014132,M172,3
OI019113,O016353,M003,1
OI019114,O013643,M192,1
OI019115,O003571,M092,2
OI019116,O003495,M246,3
OI019117,O006513,M074,3
OI019118,O005761,M141,1
OI019119,O006086,M128,1
OI019120,O018638,M153,1
OI019121,O018659,M047,1
OI019122,O001490,M246,3
OI019123,O008404,M092,2
OI019124,O017193,M126,1
OI019125,O012387,M132,2
OI019126,O005281,M248,1
OI019127,O003237,M205,2
OI019128,O003503,M096,2
OI019129,O006093,M196,1
OI019130,O013420,M085,1
OI019131,O015916,M247,1
OI019132,O016182,M218,2
OI019133,O003612,M206,2
OI019134,O014329,M231,1
OI019135,O006794,M108,1
OI019136,O010178,M041,1
OI019137,O010411,M175,1
OI019138,O005202,M091,3
OI019139,O012239,M141,1
OI019140,O018219,M129,1
OI019141,O008745,M092,3
OI019142,O007663,M009,1
OI019143,O008297,M191,2
OI019144,O012168,M165,2
OI019145,O012833,M248,2
OI019146,O010589,M046,1
OI019147,O014990,M045,1
OI019148,O018613,M195,2
OI019149,O004709,M048,2
OI019150,O017476,M158,1
OI019151,O003678,M195,3
OI019152,O018817,M108,3
OI019153,O018965,M159,2
OI019154,O010340,M130,2
OI019155,O003966,M048,3
OI019156,O013042,M174,3
OI019157,O010699,M010,2
OI019158,O019174,M190,2
OI019159,O003780,M013,2
OI019160,O017958,M096,3
OI019161,O009934,M005,3
OI019162,O010064,M190,3
OI019163,O004961,M250,2
OI019164,O005508,M201,1
OI019165,O010664,M228,1
OI019166,O018454,M108,2
OI019167,O004921,M187,1
OI019168,O004521,M188,1
OI019169,O006934,M231,2
OI019170,O016177,M173,1
OI019171,O003971,M166,2
OI019172,O005835,M159,3
OI019173,O015125,M052,2
OI019174,O004248,M042,1
OI019175,O004813,M043,1
OI019176,O017744,M152,2
OI019177,O001754,M119,3
OI019178,O008305,M103,3
OI019179,O014711,M167,1
OI019180,O002660,M169,2
OI019181,O014971,M009,1
OI019182,O003993,M081,2
OI019183,O008395,M040,1
OI019184,O007282,M006,1
OI019185,O013659,M192,2
OI019186,O017649,M001,1
OI019187,O001397,M051,2
OI019188,O006237,M235,3
OI019189,O005145,M174,3
OI019190,O000760,M029,1
OI019191,O019138,M092,2
OI019192,O009090,M153,3
OI019193,O007554,M085,3
OI019194,O000172,M239,3
OI019195,O017560,M103,2
OI019196,O008140,M150,1
OI019197,O010759,M184,2
OI019198,O012168,M036,3
OI019199,O008845,M229,3
OI019200,O015613,M138,1
OI019201,O018095,M120,1
OI019202,O000066,M222,2
OI019203,O000311,M181,3
OI019204,O017927,M131,3
OI019205,O001519,M209,1
OI019206,O012237,M194,1
OI019207,O002478,M100,3
OI019208,O011259,M210,3
OI019209,O014470,M026,1
OI019210,O008502,M126,1
OI019211,O016825,M036,3
OI019212,O016857,M246,2
OI019213,O001683,M037,1
OI019214,O002037,M166,3
OI019215,O012270,M092,1
OI019216,O004556,M238,2
OI019217,O003828,M175,1
OI019218,O000751,M007,3
OI019219,O019474,M081,2
OI019220,O011807,M001,2
OI019221,O002859,M072,3
OI019222,O013223,M140,3
OI019223,O001880,M118,3
OI019224,O019453,M108,2
OI019225,O015267,M138,3
OI019226,O011888,M050,1
OI019227,O018390,M107,3
OI019228,O000469,M215,3
OI019229,O001663,M086,2
OI019230,O019612,M090,3
OI019231,O013077,M126,3
OI019232,O004983,M179,2
OI019233,O008364,M106,3
OI019234,O010513,M133,1
OI019235,O016139,M132,3
OI019236,O013309,M185,1
OI019237,O013757,M074,3
OI019238,O004292,M059,1
OI019239,O000468,M211,1
OI019240,O016260,M095,2
OI019241,O013285,M238,2
OI019242,O006843,M197,3
OI019243,O016087,M013,2
OI019244,O015921,M195,1
OI019245,O014751,M218,2
OI019246,O017054,M194,1
OI019247,O000874,M118,3
OI019248,O011044,M035,3
OI019249,O012921,M035,1
OI019250,O006332,M227,1
OI019251,O008062,M173,1
OI019252,O011327,M128,1
OI019253,O000505,M178,2
OI019254,O002501,M011,3
OI019255,O004055,M002,3
OI019256,O018241,M110,1
OI019257,O010914,M108,3
OI019258,O004333,M191,1
OI019259,O003813,M025,2
OI019260,O009676,M198,1
OI019261,O002261,M217,3
OI019262,O008572,M114,3
OI019263,O014566,M205,3
OI019264,O000855,M211,3
OI019265,O013870,M113,1
OI019266,O006281,M187,3
OI019267,O009135,M013,3
OI019268,O000905,M245,1
OI019269,O009310,M113,2
OI019270,O013106,M156,1
OI019271,O011687,M221,2
OI019272,O016837,M094,3
OI019273,O002603,M012,1
OI019274,O000913,M152,2
OI019275,O001031,M157,3
OI019276,O017686,M111,2
OI019277,O002012,M052,3
OI019278,O006993,M218,1
OI019279,O001335,M093,3
OI019280,O010187,M231,2
OI019281,O016971,M028,1
OI019282,O018543,M223,3
OI019283,O013953,M221,1
OI019284,O003575,M052,3
OI019285,O011325,M009,1
OI019286,O005285,M038,3
OI019287,O018279,M063,3
OI019288,O014004,M143,2
OI019289,O011156,M168,2
OI019290,O003349,M073,2
OI019291,O011687,M098,2
OI019292,O002384,M143,2
OI019293,O012821,M014,3
OI019294,O013175,M094,2
OI019295,O016296,M106,1
OI019296,O018099,M163,3
OI019297,O016847,M028,1
OI019298,O001981,M228,3
OI019299,O007032,M188,1
OI019300,O002581,M185,1
OI019301,O014021,M197,1
OI019302,O006467,M113,3
OI019303,O016808,M020,2
OI019304,O005842,M066,2
OI019305,O000115,M144,1
OI019306,O003586,M104,1
OI019307,O010589,M235,3
OI019308,O017604,M092,3
OI019309,O011879,M144,1
OI019310,O012617,M246,1
OI019311,O019338,M160,2
OI019312,O015845,M128,2
OI019313,O002705,M194,3
OI019314,O010073,M115,2
OI019315,O009030,M052,1
OI019316,O004576,M184,2
OI019317,O019115,M196,3
OI019318,O013242,M092,1
OI019319,O014855,M090,1
OI019320,O014106,M058,2
OI019321,O007860,M201,3
OI019322,O009182,M193,3
OI019323,O005096,M070,2
OI019324,O013429,M230,2
OI019325,O010743,M004,3
OI019326,O002213,M209,3
OI019327,O007773,M015,1
OI019328,O005664,M221,2
OI019329,O016341,M141,2
OI019330,O015707,M116,3
OI019331,O016030,M104,3
OI019332,O012044,M124,3
OI019333,O017067,M137,3
OI019334,O013687,M025,1
OI019335,O000476,M040,2
OI019336,O006193,M070,3
OI019337,O010076,M185,3
OI019338,O010904,M121,1
OI019339,O005691,M041,1
OI019340,O015380,M101,3
OI019341,O010694,M131,3
OI019342,O012425,M200,2
OI019343,O013332,M136,2
OI019344,O013443,M029,1
OI019345,O004958,M200,2
OI019346,O015952,M219,3
OI019347,O012132,M070,2
OI019348,O003109,M001,2
OI019349,O011717,M182,1
OI019350,O008220,M191,3
OI019351,O008582,M057,2
OI019352,O014765,M073,2
OI019353,O002125,M062,1
OI019354,O004930,M009,2
OI019355,O007434,M106,2
OI019356,O000990,M158,2
OI019357,O004266,M085,2
OI019358,O018265,M062,1
OI019359,O000959,M041,1
OI019360,O019964,M170,3
OI019361,O002032,M101,1
OI019362,O004371,M093,2
OI019363,O000235,M158,1
OI019364,O009051,M246,1
OI019365,O001965,M151,2
OI019366,O016365,M231,3
OI019367,O018493,M087,1
OI019368,O003843,M219,2
OI019369,O013610,M176,1
OI019370,O002744,M002,1
OI019371,O003204,M150,2
OI019372,O013006,M094,1
OI019373,O001053,M032,1
OI019374,O013373,M114,2
OI019375,O004999,M158,1
OI019376,O018103,M189,2
OI019377,O003026,M166,2
OI019378,O007970,M241,1
OI019379,O016419,M048,2
OI019380,O018579,M232,3
OI019381,O013893,M107,3
OI019382,O018006,M047,1
OI019383,O006018,M046,3
OI019384,O010545,M048,1
OI019385,O007480,M229,3
OI019386,O004163,M212,1
OI019387,O017854,M050,2
OI019388,O019261,M241,1
OI019389,O003321,M044,1
OI019390,O000150,M123,2
OI019391,O003816,M138,1
OI019392,O015327,M222,3
OI019393,O003426,M201,2
OI019394,O015064,M192,1
OI019395,O007786,M214,1
OI019396,O004585,M035,2
OI019397,O012481,M155,1
OI019398,O007575,M054,3
OI019399,O016137,M055,1
OI019400,O015040,M214,3
OI019401,O001657,M134,3
OI019402,O013403,M138,1
OI019403,O006829,M043,2
OI019404,O004461,M128,2
OI019405,O010855,M128,1
OI019406,O003403,M094,1
OI019407,O004785,M055,2
OI019408,O004027,M115,1
OI019409,O002914,M193,1
OI019410,O012707,M050,2
OI019411,O004810,M044,2
OI019412,O008472,M191,1
OI019413,O001552,M014,1
OI019414,O009326,M229,3
OI019415,O017975,M144,2
OI019416,O018852,M033,1
OI019417,O001778,M180,3
OI019418,O019497,M041,1
OI019419,O005489,M051,3
OI019420,O010813,M093,3
OI019421,O009326,M147,3
OI019422,O016494,M039,3
OI019423,O017813,M046,3
OI019424,O001398,M192,3
OI019425,O001844,M094,2
OI019426,O006805,M132,2
OI019427,O016615,M190,3
OI019428,O017941,M075,2
OI019429,O000635,M059,3
OI019430,O017469,M052,2
OI019431,O001116,M151,1
OI019432,O010311,M159,2
OI019433,O010506,M054,2
OI019434,O013535,M018,1
OI019435,O013235,M246,1
OI019436,O005070,M161,3
OI019437,O003535,M100,3
OI019438,O015955,M230,1
OI019439,O013283,M102,1
OI019440,O005205,M052,3
OI019441,O016946,M010,3
OI019442,O006203,M110,3
OI019443,O006813,M226,1
OI019444,O014384,M203,1
OI019445,O010227,M224,2
OI019446,O006536,M138,3
OI019447,O018550,M010,1
OI019448,O008000,M103,2
OI019449,O012734,M206,3
OI019450,O019623,M208,1
OI019451,O001501,M246,1
OI019452,O013750,M218,3
OI019453,O019470,M234,3
OI019454,O000897,M015,1
OI019455,O015122,M053,1
OI019456,O011569,M112,2
OI019457,O004717,M137,2
OI019458,O011323,M124,2
OI019459,O011051,M149,1
OI019460,O012091,M147,3
OI019461,O003453,M098,2
OI019462,O001386,M180,2
OI019463,O002193,M136,1
OI019464,O001828,M223,2
OI019465,O001605,M096,2
OI019466,O016977,M066,3
OI019467,O018866,M227,3
OI019468,O001172,M048,1
OI019469,O003200,M233,2
OI019470,O009995,M115,3
OI019471,O015836,M056,2
OI019472,O012268,M172,1
OI019473,O013320,M125,1
OI019474,O003650,M043,2
OI019475,O005789,M132,2
OI019476,O005406,M141,1
OI019477,O014240,M101,2
OI019478,O018628,M155,1
OI019479,O009000,M020,1
OI019480,O009339,M100,1
OI019481,O002254,M238,1
OI019482,O006710,M082,2
OI019483,O017512,M208,1
OI019484,O018591,M041,2
OI019485,O008899,M182,3
OI019486,O015815,M099,3
OI019487,O004940,M232,2
OI019488,O005746,M203,3
OI019489,O010357,M156,3
OI019490,O009131,M212,2
OI019491,O009538,M104,2
OI019492,O007897,M177,3
OI019493,O014688,M164,1
OI019494,O010571,M016,3
OI019495,O015330,M014,1
OI019496,O005478,M112,3
OI019497,O008263,M230,3
OI019498,O002055,M060,3
OI019499,O008443,M160,3
OI019500,O014201,M031,1
OI019501,O003066,M107,2
OI019502,O000710,M174,3
OI019503,O019242,M132,2
OI019504,O015825,M165,2
OI019505,O013597,M081,3
OI019506,O005708,M031,3
OI019507,O002643,M147,1
OI019508,O015221,M019,2
OI019509,O003460,M223,3
OI019510,O019817,M244,2
OI019511,O003066,M138,2
OI019512,O009230,M158,2
OI019513,O004995,M228,3
OI019514,O009646,M095,2
OI019515,O009290,M028,2
OI019516,O013282,M221,1
OI019517,O010075,M107,2
OI019518,O004063,M215,3
OI019519,O018368,M212,2
OI019520,O012516,M099,3
OI019521,O006908,M039,3
OI019522,O014943,M236,1
OI019523,O008443,M010,2
OI019524,O010168,M087,1
OI019525,O005514,M220,2
OI019526,O015416,M154,3
OI019527,O006846,M169,3
OI019528,O016038,M071,2
OI019529,O004133,M021,2
OI019530,O006788,M015,3
OI019531,O010712,M211,3
OI019532,O012257,M044,2
OI019533,O002262,M018,1
OI019534,O000440,M163,3
OI019535,O007973,M080,1
OI019536,O004763,M242,2
OI019537,O006080,M119,3
OI019538,O011958,M178,2
OI019539,O006884,M111,2
OI019540,O009795,M153,3
OI019541,O009911,M237,2
OI019542,O013864,M043,1
OI019543,O011913,M224,1
OI019544,O019331,M168,2
OI019545,O010469,M023,3
OI019546,O007902,M210,2
OI019547,O001247,M212,2
OI019548,O000266,M226,2
OI019549,O010289,M135,2
OI019550,O008658,M089,3
OI019551,O006857,M146,3
OI019552,O016385,M079,3
OI019553,O001108,M207,2
OI019554,O010204,M191,2
OI019555,O008146,M042,1
OI019556,O002469,M084,1
OI019557,O013563,M074,3
OI019558,O000841,M225,2
OI019559,O001045,M182,1
OI019560,O007454,M059,1
OI019561,O008221,M058,3
OI019562,O002384,M107,2
OI019563,O002789,M149,1
OI019564,O016065,M028,3
OI019565,O014282,M005,3
OI019566,O004679,M002,1
OI019567,O003127,M127,3
OI019568,O010629,M228,2
OI019569,O015591,M175,2
OI019570,O002063,M106,2
OI019571,O006691,M189,3
OI019572,O001577,M191,2
OI019573,O006526,M081,1
OI019574,O001774,M230,2
OI019575,O008605,M242,2
OI019576,O013563,M228,3
OI019577,O000187,M135,1
OI019578,O011651,M243,1
OI019579,O011037,M211,3
OI019580,O016636,M149,2
OI019581,O012380,M055,2
OI019582,O002664,M190,1
OI019583,O003036,M179,2
OI019584,O010506,M149,2
OI019585,O001089,M050,3
OI019586,O003265,M140,3
OI019587,O013546,M056,1
OI019588,O011711,M104,1
OI019589,O013816,M050,2
OI019590,O002645,M150,3
OI019591,O013501,M123,2
OI019592,O010675,M131,2
OI019593,O011533,M116,2
OI019594,O016732,M179,3
OI019595,O019159,M045,1
OI019596,O014750,M055,2
OI019597,O006904,M245,1
OI019598,O009468,M163,3
OI019599,O011491,M184,1
OI019600,O015430,M043,2
OI019601,O016267,M245,3
OI019602,O000339,M169,3
OI019603,O005249,M030,2
OI019604,O002193,M220,2
OI019605,O001810,M133,1
OI019606,O014209,M166,1
OI019607,O015545,M230,3
OI019608,O001700,M189,1
OI019609,O006087,M115,3
OI019610,O019331,M036,2
OI019611,O017021,M006,2
OI019612,O010017,M121,3
OI019613,O010252,M129,1
OI019614,O011764,M003,1
OI019615,O010731,M032,2
OI019616,O007492,M057,3
OI019617,O008588,M147,3
OI019618,O008537,M050,3
OI019619,O013161,M119,1
OI019620,O019056,M061,3
OI019621,O018862,M153,1
OI019622,O018300,M192,3
OI019623,O000077,M074,1
OI019624,O019845,M067,1
OI019625,O006044,M188,2
OI019626,O006583,M004,1
OI019627,O007282,M158,1
OI019628,O000338,M056,1
OI019629,O013331,M216,2
OI019630,O013372,M015,1
OI019631,O017570,M011,3
OI019632,O004128,M211,1
OI019633,O005781,M051,3
OI019634,O001558,M026,3
OI019635,O012545,M111,1
OI019636,O011855,M059,2
OI019637,O002710,M035,3
OI019638,O019599,M035,1
OI019639,O018849,M027,3
OI019640,O014912,M057,2
OI019641,O014165,M047,2
OI019642,O007637,M172,1
OI019643,O013849,M150,1
OI019644,O019109,M179,1
OI019645,O005277,M085,3
OI019646,O001872,M065,3
OI019647,O009357,M130,1
OI019648,O016416,M051,2
OI019649,O001182,M158,2
OI019650,O012617,M091,1
OI019651,O006271,M186,2
OI019652,O009791,M237,2
OI019653,O007407,M101,2
OI019654,O000007,M191,3
OI019655,O015841,M109,3
OI019656,O015435,M017,2
OI019657,O006576,M226,2
OI019658,O002107,M114,1
OI019659,O014362,M249,3
OI019660,O005631,M122,1
OI019661,O016666,M194,2
OI019662,O012810,M148,2
OI019663,O011451,M106,2
OI019664,O011536,M182,3
OI019665,O000078,M120,3
OI019666,O001486,M053,3
OI019667,O014100,M021,3
OI019668,O019122,M055,3
OI019669,O014302,M061,1
OI019670,O011480,M184,3
OI019671,O001982,M179,3
OI019672,O008200,M171,3
OI019673,O005027,M206,2
OI019674,O010681,M109,1
OI019675,O015681,M023,1
OI019676,O008087,M185,3
OI019677,O004066,M009,2
OI019678,O005945,M173,3
OI019679,O005133,M162,1
OI019680,O010456,M114,1
OI019681,O018347,M042,1
OI019682,O007508,M103,1
OI019683,O009020,M182,2
OI019684,O019007,M043,2
OI019685,O013353,M149,3
OI019686,O008640,M213,1
OI019687,O016293,M183,2
OI019688,O010058,M040,2
OI019689,O006264,M222,2
OI019690,O013495,M224,2
OI019691,O013679,M144,2
OI019692,O008184,M058,1
OI019693,O011771,M173,2
OI019694,O019259,M210,1
OI019695,O015285,M162,3
OI019696,O000351,M062,1
OI019697,O012175,M090,1
OI019698,O018259,M215,1
OI019699,O000163,M213,3
OI019700,O012048,M028,2
OI019701,O018282,M232,3
OI019702,O017337,M140,3
OI019703,O011738,M223,2
OI019704,O016478,M171,3
OI019705,O005297,M073,1
OI019706,O003940,M204,1
OI019707,O018771,M079,1
OI019708,O003203,M040,3
OI019709,O004862,M184,2
OI019710,O002931,M169,3
OI019711,O000734,M165,1
OI019712,O001599,M143,3
OI019713,O013536,M027,3
OI019714,O006896,M137,2
OI019715,O008701,M109,2
OI019716,O004510,M088,1
OI019717,O011877,M046,2
OI019718,O006042,M012,2
OI019719,O013691,M015,1
OI019720,O008949,M160,3
OI019721,O006797,M004,1
OI019722,O011407,M019,2
OI019723,O002407,M028,1
OI019724,O019966,M082,2
OI019725,O017467,M115,2
OI019726,O016831,M194,3
OI019727,O017536,M132,2
OI019728,O008811,M083,2
OI019729,O017477,M245,3
OI019730,O013056,M111,1
OI019731,O019585,M011,2
OI019732,O013375,M079,3
OI019733,O019382,M007,1
OI019734,O002295,M107,2
OI019735,O007740,M141,1
OI019736,O016340,M191,1
OI019737,O010094,M015,2
OI019738,O016329,M227,1
OI019739,O017905,M083,1
OI019740,O007187,M232,2
OI019741,O009363,M019,2
OI019742,O018617,M045,2
OI019743,O002877,M104,2
OI019744,O017945,M246,3
OI019745,O001354,M138,1
OI019746,O001178,M158,3
OI019747,O018467,M177,2
OI019748,O018657,M028,2
OI019749,O006213,M117,2
OI019750,O017726,M037,2
OI019751,O019874,M227,2
OI019752,O017539,M241,2
OI019753,O012539,M026,1
OI019754,O008582,M132,2
OI019755,O017882,M062,2
OI019756,O003412,M163,2
OI019757,O019488,M001,1
OI019758,O001423,M235,1
OI019759,O012613,M059,1
OI019760,O006009,M226,2
OI019761,O012765,M200,3
OI019762,O001269,M213,3
OI019763,O015112,M227,3
OI019764,O009540,M164,2
OI019765,O015829,M180,2
OI019766,O013502,M092,3
OI019767,O016023,M100,3
OI019768,O014825,M193,1
OI019769,O002499,M197,1
OI019770,O014159,M015,2
OI019771,O015792,M192,1
OI019772,O003364,M118,3
OI019773,O006649,M017,2
OI019774,O016392,M167,1
OI019775,O017713,M219,3
OI019776,O012863,M044,3
OI019777,O006638,M044,3
OI019778,O015893,M144,1
OI019779,O018329,M200,2
OI019780,O005569,M044,3
OI019781,O019871,M106,1
OI019782,O010023,M151,2
OI019783,O009748,M129,1
OI019784,O003720,M144,2
OI019785,O011444,M045,3
OI019786,O006509,M082,1
OI019787,O013574,M107,3
OI019788,O019644,M088,2
OI019789,O017213,M030,1
OI019790,O011784,M116,1
OI019791,O011422,M043,3
OI019792,O003797,M129,3
OI019793,O016980,M050,2
OI019794,O004688,M084,3
OI019795,O006382,M051,1
OI019796,O018917,M163,1
OI019797,O006787,M115,1
OI019798,O003377,M139,2
OI019799,O016708,M166,3
OI019800,O017589,M181,3
OI019801,O013127,M216,1
OI019802,O001010,M113,1
OI019803,O004784,M156,1
OI019804,O019059,M225,1
OI019805,O010042,M039,1
OI019806,O010737,M128,1
OI019807,O012217,M089,1
OI019808,O006419,M031,1
OI019809,O010002,M204,1
OI019810,O012190,M210,1
OI019811,O008692,M049,2
OI019812,O010306,M171,3
OI019813,O003097,M101,2
OI019814,O012250,M099,2
OI019815,O016803,M097,3
OI019816,O007084,M082,1
OI019817,O005083,M197,3
OI019818,O005758,M085,2
OI019819,O019069,M242,2
OI019820,O002959,M023,3
OI019821,O016597,M198,3
OI019822,O001188,M156,2
OI019823,O012709,M222,2
OI019824,O015300,M233,1
OI019825,O013926,M016,1
OI019826,O005346,M132,1
OI019827,O019819,M124,2
OI019828,O010556,M167,3
OI019829,O001750,M116,2
OI019830,O012705,M141,2
OI019831,O008528,M043,3
OI019832,O007783,M246,2
OI019833,O008647,M043,2
OI019834,O016220,M097,1
OI019835,O012505,M059,3
OI019836,O011723,M042,1
OI019837,O004816,M117,1
OI019838,O007103,M222,2
OI019839,O004627,M210,2
OI019840,O006815,M056,2
OI019841,O006909,M231,2
OI019842,O012698,M166,3
OI019843,O005748,M194,1
OI019844,O014694,M049,2
OI019845,O011669,M030,3
OI019846,O008939,M082,1
OI019847,O011643,M105,3
OI019848,O018631,M123,2
OI019849,O015007,M249,2
OI019850,O001831,M060,2
OI019851,O017564,M197,1
OI019852,O013922,M210,3
OI019853,O004216,M210,2
OI019854,O017449,M144,2
OI019855,O011273,M065,3
OI019856,O009317,M196,3
OI019857,O002955,M005,1
OI019858,O016473,M067,2
OI019859,O010935,M080,2
OI019860,O011705,M029,3
OI019861,O017171,M126,2
OI019862,O006922,M010,1
OI019863,O012621,M122,1
OI019864,O010784,M141,1
OI019865,O007011,M209,3
OI019866,O010557,M085,3
OI019867,O001448,M146,1
OI019868,O015862,M201,2
OI019869,O012909,M248,2
OI019870,O017536,M028,2
OI019871,O015670,M041,1
OI019872,O006307,M076,2
OI019873,O018031,M009,1
OI019874,O009353,M001,1
OI019875,O006952,M157,2
OI019876,O015128,M057,3
OI019877,O012316,M120,2
OI019878,O013653,M067,1
OI019879,O012064,M062,2
OI019880,O005887,M022,3
OI019881,O005037,M030,1
OI019882,O009250,M097,1
OI019883,O017289,M123,3
OI019884,O000696,M137,2
OI019885,O005519,M230,2
OI019886,O018444,M242,3
OI019887,O018024,M091,1
OI019888,O006262,M242,2
OI019889,O011317,M224,3
OI019890,O009810,M153,3
OI019891,O012735,M079,1
OI019892,O002468,M108,1
OI019893,O019712,M131,3
OI019894,O000824,M126,2
OI019895,O014539,M015,1
OI019896,O017034,M142,2
OI019897,O014808,M083,1
OI019898,O012580,M018,2
OI019899,O018438,M128,3
OI019900,O006235,M126,1
OI019901,O013762,M218,3
OI019902,O019685,M109,2
OI019903,O008269,M032,1
OI019904,O019686,M042,2
OI019905,O019421,M098,3
OI019906,O018941,M164,3
OI019907,O015989,M144,1
OI019908,O002966,M050,3
OI019909,O002619,M161,3
OI019910,O012624,M030,2
OI019911,O006369,M095,1
OI019912,O000062,M186,3
OI019913,O018537,M035,3
OI019914,O010793,M087,3
OI019915,O015250,M042,1
OI019916,O017286,M060,2
OI019917,O006034,M231,2
OI019918,O011099,M168,3
OI019919,O014093,M198,2
OI019920,O002341,M022,2
OI019921,O001192,M247,1
OI019922,O017325,M069,2
OI019923,O019300,M067,2
OI019924,O008732,M162,3
OI019925,O011814,M166,2
OI019926,O007187,M162,3
OI019927,O001656,M249,3
OI019928,O012673,M019,1
OI019929,O004669,M094,2
OI019930,O008021,M201,3
OI019931,O011592,M168,2
OI019932,O018678,M098,1
OI019933,O005411,M145,2
OI019934,O013996,M234,2
OI019935,O003911,M192,3
OI019936,O009327,M144,1
OI019937,O015880,M128,3
OI019938,O018562,M246,1
OI019939,O007658,M016,2
OI019940,O019907,M160,1
OI019941,O014134,M034,2
OI019942,O014554,M057,2
OI019943,O012325,M212,2
OI019944,O000004,M214,1
OI019945,O003357,M064,1
OI019946,O017520,M058,2
OI019947,O006098,M019,3
OI019948,O003469,M240,2
OI019949,O009966,M208,3
OI019950,O000626,M013,2
OI019951,O002277,M080,1
OI019952,O010035,M164,3
OI019953,O006808,M082,1
OI019954,O004264,M186,2
OI019955,O001737,M137,1
OI019956,O012212,M001,2
OI019957,O014127,M068,2
OI019958,O012975,M032,3
OI019959,O002582,M203,2
OI019960,O010555,M018,1
OI019961,O010554,M135,3
OI019962,O001441,M108,2
OI019963,O010740,M082,3
OI019964,O003694,M248,2
OI019965,O010981,M168,2
OI019966,O019924,M209,1
OI019967,O007048,M127,2
OI019968,O014124,M169,1
OI019969,O005449,M046,3
OI019970,O001727,M086,3
OI019971,O001197,M065,2
OI019972,O015581,M015,2
OI019973,O002448,M055,2
OI019974,O010009,M178,1
OI019975,O002733,M218,3
OI019976,O011102,M151,1
OI019977,O017637,M096,3
OI019978,O009418,M145,2
OI019979,O014604,M175,2
OI019980,O015292,M069,2
OI019981,O004336,M148,2
OI019982,O018091,M041,3
OI019983,O019972,M084,1
OI019984,O004555,M021,1
OI019985,O002433,M246,3
OI019986,O001076,M210,1
OI019987,O016810,M165,2
OI019988,O011387,M058,2
OI019989,O008215,M237,3
OI019990,O012577,M064,2
OI019991,O012459,M083,1
OI019992,O010321,M008,3
OI019993,O013596,M145,2
OI019994,O002184,M113,2
OI019995,O000171,M139,1
OI019996,O007515,M111,3
OI019997,O019940,M173,2
OI019998,O012430,M247,2
OI019999,O002626,M131,1
OI020000,O001696,M167,2
